url,source_name,publication_date,rating,n_vereditos,chaves_canonicas,rotulos,misto,rotulo_consolidado,excluido_do_banco_de_estimulos,motivo_da_exclusao
https://projetocomprova.com.br/publica%C3%A7%C3%B5es/eduardo-bolsonaro-posta-video-antigo-sobre-liberacao-da-cloroquina/,COMPROVA,2020-07-31,['Enganoso'],1,enganoso,verdadeiro fora de contexto ou exagerado,False,verdadeiro fora de contexto ou exagerado,False,
https://projetocomprova.com.br/publica%C3%A7%C3%B5es/medica-cita-estudos-nao-conclusivos-para-sugerir-conspiracao-contra-cloroquina/,COMPROVA,2020-07-30,['Enganoso'],1,enganoso,verdadeiro fora de contexto ou exagerado,False,verdadeiro fora de contexto ou exagerado,False,
https://projetocomprova.com.br/publica%C3%A7%C3%B5es/medica-usa-informacoes-falsas-em-video-para-falar-em-cura-da-covid-19/,COMPROVA,2020-07-29,['Falso'],1,falso,falso,False,falso,False,
https://projetocomprova.com.br/publica%C3%A7%C3%B5es/imagem-de-doria-tomando-vacina-e-de-marco-antes-do-uso-de-mascara-se-tornar-obrigatorio-em-sao-paulo/,COMPROVA,2020-07-27,['Enganoso'],1,enganoso,verdadeiro fora de contexto ou exagerado,False,verdadeiro fora de contexto ou exagerado,False,
https://projetocomprova.com.br/publica%C3%A7%C3%B5es/site-engana-ao-afirmar-que-baixa-mortalidade-por-covid-19-em-cuba-e-por-conta-da-hidroxicloroquina/,COMPROVA,2020-07-24,['Enganoso'],1,enganoso,verdadeiro fora de contexto ou exagerado,False,verdadeiro fora de contexto ou exagerado,False,
https://projetocomprova.com.br/publica%C3%A7%C3%B5es/vacinas-para-covid-19-que-chegaram-ao-brasil-sao-para-testes-e-nao-para-imunizacao-da-populacao/,COMPROVA,2020-07-24,['Enganoso'],1,enganoso,verdadeiro fora de contexto ou exagerado,False,verdadeiro fora de contexto ou exagerado,False,
https://projetocomprova.com.br/publica%C3%A7%C3%B5es/tuite-engana-ao-afirmar-que-vacinas-usam-celulas-de-fetos-abortados/,COMPROVA,2020-07-24,['Enganoso'],1,enganoso,verdadeiro fora de contexto ou exagerado,False,verdadeiro fora de contexto ou exagerado,False,
https://projetocomprova.com.br/publica%C3%A7%C3%B5es/publicacao-engana-ao-dizer-que-pandemia-esta-em-declinio-apos-zerar-excesso-de-mortes/,COMPROVA,2020-07-23,['Enganoso'],1,enganoso,verdadeiro fora de contexto ou exagerado,False,verdadeiro fora de contexto ou exagerado,False,
https://projetocomprova.com.br/publica%C3%A7%C3%B5es/estudo-da-henry-ford-health-system-e-insuficiente-para-provar-eficacia-da-cloroquina-contra-a-covid-19/,COMPROVA,2020-07-23,['Enganoso'],1,enganoso,verdadeiro fora de contexto ou exagerado,False,verdadeiro fora de contexto ou exagerado,False,
https://projetocomprova.com.br/publica%C3%A7%C3%B5es/tuite-compara-orcamento-do-stf-para-plano-de-saude-com-arrecadacao-do-patria-voluntaria-mas-omite-dados/,COMPROVA,2020-07-21,['Enganoso'],1,enganoso,verdadeiro fora de contexto ou exagerado,False,verdadeiro fora de contexto ou exagerado,False,
https://projetocomprova.com.br/publica%C3%A7%C3%B5es/mascaras-sao-eficientes-no-combate-ao-novo-coronavirus-ao-contrario-do-que-diz-influenciador/,COMPROVA,2020-07-18,['Falso'],1,falso,falso,False,falso,False,
https://projetocomprova.com.br/publica%C3%A7%C3%B5es/texto-engana-ao-dizer-que-cloroquina-cura-987-dos-pacientes-com-covid-19/,COMPROVA,2020-07-17,['Enganoso'],1,enganoso,verdadeiro fora de contexto ou exagerado,False,verdadeiro fora de contexto ou exagerado,False,
https://projetocomprova.com.br/publica%C3%A7%C3%B5es/receita-de-medicina-natural-nao-combate-a-covid-19/,COMPROVA,2020-07-14,['Falso'],1,falso,falso,False,falso,False,
https://projetocomprova.com.br/publica%C3%A7%C3%B5es/e-falso-que-a-africa-tenha-controlado-pandemia-com-ivermectina/,COMPROVA,2020-07-10,['Falso'],1,falso,falso,False,falso,False,
https://projetocomprova.com.br/publica%C3%A7%C3%B5es/automedicacao-e-uso-de-azitromicina-ivermectina-e-nitazoxanida-nao-sao-recomendados-para-tratamento-de-covid-19/,COMPROVA,2020-07-08,['Falso'],1,falso,falso,False,falso,False,
https://projetocomprova.com.br/publica%C3%A7%C3%B5es/site-engana-ao-afirmar-que-ha-consenso-medico-para-tratamento-de-covid-19/,COMPROVA,2020-07-08,['Enganoso'],1,enganoso,verdadeiro fora de contexto ou exagerado,False,verdadeiro fora de contexto ou exagerado,False,
https://projetocomprova.com.br/publica%C3%A7%C3%B5es/e-verdadeiro-que-bolsonaro-tenha-liberado-auxilio-de-r-160-milhoes-a-asilos-proposto-pelo-congresso/,COMPROVA,2020-07-06,['Comprovado'],1,comprovado,verdadeiro,False,verdadeiro,False,
https://projetocomprova.com.br/publica%C3%A7%C3%B5es/texto-que-lista-17-conselhos-para-a-pandemia-mistura-dados-corretos-e-informacoes-falsas-sobre-o-virus/,COMPROVA,2020-07-03,['Enganoso'],1,enganoso,verdadeiro fora de contexto ou exagerado,False,verdadeiro fora de contexto ou exagerado,False,
https://projetocomprova.com.br/publica%C3%A7%C3%B5es/medico-distorce-informacoes-sobre-a-covid-19-em-video/,COMPROVA,2020-07-02,['Enganoso'],1,enganoso,verdadeiro fora de contexto ou exagerado,False,verdadeiro fora de contexto ou exagerado,False,
https://projetocomprova.com.br/publica%C3%A7%C3%B5es/e-falso-que-prefeitura-de-sao-paulo-tenha-comprado-38-mil-caixoes-sem-licitacao/,COMPROVA,2020-07-01,['Falso'],1,falso,falso,False,falso,False,
https://projetocomprova.com.br/publica%C3%A7%C3%B5es/e-errado-comparar-letalidade-da-covid-19-com-reacoes-a-vacina/,COMPROVA,2020-10-30,['Enganoso'],1,enganoso,verdadeiro fora de contexto ou exagerado,False,verdadeiro fora de contexto ou exagerado,False,
https://projetocomprova.com.br/publica%C3%A7%C3%B5es/nao-e-verdade-que-vacina-contra-a-covid-19-cause-cancer-danos-geneticos-ou-homossexualismo/,COMPROVA,2020-10-29,['Falso'],1,falso,falso,False,falso,False,
https://projetocomprova.com.br/publica%C3%A7%C3%B5es/dilma-nao-disse-que-vacina-chinesa-vai-funcionar-porque-pandemia-comecou-na-china/,COMPROVA,2020-10-29,['Falso'],1,falso,falso,False,falso,False,
https://projetocomprova.com.br/publica%C3%A7%C3%B5es/e-enganoso-dizer-que-expor-a-populacao-ao-virus-e-melhor-para-acabar-com-pandemia-do-que-vacinacao/,COMPROVA,2020-10-28,['Enganoso'],1,enganoso,verdadeiro fora de contexto ou exagerado,False,verdadeiro fora de contexto ou exagerado,False,
https://projetocomprova.com.br/publica%C3%A7%C3%B5es/video-usa-acao-coletiva-infundada-para-dizer-que-pandemia-e-crime-contra-a-humanidade/,COMPROVA,2020-10-27,['Enganoso'],1,enganoso,verdadeiro fora de contexto ou exagerado,False,verdadeiro fora de contexto ou exagerado,False,
https://projetocomprova.com.br/publica%C3%A7%C3%B5es/graficos-usados-em-tuite-nao-comprovam-que-o-brasil-esta-proximo-de-alcancar-imunidade-de-rebanho/,COMPROVA,2020-10-26,['Enganoso'],1,enganoso,verdadeiro fora de contexto ou exagerado,False,verdadeiro fora de contexto ou exagerado,False,
https://projetocomprova.com.br/publica%C3%A7%C3%B5es/post-forca-comparacao-entre-vacinas-em-teste-e-a-cloroquina-que-nao-tem-eficiencia-comprovada-contra-a-covid-19/,COMPROVA,2020-10-23,['Falso'],1,falso,falso,False,falso,False,
https://projetocomprova.com.br/publica%C3%A7%C3%B5es/todas-as-vacinas-em-teste-no-brasil-passaram-por-fase-pre-clinica-ao-contrario-do-que-diz-medico/,COMPROVA,2020-10-21,['Falso'],1,falso,falso,False,falso,False,
https://projetocomprova.com.br/publica%C3%A7%C3%B5es/tuite-engana-ao-sugerir-que-vacina-contra-a-covid-19-e-desnecessaria/,COMPROVA,2020-10-21,['Enganoso'],1,enganoso,verdadeiro fora de contexto ou exagerado,False,verdadeiro fora de contexto ou exagerado,False,
https://projetocomprova.com.br/publica%C3%A7%C3%B5es/medico-tira-de-contexto-dados-de-estudo-para-sugerir-que-mascaras-sao-ineficientes/,COMPROVA,2020-10-19,['Enganoso'],1,enganoso,verdadeiro fora de contexto ou exagerado,False,verdadeiro fora de contexto ou exagerado,False,
https://projetocomprova.com.br/publica%C3%A7%C3%B5es/frase-de-enviado-da-oms-e-retirada-de-contexto-para-sugerir-que-entidade-condena-lockdown/,COMPROVA,2020-10-16,['Enganoso'],1,enganoso,verdadeiro fora de contexto ou exagerado,False,verdadeiro fora de contexto ou exagerado,False,
https://projetocomprova.com.br/publica%C3%A7%C3%B5es/deputado-usa-dados-imprecisos-para-colocar-em-duvida-a-eficiencia-de-medidas-de-distanciamento-social/,COMPROVA,2020-10-16,['Enganoso'],1,enganoso,verdadeiro fora de contexto ou exagerado,False,verdadeiro fora de contexto ou exagerado,False,
https://projetocomprova.com.br/publica%C3%A7%C3%B5es/bolsonaro-nao-e-o-primeiro-presidente-a-visitar-a-ilha-de-marajo-com-primeira-dama-e-ministros/,COMPROVA,2020-10-15,['Falso'],1,falso,falso,False,falso,False,
https://projetocomprova.com.br/publica%C3%A7%C3%B5es/tuite-engana-ao-questionar-compra-de-vacinas-pelo-governo-de-sp/,COMPROVA,2020-10-08,['Enganoso'],1,enganoso,verdadeiro fora de contexto ou exagerado,False,verdadeiro fora de contexto ou exagerado,False,
https://projetocomprova.com.br/publica%C3%A7%C3%B5es/post-distorce-informacoes-para-insinuar-que-china-nao-usara-a-propria-vacina/,COMPROVA,2020-10-07,['Enganoso'],1,enganoso,verdadeiro fora de contexto ou exagerado,False,verdadeiro fora de contexto ou exagerado,False,
https://projetocomprova.com.br/publica%C3%A7%C3%B5es/estudo-distorce-dados-para-dizer-que-paises-que-usaram-a-hidroxicloroquina-tiveram-75-menos-mortes-pela-covid-19/,COMPROVA,2020-10-01,['Falso'],1,falso,falso,False,falso,False,
https://projetocomprova.com.br/publica%C3%A7%C3%B5es/video-de-homem-implorando-por-banho-de-mar-foi-gravado-um-dia-depois-do-anuncio-de-reabertura-da-orla/,COMPROVA,2020-09-28,['Enganoso'],1,enganoso,verdadeiro fora de contexto ou exagerado,False,verdadeiro fora de contexto ou exagerado,False,
https://projetocomprova.com.br/publica%C3%A7%C3%B5es/texto-usa-erroneamente-dados-preliminares-para-ligar-queda-de-homicidios-a-aumento-de-armas-de-fogo/,COMPROVA,2020-09-28,['Enganoso'],1,enganoso,verdadeiro fora de contexto ou exagerado,False,verdadeiro fora de contexto ou exagerado,False,
https://projetocomprova.com.br/publica%C3%A7%C3%B5es/video-deturpa-informacoes-sobre-a-atuacao-do-governo-na-preservacao-da-amazonia/,COMPROVA,2020-09-25,['Enganoso'],1,enganoso,verdadeiro fora de contexto ou exagerado,False,verdadeiro fora de contexto ou exagerado,False,
https://projetocomprova.com.br/publica%C3%A7%C3%B5es/decisoes-do-stf-contra-bolsonaro-estao-dentro-das-atribuicoes-da-corte/,COMPROVA,2020-09-23,['Enganoso'],1,enganoso,verdadeiro fora de contexto ou exagerado,False,verdadeiro fora de contexto ou exagerado,False,
https://projetocomprova.com.br/publica%C3%A7%C3%B5es/nao-ha-evidencias-que-liguem-morte-de-menina-alema-ao-uso-de-mascaras/,COMPROVA,2020-09-22,['Enganoso'],1,enganoso,verdadeiro fora de contexto ou exagerado,False,verdadeiro fora de contexto ou exagerado,False,
https://projetocomprova.com.br/publica%C3%A7%C3%B5es/post-diz-que-governo-liberou-r-12-milhoes-para-tratamento-de-crianca-mas-omite-que-se-trata-de-ordem-judicial/,COMPROVA,2020-09-18,['Enganoso'],1,enganoso,verdadeiro fora de contexto ou exagerado,False,verdadeiro fora de contexto ou exagerado,False,
https://projetocomprova.com.br/publica%C3%A7%C3%B5es/e-falso-que-irmaos-morreram-apos-se-vacinarem-contra-a-covid-19/,COMPROVA,2020-09-17,['Falso'],1,falso,falso,False,falso,False,
https://projetocomprova.com.br/publica%C3%A7%C3%B5es/tuite-engana-ao-afirmar-que-sol-mata-o-coronavirus/,COMPROVA,2020-09-10,['Enganoso'],1,enganoso,verdadeiro fora de contexto ou exagerado,False,verdadeiro fora de contexto ou exagerado,False,
https://projetocomprova.com.br/publica%C3%A7%C3%B5es/post-confunde-ao-comparar-letalidade-da-covid-19-com-outras-doencas/,COMPROVA,2020-09-08,['Enganoso'],1,enganoso,verdadeiro fora de contexto ou exagerado,False,verdadeiro fora de contexto ou exagerado,False,
https://projetocomprova.com.br/publica%C3%A7%C3%B5es/projeto-de-lei-nao-preve-prisao-para-quem-se-recusar-a-tomar-vacina-contra-a-covid-19/,COMPROVA,2020-09-04,['Falso'],1,falso,falso,False,falso,False,
https://projetocomprova.com.br/publica%C3%A7%C3%B5es/video-dissemina-informacoes-falsas-para-afirmar-que-a-pandemia-e-um-plano-de-controle-populacional/,COMPROVA,2020-09-03,['Falso'],1,falso,falso,False,falso,False,
https://projetocomprova.com.br/publica%C3%A7%C3%B5es/lei-assinada-por-bolsonaro-em-fevereiro-preve-vacinacao-compulsoria-diferentemente-do-que-ele-afirmou/,COMPROVA,2020-09-03,['Enganoso'],1,enganoso,verdadeiro fora de contexto ou exagerado,False,verdadeiro fora de contexto ou exagerado,False,
https://projetocomprova.com.br/publica%C3%A7%C3%B5es/estudo-belga-nao-comprova-eficacia-do-tratamento-precoce-da-hidroxicloroquina-para-covid-19-diferentemente-do-que-afirma-deputado/,COMPROVA,2020-09-02,['Enganoso'],1,enganoso,verdadeiro fora de contexto ou exagerado,False,verdadeiro fora de contexto ou exagerado,False,
https://projetocomprova.com.br/publica%C3%A7%C3%B5es/artigo-nao-prova-impossibilidade-de-transmissao-da-covid-19-por-assintomaticos/,COMPROVA,2020-11-30,['Enganoso'],1,enganoso,verdadeiro fora de contexto ou exagerado,False,verdadeiro fora de contexto ou exagerado,False,
https://projetocomprova.com.br/publica%C3%A7%C3%B5es/tratamento-precoce-com-hidroxicloroquina-nao-evitou-mortes-em-porto-feliz/,COMPROVA,2020-11-27,['Falso'],1,falso,falso,False,falso,False,
https://projetocomprova.com.br/publica%C3%A7%C3%B5es/e-enganoso-que-laudo-do-iml-descarte-suicidio-de-voluntario-da-coronavac/,COMPROVA,2020-11-18,['Enganoso'],1,enganoso,verdadeiro fora de contexto ou exagerado,False,verdadeiro fora de contexto ou exagerado,False,
https://projetocomprova.com.br/publica%C3%A7%C3%B5es/coronavac-nao-matou-voluntario-nem-doria-anunciou-aplicacao-da-vacina-em-novembro/,COMPROVA,2020-11-16,['Falso'],1,falso,falso,False,falso,False,
https://projetocomprova.com.br/publica%C3%A7%C3%B5es/morte-de-voluntario-nao-esta-relacionada-a-alteracoes-neurologicas-causadas-por-vacina/,COMPROVA,2020-11-13,['Enganoso'],1,enganoso,verdadeiro fora de contexto ou exagerado,False,verdadeiro fora de contexto ou exagerado,False,
https://projetocomprova.com.br/publica%C3%A7%C3%B5es/e-enganosa-postagem-que-sugere-que-instituto-butantan-nao-informou-morte-de-voluntario-da-vacina-coronavac/,COMPROVA,2020-11-13,['Enganoso'],1,enganoso,verdadeiro fora de contexto ou exagerado,False,verdadeiro fora de contexto ou exagerado,False,
https://projetocomprova.com.br/publica%C3%A7%C3%B5es/ataque-hacker-ao-stj-nao-e-sinal-de-ameaca-a-seguranca-das-urnas/,COMPROVA,2020-11-13,['Enganoso'],1,enganoso,verdadeiro fora de contexto ou exagerado,False,verdadeiro fora de contexto ou exagerado,False,
https://projetocomprova.com.br/publica%C3%A7%C3%B5es/medico-morreu-de-covid-19-e-nao-por-efeitos-adversos-da-vacina-de-oxford/,COMPROVA,2020-11-11,['Falso'],1,falso,falso,False,falso,False,
https://projetocomprova.com.br/publica%C3%A7%C3%B5es/coronavac-nao-matou-voluntarios-e-vacinas-nao-causaram-danos-neurologicos-ou-de-dna/,COMPROVA,2020-11-09,['Falso'],1,falso,falso,False,falso,False,
https://projetocomprova.com.br/publica%C3%A7%C3%B5es/medicos-nao-provaram-que-uma-vacina-precisa-de-10-anos-de-pesquisa-para-ser-segura/,COMPROVA,2020-11-06,['Falso'],1,falso,falso,False,falso,False,
https://projetocomprova.com.br/publica%C3%A7%C3%B5es/nao-ha-tratamento-previo-para-covid-19-ao-contrario-do-que-sugere-medica-no-instagram/,COMPROVA,2020-11-06,['Falso'],1,falso,falso,False,falso,False,
https://projetocomprova.com.br/publica%C3%A7%C3%B5es/estudo-recomenda-o-uso-de-mascara-contra-a-covid-19-ao-contrario-do-que-sugere-deputada/,COMPROVA,2020-11-06,['Enganoso'],1,enganoso,verdadeiro fora de contexto ou exagerado,False,verdadeiro fora de contexto ou exagerado,False,
https://projetocomprova.com.br/publica%C3%A7%C3%B5es/informacoes-sobre-ivermectina-divulgadas-por-silas-malafaia-sao-enganosas/,COMPROVA,2020-12-28,['Enganoso'],1,enganoso,verdadeiro fora de contexto ou exagerado,False,verdadeiro fora de contexto ou exagerado,False,
https://projetocomprova.com.br/publica%C3%A7%C3%B5es/mensagem-tira-de-contexto-dados-sobre-sintomas-adversos-da-vacina-pfizer/,COMPROVA,2020-12-28,['Enganoso'],1,enganoso,verdadeiro fora de contexto ou exagerado,False,verdadeiro fora de contexto ou exagerado,False,
https://projetocomprova.com.br/publica%C3%A7%C3%B5es/e-falso-que-vacina-australiana-tenha-infectado-pessoas-com-hiv-voluntarios-tiveram-falso-positivo/,COMPROVA,2020-12-23,['Falso'],1,falso,falso,False,falso,False,
https://projetocomprova.com.br/publica%C3%A7%C3%B5es/video-de-medicos-estrangeiros-e-coletanea-de-informacoes-falsas-sobre-a-pandemia/,COMPROVA,2020-12-23,['Enganoso'],1,enganoso,verdadeiro fora de contexto ou exagerado,False,verdadeiro fora de contexto ou exagerado,False,
https://projetocomprova.com.br/publica%C3%A7%C3%B5es/video-do-pastor-silas-malafaia-engana-sobre-eficacia-da-ivermectina-contra-covid-19-na-africa/,COMPROVA,2020-12-22,['Enganoso'],1,enganoso,verdadeiro fora de contexto ou exagerado,False,verdadeiro fora de contexto ou exagerado,False,
https://projetocomprova.com.br/publica%C3%A7%C3%B5es/medico-e-empresarios-enganam-ao-desqualificar-medidas-protetivas-e-culpar-china-pela-pandemia/,COMPROVA,2020-12-22,['Enganoso'],1,enganoso,verdadeiro fora de contexto ou exagerado,False,verdadeiro fora de contexto ou exagerado,False,
https://projetocomprova.com.br/publica%C3%A7%C3%B5es/nao-ha-conhecimento-suficiente-sobre-imunidade-para-deixar-de-vacinar-quem-ja-teve-covid-19/,COMPROVA,2020-12-21,['Enganoso'],1,enganoso,verdadeiro fora de contexto ou exagerado,False,verdadeiro fora de contexto ou exagerado,False,
https://projetocomprova.com.br/publica%C3%A7%C3%B5es/e-falso-que-china-nao-usara-suas-proprias-vacinas/,COMPROVA,2020-12-18,['Falso'],1,falso,falso,False,falso,False,
https://projetocomprova.com.br/publica%C3%A7%C3%B5es/nao-ha-comprovacao-de-que-vacina-da-pfizer-tenha-causado-paralisia-de-bell-em-voluntarios/,COMPROVA,2020-12-17,['Enganoso'],1,enganoso,verdadeiro fora de contexto ou exagerado,False,verdadeiro fora de contexto ou exagerado,False,
https://projetocomprova.com.br/publica%C3%A7%C3%B5es/vacinas-para-covid-19-nao-sao-capazes-de-provocar-danos-geneticos/,COMPROVA,2020-12-16,['Falso'],1,falso,falso,False,falso,False,
https://projetocomprova.com.br/publica%C3%A7%C3%B5es/tuite-usa-afirmacoes-falsas-de-medico-canadense-para-negar-a-pandemia/,COMPROVA,2020-12-16,['Falso'],1,falso,falso,False,falso,False,
https://projetocomprova.com.br/publica%C3%A7%C3%B5es/e-impossivel-que-vacina-cause-alteracoes-geneticas-dizem-especialistas/,COMPROVA,2020-12-15,['Falso'],1,falso,falso,False,falso,False,
https://projetocomprova.com.br/publica%C3%A7%C3%B5es/vacina-que-teve-estudos-suspensos-no-peru-nao-e-a-mesma-testada-no-brasil/,COMPROVA,2020-12-14,['Enganoso'],1,enganoso,verdadeiro fora de contexto ou exagerado,False,verdadeiro fora de contexto ou exagerado,False,
https://projetocomprova.com.br/publica%C3%A7%C3%B5es/jornal-americano-nao-acusou-doria-de-receber-propina-da-sinovac/,COMPROVA,2020-12-14,['Falso'],1,falso,falso,False,falso,False,
https://projetocomprova.com.br/publica%C3%A7%C3%B5es/pacientes-com-lupus-nao-sao-imunes-ao-novo-coronavirus/,COMPROVA,2020-12-09,['Falso'],1,falso,falso,False,falso,False,
https://projetocomprova.com.br/publica%C3%A7%C3%B5es/mascara-nao-causa-acumulo-de-liquido-nos-pulmoes-nem-intoxicacao/,COMPROVA,2020-12-07,['Falso'],1,falso,falso,False,falso,False,
https://projetocomprova.com.br/publica%C3%A7%C3%B5es/virus-nao-foi-feito-na-franca-e-vacinas-nao-sao-uma-iniciativa-globalista-para-reduzir-a-populacao/,COMPROVA,2020-12-02,['Falso'],1,falso,falso,False,falso,False,
https://projetocomprova.com.br/publica%C3%A7%C3%B5es/e-falso-que-buzios-zerou-casos-de-covid-pos-carnaval-gracas-a-tratamento-precoce/,COMPROVA,2021-03-03,['Falso'],1,falso,falso,False,falso,False,
https://projetocomprova.com.br/publica%C3%A7%C3%B5es/e-enganoso-que-ponte-de-concreto-no-mt-seja-obra-do-governo-bolsonaro/,COMPROVA,2021-03-02,['Enganoso'],1,enganoso,verdadeiro fora de contexto ou exagerado,False,verdadeiro fora de contexto ou exagerado,False,
https://projetocomprova.com.br/publica%C3%A7%C3%B5es/chuvas-nao-impedem-desmatamento-na-amazonia-saiba-como-sao-feitas-as-medicoes-do-inpe/,COMPROVA,2019-07-30,['Falso'],1,falso,falso,False,falso,False,
https://projetocomprova.com.br/publica%C3%A7%C3%B5es/video-distorce-informacoes-sobre-o-uso-da-cloroquina-para-a-covid-19/,COMPROVA,2020-05-29,['Enganoso'],1,enganoso,verdadeiro fora de contexto ou exagerado,False,verdadeiro fora de contexto ou exagerado,False,
https://projetocomprova.com.br/publica%C3%A7%C3%B5es/boato-usa-frase-de-doria-para-levantar-duvidas-sobre-a-extensao-da-pandemia/,COMPROVA,2020-05-29,['Enganoso'],1,enganoso,verdadeiro fora de contexto ou exagerado,False,verdadeiro fora de contexto ou exagerado,False,
https://projetocomprova.com.br/publica%C3%A7%C3%B5es/video-plandemic-faz-afirmacoes-falsas-sobre-a-covid-19/,COMPROVA,2020-05-26,['Falso'],1,falso,falso,False,falso,False,
https://projetocomprova.com.br/publica%C3%A7%C3%B5es/video-engana-ao-atribuir-protesto-na-belgica-a-profissionais-de-saude-de-sao-paulo/,COMPROVA,2020-05-26,['Falso'],1,falso,falso,False,falso,False,
https://projetocomprova.com.br/publica%C3%A7%C3%B5es/medico-confunde-ao-indicar-cloroquina-e-criticar-isolamento-social-e-o-uso-de-respiradores/,COMPROVA,2020-05-22,['Enganoso'],1,enganoso,verdadeiro fora de contexto ou exagerado,False,verdadeiro fora de contexto ou exagerado,False,
https://projetocomprova.com.br/publica%C3%A7%C3%B5es/video-engana-ao-sugerir-tratamento-sem-internacao-e-sem-sofrimento-para-covid-19/,COMPROVA,2020-05-21,['Enganoso'],1,enganoso,verdadeiro fora de contexto ou exagerado,False,verdadeiro fora de contexto ou exagerado,False,
https://projetocomprova.com.br/publica%C3%A7%C3%B5es/policia-dos-eua-nao-ve-relacao-entre-morte-de-cientista-chines-e-pesquisa-sobre-mecanismo-de-infeccao-pelo-novo-coronavirus/,COMPROVA,2020-05-20,['Enganoso'],1,enganoso,verdadeiro fora de contexto ou exagerado,False,verdadeiro fora de contexto ou exagerado,False,
https://projetocomprova.com.br/publica%C3%A7%C3%B5es/texto-engana-ao-afirmar-que-autopsias-na-italia-teriam-indicado-que-problema-principal-nao-era-o-coronavirus/,COMPROVA,2020-05-20,['Enganoso'],1,enganoso,verdadeiro fora de contexto ou exagerado,False,verdadeiro fora de contexto ou exagerado,False,
https://projetocomprova.com.br/publica%C3%A7%C3%B5es/site-exagera-falas-de-medico-alemao-sobre-medidas-rigidas-contra-o-novo-coronavirus/,COMPROVA,2020-05-18,['Enganoso'],1,enganoso,verdadeiro fora de contexto ou exagerado,False,verdadeiro fora de contexto ou exagerado,False,
https://projetocomprova.com.br/publica%C3%A7%C3%B5es/infectologista-david-uip-apoia-politicas-de-distanciamento-social-do-governo-paulista/,COMPROVA,2020-05-15,['Falso'],1,falso,falso,False,falso,False,
https://projetocomprova.com.br/publica%C3%A7%C3%B5es/nem-todos-pacientes-de-covid-19-de-hospital-do-piaui-receberam-alta-apos-tratamento-com-cloroquina/,COMPROVA,2020-05-14,['Enganoso'],1,enganoso,verdadeiro fora de contexto ou exagerado,False,verdadeiro fora de contexto ou exagerado,False,
https://projetocomprova.com.br/publica%C3%A7%C3%B5es/sepultamentos-cresceram-47-no-cemiterio-vila-formosa-em-sao-paulo-entre-marco-e-abril/,COMPROVA,2020-05-14,['Falso'],1,falso,falso,False,falso,False,
https://projetocomprova.com.br/publica%C3%A7%C3%B5es/mascaras-nao-reduzem-imunidade-e-ajudam-no-combate-ao-novo-coronavirus/,COMPROVA,2020-05-13,['Falso'],1,falso,falso,False,falso,False,
https://projetocomprova.com.br/publica%C3%A7%C3%B5es/cloroquina-nao-e-alvo-de-conspiracao-a-favor-do-remdesivir/,COMPROVA,2020-05-13,['Enganoso'],1,enganoso,verdadeiro fora de contexto ou exagerado,False,verdadeiro fora de contexto ou exagerado,False,
https://projetocomprova.com.br/publica%C3%A7%C3%B5es/dois-tercos-dos-nova-iorquinos-infectados-estavam-em-casa-mas-dado-nao-comprova-falhas-no-distanciamento-social/,COMPROVA,2020-05-08,['Enganoso'],1,enganoso,verdadeiro fora de contexto ou exagerado,False,verdadeiro fora de contexto ou exagerado,False,
https://projetocomprova.com.br/publica%C3%A7%C3%B5es/descoberta-de-anticorpo-em-israel-ainda-nao-significa-cura-para-coronavirus/,COMPROVA,2020-05-08,['Falso'],1,falso,falso,False,falso,False,
https://projetocomprova.com.br/publica%C3%A7%C3%B5es/registro-de-numero-de-mortes-nao-diminuiu-no-amazonas-apos-visita-do-ministro-da-saude/,COMPROVA,2020-05-07,['Falso'],1,falso,falso,False,falso,False,
https://projetocomprova.com.br/publica%C3%A7%C3%B5es/ao-contrario-do-que-afirma-blog-oms-recomenda-isolamento-como-uma-das-medidas-de-combate-ao-novo-coronavirus/,COMPROVA,2020-05-06,['Enganoso'],1,enganoso,verdadeiro fora de contexto ou exagerado,False,verdadeiro fora de contexto ou exagerado,False,
https://projetocomprova.com.br/publica%C3%A7%C3%B5es/registros-de-obitos-em-cartorios-confirmam-dados-da-pandemia-no-brasil/,COMPROVA,2020-05-05,['Falso'],1,falso,falso,False,falso,False,
https://projetocomprova.com.br/publica%C3%A7%C3%B5es/audio-de-medico-e-verdadeiro-mas-opiniao-sobre-origem-do-coronavirus-nao-tem-respaldo-cientifico/,COMPROVA,2020-05-05,['Comprovado'],1,comprovado,verdadeiro,False,verdadeiro,False,
https://projetocomprova.com.br/publica%C3%A7%C3%B5es/foto-de-caixao-vazio-nao-e-atual-nem-foi-tirada-no-amazonas/,COMPROVA,2020-05-04,['Enganoso'],1,enganoso,verdadeiro fora de contexto ou exagerado,False,verdadeiro fora de contexto ou exagerado,False,
https://projetocomprova.com.br/publica%C3%A7%C3%B5es/video-usa-informacoes-falsas-para-dizer-que-lockdown-foi-inutil-e-pico-de-covid-19-ficou-para-tras/,COMPROVA,2020-05-01,['Enganoso'],1,enganoso,verdadeiro fora de contexto ou exagerado,False,verdadeiro fora de contexto ou exagerado,False,
https://projetocomprova.com.br/publica%C3%A7%C3%B5es/e-falso-que-sao-paulo-e-rio-de-janeiro-tenham-taxas-de-letalidade-10-vezes-maiores-que-minas-gerais/,COMPROVA,2020-05-01,['Falso'],1,falso,falso,False,falso,False,
https://projetocomprova.com.br/publica%C3%A7%C3%B5es/nao-e-verdade-que-mascaras-contaminadas-serao-distribuidas-para-a-populacao-de-sao-paulo/,COMPROVA,2020-05-01,['Falso'],1,falso,falso,False,falso,False,
https://projetocomprova.com.br/publica%C3%A7%C3%B5es/governador-da-bahia-nao-pediu-a-prefeitos-para-inventarem-casos-de-covid-19/,COMPROVA,2020-05-01,['Enganoso'],1,enganoso,verdadeiro fora de contexto ou exagerado,False,verdadeiro fora de contexto ou exagerado,False,
https://projetocomprova.com.br/publica%C3%A7%C3%B5es/video-manipulado-deturpa-entrevista-de-presidente-da-anvisa-para-sugerir-risco-sanitario-grave-na-vacinacao/,COMPROVA,2021-02-18,['Falso'],1,falso,falso,False,falso,False,
https://projetocomprova.com.br/publica%C3%A7%C3%B5es/e-enganoso-post-no-facebook-sobre-morte-de-medico-por-covid-19-apos-tomar-a-vacina/,COMPROVA,2021-02-17,['Enganoso'],1,enganoso,verdadeiro fora de contexto ou exagerado,False,verdadeiro fora de contexto ou exagerado,False,
https://projetocomprova.com.br/publica%C3%A7%C3%B5es/medidas-de-protecao-contra-a-covid-19-ainda-deverao-ser-mantidas-apos-o-recebimento-das-doses-da-vacina/,COMPROVA,2021-02-15,['Comprovado'],1,comprovado,verdadeiro,False,verdadeiro,False,
https://projetocomprova.com.br/publica%C3%A7%C3%B5es/e-enganoso-post-que-atribui-morte-de-idoso-a-coronavac/,COMPROVA,2021-02-12,['Enganoso'],1,enganoso,verdadeiro fora de contexto ou exagerado,False,verdadeiro fora de contexto ou exagerado,False,
https://projetocomprova.com.br/publica%C3%A7%C3%B5es/e-falso-que-eua-estejam-distribuindo-ivermectina-e-leite-condensado-a-vacinados/,COMPROVA,2021-02-09,['Falso'],1,falso,falso,False,falso,False,
https://projetocomprova.com.br/publica%C3%A7%C3%B5es/facebook-restaurou-post-sobre-hidroxicloroquina-mas-mantem-politica-de-remocao-de-desinformacao-sobre-a-covid-19/,COMPROVA,2021-02-09,['Enganoso'],1,enganoso,verdadeiro fora de contexto ou exagerado,False,verdadeiro fora de contexto ou exagerado,False,
https://projetocomprova.com.br/publica%C3%A7%C3%B5es/ao-contrario-do-que-afirma-deputado-doria-nao-recebeu-r19-bilhoes-da-uniao-para-o-combate-a-covid-19/,COMPROVA,2021-02-05,['Enganoso'],1,enganoso,verdadeiro fora de contexto ou exagerado,False,verdadeiro fora de contexto ou exagerado,False,
https://projetocomprova.com.br/publica%C3%A7%C3%B5es/postagem-usa-video-de-2018-para-afirmar-que-idosa-morreu-apos-tomar-vacina/,COMPROVA,2021-02-04,['Enganoso'],1,enganoso,verdadeiro fora de contexto ou exagerado,False,verdadeiro fora de contexto ou exagerado,False,
https://projetocomprova.com.br/publica%C3%A7%C3%B5es/jogador-de-beisebol-dos-eua-hank-aaron-morreu-de-causas-naturais-e-nao-por-conta-da-vacina/,COMPROVA,2021-02-03,['Falso'],1,falso,falso,False,falso,False,
https://projetocomprova.com.br/publica%C3%A7%C3%B5es/estudo-italiano-e-verdadeiro-mas-pesquisadores-nao-propoem-uso-da-hidroxicloroquina-como-potencial-tratamento-para-covid-19/,COMPROVA,2020-08-31,['Enganoso'],1,enganoso,verdadeiro fora de contexto ou exagerado,False,verdadeiro fora de contexto ou exagerado,False,
https://projetocomprova.com.br/publica%C3%A7%C3%B5es/e-falso-que-vacina-contra-covid-19-cause-danos-irreversiveis-ao-dna/,COMPROVA,2020-08-26,['Falso'],1,falso,falso,False,falso,False,
https://projetocomprova.com.br/publica%C3%A7%C3%B5es/cloroquina-foi-adotada-pela-china-mas-continua-sem-comprovacao-cientifica-fda-nao-a-recomenda/,COMPROVA,2020-08-25,['Enganoso'],1,enganoso,verdadeiro fora de contexto ou exagerado,False,verdadeiro fora de contexto ou exagerado,False,
https://projetocomprova.com.br/publica%C3%A7%C3%B5es/relacao-entre-vibracao-alta-e-covid-19-nao-tem-comprovacao-cientifica/,COMPROVA,2020-08-21,['Falso'],1,falso,falso,False,falso,False,
https://projetocomprova.com.br/publica%C3%A7%C3%B5es/assessor-de-bolsonaro-utiliza-informacao-desatualizada-para-insinuar-fraude-no-registro-de-obitos-causados-pela-covid-19/,COMPROVA,2020-08-20,['Enganoso'],1,enganoso,verdadeiro fora de contexto ou exagerado,False,verdadeiro fora de contexto ou exagerado,False,
https://projetocomprova.com.br/publica%C3%A7%C3%B5es/enfermeiro-distorce-dados-para-dizer-que-ivermectina-evita-mortes-pela-covid-19/,COMPROVA,2020-08-19,['Falso'],1,falso,falso,False,falso,False,
https://projetocomprova.com.br/publica%C3%A7%C3%B5es/estudo-da-usp-analisa-eficacia-da-colchicina-contra-a-covid-19-e-nao-da-hidroxicloroquina/,COMPROVA,2020-08-18,['Falso'],1,falso,falso,False,falso,False,
https://projetocomprova.com.br/publica%C3%A7%C3%B5es/post-de-deputado-apresenta-dados-enganosos-sobre-numero-de-mortes-por-outras-doencas-na-pandemia/,COMPROVA,2020-08-18,['Enganoso'],1,enganoso,verdadeiro fora de contexto ou exagerado,False,verdadeiro fora de contexto ou exagerado,False,
https://projetocomprova.com.br/publica%C3%A7%C3%B5es/estudo-da-lancet-nao-levou-estados-e-municipios-a-deixarem-de-receitar-cloroquina/,COMPROVA,2020-08-17,['Falso'],1,falso,falso,False,falso,False,
https://projetocomprova.com.br/publica%C3%A7%C3%B5es/posts-distorcem-dados-de-2019-e-2020-para-negar-as-mais-de-100-mil-mortes-por-covid-19/,COMPROVA,2020-08-14,['Enganoso'],1,enganoso,verdadeiro fora de contexto ou exagerado,False,verdadeiro fora de contexto ou exagerado,False,
https://projetocomprova.com.br/publica%C3%A7%C3%B5es/e-enganosa-postagem-que-questiona-etica-dos-testes-em-humanos-de-vacinas-para-covid-19/,COMPROVA,2020-08-14,['Enganoso'],1,enganoso,verdadeiro fora de contexto ou exagerado,False,verdadeiro fora de contexto ou exagerado,False,
https://projetocomprova.com.br/publica%C3%A7%C3%B5es/e-falso-que-cloroquina-teria-salvado-100-mil-vidas-no-brasil-como-diz-bolsonaro/,COMPROVA,2020-08-14,['Falso'],1,falso,falso,False,falso,False,
https://projetocomprova.com.br/publica%C3%A7%C3%B5es/senador-engana-ao-usar-falas-antigas-de-drauzio-varella-sobre-pandemia/,COMPROVA,2020-08-13,['Enganoso'],1,enganoso,verdadeiro fora de contexto ou exagerado,False,verdadeiro fora de contexto ou exagerado,False,
https://projetocomprova.com.br/publica%C3%A7%C3%B5es/e-falso-que-joao-doria-tomou-vacina-chinesa-contra-a-covid-19/,COMPROVA,2020-08-13,['Falso'],1,falso,falso,False,falso,False,
https://projetocomprova.com.br/publica%C3%A7%C3%B5es/texto-leva-a-conclusao-equivocada-ao-ignorar-ineficiencia-de-medidas-defendidas-por-bolsonaro-na-pandemia/,COMPROVA,2020-08-13,['Enganoso'],1,enganoso,verdadeiro fora de contexto ou exagerado,False,verdadeiro fora de contexto ou exagerado,False,
https://projetocomprova.com.br/publica%C3%A7%C3%B5es/postagem-com-capsula-vazia-nao-prova-conspiracao-de-prefeitos-contra-cloroquina/,COMPROVA,2020-08-12,['Falso'],1,falso,falso,False,falso,False,
https://projetocomprova.com.br/publica%C3%A7%C3%B5es/imagem-que-circula-nas-redes-sociais-nao-comprova-venda-de-cloroquina-em-trem-no-rio-de-janeiro/,COMPROVA,2020-08-07,['Falso'],1,falso,falso,False,falso,False,
https://projetocomprova.com.br/publica%C3%A7%C3%B5es/osmar-terra-usa-dados-de-um-unico-hospital-para-dizer-que-covid-19-esta-reduzindo-no-rs/,COMPROVA,2020-08-07,['Enganoso'],1,enganoso,verdadeiro fora de contexto ou exagerado,False,verdadeiro fora de contexto ou exagerado,False,
https://projetocomprova.com.br/publica%C3%A7%C3%B5es/evidencias-atestam-a-eficiencia-das-mascaras-no-controle-da-pandemia-ao-contrario-do-que-afirma-site/,COMPROVA,2020-08-07,['Falso'],1,falso,falso,False,falso,False,
https://projetocomprova.com.br/publica%C3%A7%C3%B5es/medico-usa-dados-enganosos-ao-sugerir-conspiracao-sobre-covid-19/,COMPROVA,2020-08-05,['Enganoso'],1,enganoso,verdadeiro fora de contexto ou exagerado,False,verdadeiro fora de contexto ou exagerado,False,
https://projetocomprova.com.br/publica%C3%A7%C3%B5es/e-falso-que-a-australia-tenha-controlado-a-covid-19-com-o-uso-de-ivermectina/,COMPROVA,2020-08-05,['Falso'],1,falso,falso,False,falso,False,
https://projetocomprova.com.br/publica%C3%A7%C3%B5es/ozonioterapia-nao-tem-eficacia-comprovada-contra-a-covid-19/,COMPROVA,2020-08-05,['Enganoso'],1,enganoso,verdadeiro fora de contexto ou exagerado,False,verdadeiro fora de contexto ou exagerado,False,
https://projetocomprova.com.br/publica%C3%A7%C3%B5es/brasileiros-preencheram-todas-as-vagas-antes-ocupadas-por-cubanos-no-mais-medicos-mas-a-desistencia-e-alta/,COMPROVA,2019-10-22,['Enganoso'],1,enganoso,verdadeiro fora de contexto ou exagerado,False,verdadeiro fora de contexto ou exagerado,False,
https://projetocomprova.com.br/publica%C3%A7%C3%B5es/navio-portugues-e-usado-em-postagens-como-se-fosse-petroleiro-da-venezuela-despejando-oleo-no-nordeste/,COMPROVA,2019-10-14,['Enganoso'],1,enganoso,verdadeiro fora de contexto ou exagerado,False,verdadeiro fora de contexto ou exagerado,False,
https://projetocomprova.com.br/publica%C3%A7%C3%B5es/dos-paises-com-mais-de-200-milhoes-de-habitantes-brasil-e-unico-com-sistema-universal-de-saude/,COMPROVA,2019-10-10,['Evidência comprovada'],1,evidencia comprovada,verdadeiro,False,verdadeiro,False,
https://projetocomprova.com.br/publica%C3%A7%C3%B5es/montagem-enganosa-atribui-a-bolsonaro-obras-na-br-163-feitas-no-governo-dilma/,COMPROVA,2019-08-13,['Falso'],1,falso,falso,False,falso,False,
https://projetocomprova.com.br/publica%C3%A7%C3%B5es/mudancas-no-codigo-de-transito-nao-estao-em-vigor-e-projeto-aguarda-aprovacao/,COMPROVA,2019-08-08,['Falso'],1,falso,falso,False,falso,False,
https://projetocomprova.com.br/publica%C3%A7%C3%B5es/e-falso-que-conselho-de-politicas-de-drogas-era-aparelhado-atas-comprovam-a-diversidade-de-opinioes/,COMPROVA,2019-08-06,['Falso'],1,falso,falso,False,falso,False,
https://projetocomprova.com.br/publica%C3%A7%C3%B5es/hidroxicloroquina-no-inicio-da-covid-19-nao-descarta-necessidade-de-uti/,COMPROVA,2020-06-29,['Enganoso'],1,enganoso,verdadeiro fora de contexto ou exagerado,False,verdadeiro fora de contexto ou exagerado,False,
https://projetocomprova.com.br/publica%C3%A7%C3%B5es/prefeito-de-sao-paulo-nao-proibiu-hidroxicloroquina-e-usou-azitromicina-no-tratamento-da-covid-19/,COMPROVA,2020-06-26,['Falso'],1,falso,falso,False,falso,False,
https://projetocomprova.com.br/publica%C3%A7%C3%B5es/e-falso-que-a-covid-19-seja-uma-trombose-causada-por-bacteria/,COMPROVA,2020-06-25,['Falso'],1,falso,falso,False,falso,False,
https://projetocomprova.com.br/publica%C3%A7%C3%B5es/e-falso-que-hospitais-recebem-r-18-mil-por-cada-obito-registrado-como-covid-19/,COMPROVA,2020-06-24,['Falso'],1,falso,falso,False,falso,False,
https://projetocomprova.com.br/publica%C3%A7%C3%B5es/uso-correto-de-mascaras-reduz-chances-de-contaminacao-pelo-coronavirus-e-nao-torna-o-sangue-acido/,COMPROVA,2020-06-24,['Enganoso'],1,enganoso,verdadeiro fora de contexto ou exagerado,False,verdadeiro fora de contexto ou exagerado,False,
https://projetocomprova.com.br/publica%C3%A7%C3%B5es/homem-no-ceara-foi-preso-por-crime-militar-e-nao-por-criticar-compra-de-ventiladores/,COMPROVA,2020-06-23,['Enganoso'],1,enganoso,verdadeiro fora de contexto ou exagerado,False,verdadeiro fora de contexto ou exagerado,False,
https://projetocomprova.com.br/publica%C3%A7%C3%B5es/e-falso-que-repasses-de-verbas-aos-estados-estejam-relacionados-ao-numero-de-mortos-e-infectados/,COMPROVA,2020-06-22,['Falso'],1,falso,falso,False,falso,False,
https://projetocomprova.com.br/publica%C3%A7%C3%B5es/uso-da-cloroquina-nao-explica-a-situacao-da-pandemia-no-senegal/,COMPROVA,2020-06-19,['Enganoso'],1,enganoso,verdadeiro fora de contexto ou exagerado,False,verdadeiro fora de contexto ou exagerado,False,
https://projetocomprova.com.br/publica%C3%A7%C3%B5es/video-engana-ao-afirmar-que-virus-da-covid-19-existe-desde-2003/,COMPROVA,2020-06-19,['Enganoso'],1,enganoso,verdadeiro fora de contexto ou exagerado,False,verdadeiro fora de contexto ou exagerado,False,
https://projetocomprova.com.br/publica%C3%A7%C3%B5es/tabela-com-risco-de-transmissao-de-covid-19-nao-foi-divulgada-por-governo-americano/,COMPROVA,2020-06-17,['Enganoso'],1,enganoso,verdadeiro fora de contexto ou exagerado,False,verdadeiro fora de contexto ou exagerado,False,
https://projetocomprova.com.br/publica%C3%A7%C3%B5es/parceria-para-vacina-contra-a-covid-19-nao-foi-firmada-por-doria-no-ano-passado/,COMPROVA,2020-06-17,['Falso'],1,falso,falso,False,falso,False,
https://projetocomprova.com.br/publica%C3%A7%C3%B5es/oms-nao-se-desculpou-por-reviravoltas-com-hidroxicloroquina/,COMPROVA,2020-06-12,['Enganoso'],1,enganoso,verdadeiro fora de contexto ou exagerado,False,verdadeiro fora de contexto ou exagerado,False,
https://projetocomprova.com.br/publica%C3%A7%C3%B5es/post-distorce-informacoes-sobre-eficacia-da-ivermectina/,COMPROVA,2020-06-12,['Enganoso'],1,enganoso,verdadeiro fora de contexto ou exagerado,False,verdadeiro fora de contexto ou exagerado,False,
https://projetocomprova.com.br/publica%C3%A7%C3%B5es/video-de-aglomeracao-em-genebra-e-real-mas-nao-prova-que-pandemia-e-farsa/,COMPROVA,2020-06-11,['Enganoso'],1,enganoso,verdadeiro fora de contexto ou exagerado,False,verdadeiro fora de contexto ou exagerado,False,
https://projetocomprova.com.br/publica%C3%A7%C3%B5es/e-verdade-que-crianca-com-suspeita-de-covid-19-foi-colocada-em-caixao-lacrado-e-mais-tarde-testou-negativo/,COMPROVA,2020-06-10,['Comprovado'],1,comprovado,verdadeiro,False,verdadeiro,False,
https://projetocomprova.com.br/publica%C3%A7%C3%B5es/imagem-mostra-boneco-de-plastico-em-protesto-e-nao-corpo-carregado-so-por-uma-mao/,COMPROVA,2020-06-09,['Enganoso'],1,enganoso,verdadeiro fora de contexto ou exagerado,False,verdadeiro fora de contexto ou exagerado,False,
https://projetocomprova.com.br/publica%C3%A7%C3%B5es/protocolo-de-uso-da-cloroquina-nao-aumentou-o-numero-de-pacientes-recuperados-de-covid-19-no-brasil/,COMPROVA,2020-06-08,['Enganoso'],1,enganoso,verdadeiro fora de contexto ou exagerado,False,verdadeiro fora de contexto ou exagerado,False,
https://projetocomprova.com.br/publica%C3%A7%C3%B5es/hospitais-nao-estao-provocando-a-morte-de-pacientes/,COMPROVA,2020-06-06,['Enganoso'],1,enganoso,verdadeiro fora de contexto ou exagerado,False,verdadeiro fora de contexto ou exagerado,False,
https://projetocomprova.com.br/publica%C3%A7%C3%B5es/publicacao-distorce-informacoes-sobre-protocolos-para-uso-de-medicamentos-contra-a-covid-19/,COMPROVA,2020-06-05,['Enganoso'],1,enganoso,verdadeiro fora de contexto ou exagerado,False,verdadeiro fora de contexto ou exagerado,False,
https://projetocomprova.com.br/publica%C3%A7%C3%B5es/nao-ha-prova-de-que-ivermectina-cure-covid-19-ao-contrario-do-que-diz-medica/,COMPROVA,2020-06-05,['Enganoso'],1,enganoso,verdadeiro fora de contexto ou exagerado,False,verdadeiro fora de contexto ou exagerado,False,
https://projetocomprova.com.br/publica%C3%A7%C3%B5es/fala-de-medicos-sobre-coronavirus-perder-forca-nao-tem-apoio-de-orgaos-de-saude/,COMPROVA,2020-06-04,['Enganoso'],1,enganoso,verdadeiro fora de contexto ou exagerado,False,verdadeiro fora de contexto ou exagerado,False,
https://projetocomprova.com.br/publica%C3%A7%C3%B5es/acao-da-pf-nao-reduziu-numero-de-mortes-no-ceara/,COMPROVA,2020-06-02,['Falso'],1,falso,falso,False,falso,False,
https://projetocomprova.com.br/publica%C3%A7%C3%B5es/e-falso-que-o-numero-de-casos-de-covid-19-seja-menor-que-o-oficial/,COMPROVA,2020-06-01,['Falso'],1,falso,falso,False,falso,False,
https://projetocomprova.com.br/publica%C3%A7%C3%B5es/video-do-diretor-da-oms-foi-tirado-de-contexto-para-validar-discurso-de-bolsonaro/,COMPROVA,2020-03-31,['Enganoso'],1,enganoso,verdadeiro fora de contexto ou exagerado,False,verdadeiro fora de contexto ou exagerado,False,
https://projetocomprova.com.br/publica%C3%A7%C3%B5es/reportagem-de-tv-italiana-sobre-virus-criado-em-laboratorio-chines-nao-tem-relacao-com-a-covid-19/,COMPROVA,2020-03-31,['Enganoso'],1,enganoso,verdadeiro fora de contexto ou exagerado,False,verdadeiro fora de contexto ou exagerado,False,
https://projetocomprova.com.br/publica%C3%A7%C3%B5es/limao-com-bicarbonato-nao-cura-covid-19-e-pode-fazer-mal-a-saude/,COMPROVA,2020-03-31,['Falso'],1,falso,falso,False,falso,False,
https://projetocomprova.com.br/publica%C3%A7%C3%B5es/e-falsa-a-corrente-que-fala-em-etapa-maxima-de-infeccao-pelo-novo-coronavirus-ate-3-de-abril/,COMPROVA,2020-03-30,['Falso'],1,falso,falso,False,falso,False,
https://projetocomprova.com.br/publica%C3%A7%C3%B5es/videos-de-osmar-terra-sao-compartilhados-como-se-fossem-do-ex-ministro-adib-jatene/,COMPROVA,2020-03-30,['Falso'],1,falso,falso,False,falso,False,
https://projetocomprova.com.br/publica%C3%A7%C3%B5es/formulario-que-pede-dados-para-receber-beneficio-emergencial-e-falso/,COMPROVA,2020-03-30,['Falso'],1,falso,falso,False,falso,False,
https://projetocomprova.com.br/publica%C3%A7%C3%B5es/e-falso-que-israel-controle-o-coronavirus-sem-distanciamento-social/,COMPROVA,2020-03-27,['Falso'],1,falso,falso,False,falso,False,
https://projetocomprova.com.br/publica%C3%A7%C3%B5es/e-falso-que-italia-tenha-registrado-232-mortes-de-criancas-pela-covid-19/,COMPROVA,2020-03-25,['Falso'],1,falso,falso,False,falso,False,
https://projetocomprova.com.br/publica%C3%A7%C3%B5es/imagem-de-reporter-com-traje-de-protecao-contra-o-coronavirus-e-tirada-de-contexto-para-atacar-a-midia/,COMPROVA,2020-03-25,['Enganoso'],1,enganoso,verdadeiro fora de contexto ou exagerado,False,verdadeiro fora de contexto ou exagerado,False,
https://projetocomprova.com.br/publica%C3%A7%C3%B5es/nobel-de-medicina-tasuku-honjo-nao-disse-que-o-coronavirus-e-artificial/,COMPROVA,2020-04-29,['Falso'],1,falso,falso,False,falso,False,
https://projetocomprova.com.br/publica%C3%A7%C3%B5es/video-que-alerta-sobre-a-importacao-de-mascaras-contaminadas-e-montagem/,COMPROVA,2020-04-27,['Falso'],1,falso,falso,False,falso,False,
https://projetocomprova.com.br/publica%C3%A7%C3%B5es/e-falso-que-enfermeira-tenha-sido-demitida-apos-filmar-leitos-vazios-em-hospital-na-bahia/,COMPROVA,2020-04-24,['Falso'],1,falso,falso,False,falso,False,
https://projetocomprova.com.br/publica%C3%A7%C3%B5es/sem-apresentar-evidencias-texto-sugere-que-governadores-e-prefeitos-usam-a-pandemia-para-driblar-a-lei/,COMPROVA,2020-04-24,['Enganoso'],1,enganoso,verdadeiro fora de contexto ou exagerado,False,verdadeiro fora de contexto ou exagerado,False,
https://projetocomprova.com.br/publica%C3%A7%C3%B5es/pesquisa-brasileira-nao-usou-doses-letais-para-matar-pacientes-e-atacar-cloroquina/,COMPROVA,2020-04-24,['Enganoso'],1,enganoso,verdadeiro fora de contexto ou exagerado,False,verdadeiro fora de contexto ou exagerado,False,
https://projetocomprova.com.br/publica%C3%A7%C3%B5es/ainda-nao-ha-cura-oficial-para-a-covid-19-tratamento-com-corticoides-nao-tem-estudo-publicado/,COMPROVA,2020-04-22,['Falso'],1,falso,falso,False,falso,False,
https://projetocomprova.com.br/publica%C3%A7%C3%B5es/video-e-usado-fora-de-contexto-para-relacionar-acao-da-pm-em-sao-paulo-a-pandemia-de-covid-19/,COMPROVA,2020-04-17,['Enganoso'],1,enganoso,verdadeiro fora de contexto ou exagerado,False,verdadeiro fora de contexto ou exagerado,False,
https://projetocomprova.com.br/publica%C3%A7%C3%B5es/liberacao-de-uso-da-cloroquina-pela-agencia-reguladora-de-alimentos-e-drogas-dos-eua-nao-e-para-todos-os-pacientes/,COMPROVA,2020-04-16,['Falso'],1,falso,falso,False,falso,False,
https://projetocomprova.com.br/publica%C3%A7%C3%B5es/e-falso-que-pesquisadores-de-harvard-concluiram-que-isolamento-pode-piorar-a-situacao/,COMPROVA,2020-04-15,['Falso'],1,falso,falso,False,falso,False,
https://projetocomprova.com.br/publica%C3%A7%C3%B5es/desembargador-e-advogados-nao-acionaram-forcas-armadas-contra-stf-e-governadores/,COMPROVA,2020-04-15,['Falso'],1,falso,falso,False,falso,False,
https://projetocomprova.com.br/publica%C3%A7%C3%B5es/acusacao-de-que-china-contaminou-mascaras-com-coronavirus-foi-inventada-por-autor-de-audio/,COMPROVA,2020-04-14,['Falso'],1,falso,falso,False,falso,False,
https://projetocomprova.com.br/publica%C3%A7%C3%B5es/hospital-nega-que-tenha-tratado-o-primo-antonio-carlos/,COMPROVA,2020-04-09,['Falso'],1,falso,falso,False,falso,False,
https://projetocomprova.com.br/publica%C3%A7%C3%B5es/e-falso-que-o-hospital-das-clinicas-de-sao-paulo-nao-tenha-pacientes-com-covid-19/,COMPROVA,2020-04-09,['Falso'],1,falso,falso,False,falso,False,
https://projetocomprova.com.br/publica%C3%A7%C3%B5es/video-de-grupo-bolsonarista-engana-ao-falar-em-mobilizacao-nacional-para-a-reabertura-do-comercio/,COMPROVA,2020-04-09,['Enganoso'],1,enganoso,verdadeiro fora de contexto ou exagerado,False,verdadeiro fora de contexto ou exagerado,False,
https://projetocomprova.com.br/publica%C3%A7%C3%B5es/nenhum-dos-homens-que-aparecem-em-videos-criticando-isolamento-e-analista-da-bolsa-nasdaq/,COMPROVA,2020-04-08,['Falso'],1,falso,falso,False,falso,False,
https://projetocomprova.com.br/publica%C3%A7%C3%B5es/orcamento-do-governo-para-hospitais-nao-foi-desviado-para-projetos-culturais/,COMPROVA,2020-04-07,['Falso'],1,falso,falso,False,falso,False,
https://projetocomprova.com.br/publica%C3%A7%C3%B5es/imagem-de-predio-da-fiesp-com-bandeira-da-china-e-usada-fora-de-contexto-para-relacionar-a-instituicao-ao-governo-chines/,COMPROVA,2020-04-07,['Enganoso'],1,enganoso,verdadeiro fora de contexto ou exagerado,False,verdadeiro fora de contexto ou exagerado,False,
https://projetocomprova.com.br/publica%C3%A7%C3%B5es/vacina-do-coronavirus-nao-tera-microchip-para-rastrear-a-populacao/,COMPROVA,2020-04-06,['Falso'],1,falso,falso,False,falso,False,
https://projetocomprova.com.br/publica%C3%A7%C3%B5es/estudo-do-medico-zelenko-com-hidroxicloroquina-nao-tem-comprovacao-cientifica/,COMPROVA,2020-04-06,['Enganoso'],1,enganoso,verdadeiro fora de contexto ou exagerado,False,verdadeiro fora de contexto ou exagerado,False,
https://projetocomprova.com.br/publica%C3%A7%C3%B5es/e-falsa-a-corrente-que-diz-que-xangai-e-pequim-nao-tiveram-casos-de-coronavirus/,COMPROVA,2020-04-03,['Falso'],1,falso,falso,False,falso,False,
https://projetocomprova.com.br/publica%C3%A7%C3%B5es/audio-de-suposto-medico-de-um-hospital-do-rio-de-janeiro-que-defende-o-fim-da-quarentena-tem-informacoes-falsas/,COMPROVA,2020-04-03,['Falso'],1,falso,falso,False,falso,False,
https://projetocomprova.com.br/publica%C3%A7%C3%B5es/ministerio-da-defesa-desmente-boato-de-que-exercito-tenha-construido-2-mil-leitos-em-48-horas/,COMPROVA,2020-04-02,['Falso'],1,falso,falso,False,falso,False,
https://projetocomprova.com.br/publica%C3%A7%C3%B5es/ao-contrario-do-que-afirma-deputado-estudo-de-vencedor-do-nobel-nao-prova-eficacia-da-ivermectina-contra-a-covid/,COMPROVA,2021-05-19,['Enganoso'],1,enganoso,verdadeiro fora de contexto ou exagerado,False,verdadeiro fora de contexto ou exagerado,False,
https://projetocomprova.com.br/publica%C3%A7%C3%B5es/deputado-usa-video-editado-e-fora-de-contexto-para-afirmar-que-governador-admite-uso-da-cloroquina-no-ceara/,COMPROVA,2021-05-17,['Enganoso'],1,enganoso,verdadeiro fora de contexto ou exagerado,False,verdadeiro fora de contexto ou exagerado,False,
https://projetocomprova.com.br/publica%C3%A7%C3%B5es/site-distorce-noticia-de-tv-australiana-para-alegar-que-china-testou-o-coronavirus-como-arma-biologica/,COMPROVA,2021-05-14,['Enganoso'],1,enganoso,verdadeiro fora de contexto ou exagerado,False,verdadeiro fora de contexto ou exagerado,False,
https://projetocomprova.com.br/publica%C3%A7%C3%B5es/post-distorce-entrevista-para-sugerir-que-medico-roberto-kalil-filho-apoia-uso-amplo-da-cloroquina/,COMPROVA,2021-05-12,['Enganoso'],1,enganoso,verdadeiro fora de contexto ou exagerado,False,verdadeiro fora de contexto ou exagerado,False,
https://projetocomprova.com.br/publica%C3%A7%C3%B5es/e-enganoso-que-coronavac-foi-proibida-nos-eua-e-na-europa/,COMPROVA,2021-05-12,['Enganoso'],1,enganoso,verdadeiro fora de contexto ou exagerado,False,verdadeiro fora de contexto ou exagerado,False,
https://projetocomprova.com.br/publica%C3%A7%C3%B5es/e-falso-tuite-afirmando-que-pazuello-viajou-para-os-eua-com-passaporte-diplomatico/,COMPROVA,2021-05-11,['Falso'],1,falso,falso,False,falso,False,
https://projetocomprova.com.br/publica%C3%A7%C3%B5es/postagem-que-associa-doria-e-lulinha-na-compra-da-coronavac-e-falsa/,COMPROVA,2021-05-07,['Falso'],1,falso,falso,False,falso,False,
https://projetocomprova.com.br/publica%C3%A7%C3%B5es/posicionamento-da-oms-e-retirado-de-contexto-para-apoiar-falas-de-bolsonaro-contra-o-isolamento-social/,COMPROVA,2021-05-03,['Enganoso'],1,enganoso,verdadeiro fora de contexto ou exagerado,False,verdadeiro fora de contexto ou exagerado,False,
https://projetocomprova.com.br/publica%C3%A7%C3%B5es/postagem-sugere-motivacao-politica-para-anvisa-recusar-vacina-sputnik-v-mas-especialistas-apontam-criterios-tecnicos/,COMPROVA,2021-05-03,['Enganoso'],1,enganoso,verdadeiro fora de contexto ou exagerado,False,verdadeiro fora de contexto ou exagerado,False,
https://projetocomprova.com.br/publica%C3%A7%C3%B5es/e-enganoso-post-de-carlos-bolsonaro-que-acusa-flavio-dino-de-defender-uso-da-cloroquina-contra-covid-19/,COMPROVA,2021-04-30,['Enganoso'],1,enganoso,verdadeiro fora de contexto ou exagerado,False,verdadeiro fora de contexto ou exagerado,False,
https://projetocomprova.com.br/publica%C3%A7%C3%B5es/protocolo-italiano-para-atendimento-domiciliar-contra-covid-19-nao-tem-relacao-com-tratamento-precoce/,COMPROVA,2021-04-28,['Enganoso'],1,enganoso,verdadeiro fora de contexto ou exagerado,False,verdadeiro fora de contexto ou exagerado,False,
https://projetocomprova.com.br/publica%C3%A7%C3%B5es/oms-nao-indica-ivermectina-para-tratamento-da-covid-19/,COMPROVA,2021-04-22,['Enganoso'],1,enganoso,verdadeiro fora de contexto ou exagerado,False,verdadeiro fora de contexto ou exagerado,False,
https://projetocomprova.com.br/publica%C3%A7%C3%B5es/e-falso-que-52-municipios-zeraram-o-numero-de-mortes-por-covid-19-ao-adotarem-o-chamado-tratamento-precoce/,COMPROVA,2021-04-22,['Falso'],1,falso,falso,False,falso,False,
https://projetocomprova.com.br/publica%C3%A7%C3%B5es/media-de-mortes-em-2020-nao-foi-menor-que-em-2019/,COMPROVA,2021-04-19,['Enganoso'],1,enganoso,verdadeiro fora de contexto ou exagerado,False,verdadeiro fora de contexto ou exagerado,False,
https://projetocomprova.com.br/publica%C3%A7%C3%B5es/repasse-de-r-89-bilhoes-do-governo-federal-ao-amazonas-nao-foi-exclusivo-para-combate-a-pandemia/,COMPROVA,2021-01-26,['Enganoso'],1,enganoso,verdadeiro fora de contexto ou exagerado,False,verdadeiro fora de contexto ou exagerado,False,
https://projetocomprova.com.br/publica%C3%A7%C3%B5es/recem-nomeados-medicos-foram-vacinados-no-primeiro-dia-de-imunizacao-em-manaus/,COMPROVA,2021-01-25,['Comprovado'],1,comprovado,verdadeiro,False,verdadeiro,False,
https://projetocomprova.com.br/publica%C3%A7%C3%B5es/e-enganoso-que-imunogenicidade-da-coronavac-ofereca-risco-anvisa-pediu-dados-complementares-e-nao-questionou-seguranca/,COMPROVA,2021-01-22,['Enganoso'],1,enganoso,verdadeiro fora de contexto ou exagerado,False,verdadeiro fora de contexto ou exagerado,False,
https://projetocomprova.com.br/publica%C3%A7%C3%B5es/e-falso-que-eficacia-da-coronavac-seja-apenas-038-superior-ao-placebo/,COMPROVA,2021-01-20,['Falso'],1,falso,falso,False,falso,False,
https://projetocomprova.com.br/publica%C3%A7%C3%B5es/revisao-de-estudo-publicado-no-site-do-ms-nao-garante-eficacia-da-hidroxicloroquina-no-tratamento-preventivo-contra-covid-19/,COMPROVA,2021-01-19,['Enganoso'],1,enganoso,verdadeiro fora de contexto ou exagerado,False,verdadeiro fora de contexto ou exagerado,False,
https://projetocomprova.com.br/publica%C3%A7%C3%B5es/e-falso-que-enfermeira-que-recebeu-a-primeira-dose-da-coronavac-ja-estivesse-imunizada/,COMPROVA,2021-01-19,['Falso'],1,falso,falso,False,falso,False,
https://projetocomprova.com.br/publica%C3%A7%C3%B5es/sao-enganosas-as-postagens-que-dizem-que-os-vacinados-pela-coronavac-estarao-protegidos-pela-metade/,COMPROVA,2021-01-18,['Enganoso'],1,enganoso,verdadeiro fora de contexto ou exagerado,False,verdadeiro fora de contexto ou exagerado,False,
https://projetocomprova.com.br/publica%C3%A7%C3%B5es/segunda-dose-da-coronavac-nao-esta-relacionada-a-taxa-de-eficacia-da-vacina/,COMPROVA,2021-01-18,['Enganoso'],1,enganoso,verdadeiro fora de contexto ou exagerado,False,verdadeiro fora de contexto ou exagerado,False,
https://projetocomprova.com.br/publica%C3%A7%C3%B5es/distribuicao-em-massa-de-ivermectina-nao-esta-ligada-aos-numeros-da-covid-19-na-africa/,COMPROVA,2021-01-15,['Enganoso'],1,enganoso,verdadeiro fora de contexto ou exagerado,False,verdadeiro fora de contexto ou exagerado,False,
https://projetocomprova.com.br/publica%C3%A7%C3%B5es/medico-descontextualiza-manual-da-pfizer-para-sugerir-alteracoes-geneticas-pela-vacina/,COMPROVA,2021-01-12,['Enganoso'],1,enganoso,verdadeiro fora de contexto ou exagerado,False,verdadeiro fora de contexto ou exagerado,False,
https://projetocomprova.com.br/publica%C3%A7%C3%B5es/estudo-sobre-plasma-equino-esta-em-fase-inicial-e-nao-prova-que-e-a-cura-para-covid-19/,COMPROVA,2021-01-11,['Enganoso'],1,enganoso,verdadeiro fora de contexto ou exagerado,False,verdadeiro fora de contexto ou exagerado,False,
https://projetocomprova.com.br/publica%C3%A7%C3%B5es/reportagem-da-globo-que-indica-nao-usar-mascaras-e-de-marco-de-2020-recomendacao-mudou/,COMPROVA,2021-01-11,['Enganoso'],1,enganoso,verdadeiro fora de contexto ou exagerado,False,verdadeiro fora de contexto ou exagerado,False,
https://projetocomprova.com.br/publica%C3%A7%C3%B5es/e-falso-que-bolsonaro-tem-cancer-e-nao-levou-facada/,COMPROVA,2019-09-10,['Falso'],1,falso,falso,False,falso,False,
https://politica.estadao.com.br/blogs/estadao-verifica/maratonas-ocorreram-presencialmente-na-china-e-em-outros-paises-neste-ano/,ESTADAO_VERIFICA,2021-04-30,['ENGANOSO'],1,enganoso,verdadeiro fora de contexto ou exagerado,False,verdadeiro fora de contexto ou exagerado,False,
https://politica.estadao.com.br/blogs/estadao-verifica/posts-usam-fotos-fora-de-contexto-para-alegar-que-doria-mentiu-sobre-reuniao-com-embaixador-chines/,ESTADAO_VERIFICA,2021-04-30,['FORA DE CONTEXTO'],1,fora de contexto,verdadeiro fora de contexto ou exagerado,False,verdadeiro fora de contexto ou exagerado,False,
https://politica.estadao.com.br/blogs/estadao-verifica/postagem-exagera-numero-de-inqueritos-contra-renan-calheiros-no-stf/,ESTADAO_VERIFICA,2021-04-29,['ENGANOSO'],1,enganoso,verdadeiro fora de contexto ou exagerado,False,verdadeiro fora de contexto ou exagerado,False,
https://politica.estadao.com.br/blogs/estadao-verifica/nao-stf-nao-autorizou-criacao-de-campos-de-concentracao-para-nao-vacinados/,ESTADAO_VERIFICA,2021-04-28,['FALSO'],1,falso,falso,False,falso,False,
https://politica.estadao.com.br/blogs/estadao-verifica/video-de-ala-vazia-em-hospital-da-paraiba-circula-sem-contexto-nas-redes-sociais/,ESTADAO_VERIFICA,2021-04-28,['FORA DE CONTEXTO'],1,fora de contexto,verdadeiro fora de contexto ou exagerado,False,verdadeiro fora de contexto ou exagerado,False,
https://politica.estadao.com.br/blogs/estadao-verifica/e-falso-que-coronavac-seja-ineficaz-e-precise-agora-de-terceira-dose/,ESTADAO_VERIFICA,2021-04-28,['FALSO'],1,falso,falso,False,falso,False,
https://politica.estadao.com.br/blogs/estadao-verifica/fila-de-pacientes-na-bahia-nao-zerou-por-causa-de-cpi-numero-estava-em-queda-desde-marco/,ESTADAO_VERIFICA,2021-04-27,['ENGANOSO'],1,enganoso,verdadeiro fora de contexto ou exagerado,False,verdadeiro fora de contexto ou exagerado,False,
https://politica.estadao.com.br/blogs/estadao-verifica/e-falso-que-ex-apresentador-tenha-vazado-diretrizes-da-globo-para-criticar-bolsonaro/,ESTADAO_VERIFICA,2021-04-26,['FALSO'],1,falso,falso,False,falso,False,
https://politica.estadao.com.br/blogs/estadao-verifica/nao-estudo-da-universidade-de-stanford-nao-concluiu-que-uso-de-mascaras-e-ineficaz-e-perigoso/,ESTADAO_VERIFICA,2021-04-26,['FALSO'],1,falso,falso,False,falso,False,
https://politica.estadao.com.br/blogs/estadao-verifica/requisicao-de-ambulancias-pelo-governo-da-bahia-esta-previsto-na-constituicao/,ESTADAO_VERIFICA,2021-04-26,['ENGANOSO'],1,enganoso,verdadeiro fora de contexto ou exagerado,False,verdadeiro fora de contexto ou exagerado,False,
https://politica.estadao.com.br/blogs/estadao-verifica/bolsonaro-compartilha-video-enganoso-com-erro-de-traducao-para-criticar-jornal/,ESTADAO_VERIFICA,2021-04-26,['ENGANOSO'],1,enganoso,verdadeiro fora de contexto ou exagerado,False,verdadeiro fora de contexto ou exagerado,False,
https://politica.estadao.com.br/blogs/estadao-verifica/e-falso-que-senadores-da-cpi-da-covid-acumulem-mais-de-24-mil-processos-na-justica/,ESTADAO_VERIFICA,2021-04-26,['FALSO'],1,falso,falso,False,falso,False,
https://politica.estadao.com.br/blogs/estadao-verifica/e-falso-que-52-municipios-tenham-zerado-mortes-por-covid-19-ao-adotarem-tratamento-precoce/,ESTADAO_VERIFICA,2021-04-22,['FALSO'],1,falso,falso,False,falso,False,
https://politica.estadao.com.br/blogs/estadao-verifica/audio-com-criticas-a-partidos-de-esquerda-e-falsamente-atribuido-a-padre-marcelo-rossi/,ESTADAO_VERIFICA,2021-04-21,['FALSO'],1,falso,falso,False,falso,False,
https://politica.estadao.com.br/blogs/estadao-verifica/e-falso-que-idosa-tenha-sido-enterrada-viva-em-cemiterio-de-sao-paulo/,ESTADAO_VERIFICA,2021-04-20,['FALSO'],1,falso,falso,False,falso,False,
https://politica.estadao.com.br/blogs/estadao-verifica/nao-media-de-mortes-em-2020-nao-foi-menor-que-em-2019/,ESTADAO_VERIFICA,2021-04-19,['ENGANOSO'],1,enganoso,verdadeiro fora de contexto ou exagerado,False,verdadeiro fora de contexto ou exagerado,False,
https://politica.estadao.com.br/blogs/estadao-verifica/e-falso-que-senado-da-italia-tenha-aprovado-tratamento-precoce-contra-a-covid-19/,ESTADAO_VERIFICA,2021-04-19,['FALSO'],1,falso,falso,False,falso,False,
https://politica.estadao.com.br/blogs/estadao-verifica/conta-fraudulenta-atribui-a-diretor-geral-da-pf-denuncia-de-conspiracao-contra-bolsonaro/,ESTADAO_VERIFICA,2021-04-19,['FALSO'],1,falso,falso,False,falso,False,
https://politica.estadao.com.br/blogs/estadao-verifica/videos-nao-relacionados-sao-editados-para-simular-repressao-chinesa-a-quem-recusar-vacina/,ESTADAO_VERIFICA,2021-04-16,['FORA DE CONTEXTO'],1,fora de contexto,verdadeiro fora de contexto ou exagerado,False,verdadeiro fora de contexto ou exagerado,False,
https://politica.estadao.com.br/blogs/estadao-verifica/medico-texano-espalha-informacoes-falsas-sobre-vacinas-mrna-em-video-viral/,ESTADAO_VERIFICA,2021-04-15,['FALSO'],1,falso,falso,False,falso,False,
https://politica.estadao.com.br/blogs/estadao-verifica/video-propaga-denuncias-sem-fundamento-de-fraude-em-registros-de-covid-de-belford-roxo-rj/,ESTADAO_VERIFICA,2021-04-15,['ENGANOSO'],1,enganoso,verdadeiro fora de contexto ou exagerado,False,verdadeiro fora de contexto ou exagerado,False,
https://politica.estadao.com.br/blogs/estadao-verifica/boato-sobre-pericia-em-celulares-de-adelio-bispo-volta-a-circular-apos-desdobramentos-do-caso-henry/,ESTADAO_VERIFICA,2021-04-15,['FALSO'],1,falso,falso,False,falso,False,
https://politica.estadao.com.br/blogs/estadao-verifica/prefeitura-de-sorocaba-divulga-estudo-sem-criterios-cientificos-para-defender-tratamento-precoce/,ESTADAO_VERIFICA,2021-04-14,['ENGANOSO'],1,enganoso,verdadeiro fora de contexto ou exagerado,False,verdadeiro fora de contexto ou exagerado,False,
https://politica.estadao.com.br/blogs/estadao-verifica/e-falso-que-tv-tenha-simulado-enterro-para-causar-panico-no-espirito-santo/,ESTADAO_VERIFICA,2021-04-13,['FORA DE CONTEXTO'],1,fora de contexto,verdadeiro fora de contexto ou exagerado,False,verdadeiro fora de contexto ou exagerado,False,
https://politica.estadao.com.br/blogs/estadao-verifica/video-de-confusao-na-praia-de-ipanema-e-de-2012-e-nao-tem-nenhuma-relacao-com-covid-19/,ESTADAO_VERIFICA,2021-04-08,['FORA DE CONTEXTO'],1,fora de contexto,verdadeiro fora de contexto ou exagerado,False,verdadeiro fora de contexto ou exagerado,False,
https://politica.estadao.com.br/blogs/estadao-verifica/posts-distorcem-lei-que-tipifica-crime-de-stalking-para-incentivar-desrespeito-a-regras-de-isolamento/,ESTADAO_VERIFICA,2021-04-07,['FALSO'],1,falso,falso,False,falso,False,
https://politica.estadao.com.br/blogs/estadao-verifica/video-de-pessoa-morta-no-maranhao-circula-fora-de-contexto-para-espalhar-teoria-da-conspiracao/,ESTADAO_VERIFICA,2021-04-07,['FALSO'],1,falso,falso,False,falso,False,
https://politica.estadao.com.br/blogs/estadao-verifica/e-enganoso-afirmar-que-cidade-no-rn-zerou-obitos-e-internacoes-por-covid-19-com-tratamento-precoce/,ESTADAO_VERIFICA,2021-04-05,['ENGANOSO'],1,enganoso,verdadeiro fora de contexto ou exagerado,False,verdadeiro fora de contexto ou exagerado,False,
https://politica.estadao.com.br/blogs/estadao-verifica/nao-nike-nao-tem-relacao-com-producao-de-tenis-de-satanas/,ESTADAO_VERIFICA,2021-04-05,['FALSO'],1,falso,falso,False,falso,False,
https://politica.estadao.com.br/blogs/estadao-verifica/deputado-usa-video-editado-e-fora-de-contexto-para-afirmar-que-governador-admite-uso-da-cloroquina-no-ceara/,ESTADAO_VERIFICA,2021-05-17,['ENGANOSO'],1,enganoso,verdadeiro fora de contexto ou exagerado,False,verdadeiro fora de contexto ou exagerado,False,
https://politica.estadao.com.br/blogs/estadao-verifica/site-distorce-noticia-de-tv-australiana-para-alegar-que-china-testou-o-coronavirus-como-arma-biologica/,ESTADAO_VERIFICA,2021-05-14,['ENGANOSO'],1,enganoso,verdadeiro fora de contexto ou exagerado,False,verdadeiro fora de contexto ou exagerado,False,
https://politica.estadao.com.br/blogs/estadao-verifica/post-distorce-entrevista-para-sugerir-que-medico-roberto-kalil-filho-apoia-uso-amplo-da-cloroquina/,ESTADAO_VERIFICA,2021-05-13,['FORA DE CONTEXTO'],1,fora de contexto,verdadeiro fora de contexto ou exagerado,False,verdadeiro fora de contexto ou exagerado,False,
https://politica.estadao.com.br/blogs/estadao-verifica/video-viral-espalha-informacoes-fora-de-contexto-sobre-compras-de-estados-e-municipios-na-pandemia/,ESTADAO_VERIFICA,2021-05-12,['FORA DE CONTEXTO'],1,fora de contexto,verdadeiro fora de contexto ou exagerado,False,verdadeiro fora de contexto ou exagerado,False,
https://politica.estadao.com.br/blogs/estadao-verifica/coronavac-nao-foi-proibida-nos-eua-e-na-europa-agencias-reguladoras-nao-divulgaram-analise-da-vacina/,ESTADAO_VERIFICA,2021-05-12,['ENGANOSO'],1,enganoso,verdadeiro fora de contexto ou exagerado,False,verdadeiro fora de contexto ou exagerado,False,
https://politica.estadao.com.br/blogs/estadao-verifica/e-falso-tuite-afirmando-que-pazuello-viajou-para-os-eua-com-passaporte-diplomatico/,ESTADAO_VERIFICA,2021-05-11,['FALSO'],1,falso,falso,False,falso,False,
https://politica.estadao.com.br/blogs/estadao-verifica/e-falso-que-pesquisa-tenha-descoberto-que-vacina-da-pfizer-pode-causar-alzheimer-e-outras-doencas-degenerativas/,ESTADAO_VERIFICA,2021-05-11,['FALSO'],1,falso,falso,False,falso,False,
https://politica.estadao.com.br/blogs/estadao-verifica/video-mostra-mulher-que-se-recusou-a-despachar-bagagem-nao-prisao-de-esposa-de-omar-aziz/,ESTADAO_VERIFICA,2021-05-11,['FALSO'],1,falso,falso,False,falso,False,
https://politica.estadao.com.br/blogs/estadao-verifica/e-falso-que-ivermectina-tenha-eficacia-maior-contra-covid-19-do-que-contra-sarna/,ESTADAO_VERIFICA,2021-05-10,['ENGANOSO'],1,enganoso,verdadeiro fora de contexto ou exagerado,False,verdadeiro fora de contexto ou exagerado,False,
https://politica.estadao.com.br/blogs/estadao-verifica/e-falso-que-antiviral-em-estudo-pela-pfizer-atue-da-mesma-forma-que-a-hidroxicloroquina/,ESTADAO_VERIFICA,2021-05-10,['FALSO'],1,falso,falso,False,falso,False,
https://politica.estadao.com.br/blogs/estadao-verifica/ano-de-2020-teve-salto-no-numero-de-mortes-e-nao-evolucao-natural-em-relacao-a-periodos-anteriores/,ESTADAO_VERIFICA,2021-05-10,['ENGANOSO'],1,enganoso,verdadeiro fora de contexto ou exagerado,False,verdadeiro fora de contexto ou exagerado,False,
https://politica.estadao.com.br/blogs/estadao-verifica/texto-de-vencedor-do-nobel-nao-comprova-eficacia-da-ivermectina-contra-covid-19/,ESTADAO_VERIFICA,2021-05-07,['ENGANOSO'],1,enganoso,verdadeiro fora de contexto ou exagerado,False,verdadeiro fora de contexto ou exagerado,False,
https://politica.estadao.com.br/blogs/estadao-verifica/posicionamento-da-oms-e-retirado-de-contexto-para-apoiar-falas-de-bolsonaro-contra-o-isolamento-social/,ESTADAO_VERIFICA,2021-05-03,['ENGANOSO'],1,enganoso,verdadeiro fora de contexto ou exagerado,False,verdadeiro fora de contexto ou exagerado,False,
https://politica.estadao.com.br/blogs/estadao-verifica/nao-new-york-times-nao-publicou-capa-com-elogios-a-atos-pro-bolsonaro/,ESTADAO_VERIFICA,2021-05-03,['FALSO'],1,falso,falso,False,falso,False,
https://politica.estadao.com.br/blogs/estadao-verifica/video-de-doacao-de-alimentos-pelo-mst-no-parana-circula-sem-contexto-nas-redes/,ESTADAO_VERIFICA,2021-05-03,['FORA DE CONTEXTO'],1,fora de contexto,verdadeiro fora de contexto ou exagerado,False,verdadeiro fora de contexto ou exagerado,False,
https://politica.estadao.com.br/blogs/estadao-verifica/para-inflar-manifestacoes-pro-bolsonaro-posts-tiram-de-contexto-reportagem-sobre-protesto-de-2015/,ESTADAO_VERIFICA,2021-05-03,['FORA DE CONTEXTO'],1,fora de contexto,verdadeiro fora de contexto ou exagerado,False,verdadeiro fora de contexto ou exagerado,False,
https://politica.estadao.com.br/blogs/estadao-verifica/e-falso-que-dilma-tenha-sugerido-rodizio-para-volta-as-aulas-durante-pandemia/,ESTADAO_VERIFICA,2020-08-31,['FALSO'],1,falso,falso,False,falso,False,
https://politica.estadao.com.br/blogs/estadao-verifica/mulheres-sao-propensas-a-sintomas-atipicos-de-enfarte-mas-sinais-mais-comuns-sao-iguais-aos-de-homens/,ESTADAO_VERIFICA,2020-08-28,['ENGANOSO'],1,enganoso,verdadeiro fora de contexto ou exagerado,False,verdadeiro fora de contexto ou exagerado,False,
https://politica.estadao.com.br/blogs/estadao-verifica/e-falso-que-molhar-a-cabeca-primeiro-no-banho-aumente-o-risco-de-ataque-cardiaco/,ESTADAO_VERIFICA,2020-08-27,['FALSO'],1,falso,falso,False,falso,False,
https://politica.estadao.com.br/blogs/estadao-verifica/imagem-de-flavio-dino-sem-mascara-em-velorio-e-de-2018/,ESTADAO_VERIFICA,2020-08-27,['FORA DE CONTEXTO'],1,fora de contexto,verdadeiro fora de contexto ou exagerado,False,verdadeiro fora de contexto ou exagerado,False,
https://politica.estadao.com.br/blogs/estadao-verifica/foto-usada-para-atacar-senadores-por-rejeicao-a-veto-de-bolsonaro-e-retirada-de-contexto/,ESTADAO_VERIFICA,2020-08-27,['FORA DE CONTEXTO'],1,fora de contexto,verdadeiro fora de contexto ou exagerado,False,verdadeiro fora de contexto ou exagerado,False,
https://politica.estadao.com.br/blogs/estadao-verifica/post-inventa-desabafo-de-tiririca-sobre-beneficios-de-deputados-federais/,ESTADAO_VERIFICA,2020-08-26,['FALSO'],1,falso,falso,False,falso,False,
https://politica.estadao.com.br/blogs/estadao-verifica/foto-de-bebe-e-adulterada-para-incluir-marcas-semelhantes-as-de-imagens-de-jesus-cristo/,ESTADAO_VERIFICA,2020-08-26,['FALSO'],1,falso,falso,False,falso,False,
https://politica.estadao.com.br/blogs/estadao-verifica/postagens-inventam-descoberta-de-conta-com-r-600-bilhoes-no-banco-central/,ESTADAO_VERIFICA,2020-08-25,['FALSO'],1,falso,falso,False,falso,False,
https://politica.estadao.com.br/blogs/estadao-verifica/e-falso-que-major-olimpio-tenha-votado-a-favor-de-aumento-salarial-dos-senadores/,ESTADAO_VERIFICA,2020-08-24,['FALSO'],1,falso,falso,False,falso,False,
https://politica.estadao.com.br/blogs/estadao-verifica/eduardo-bolsonaro-exagera-numero-de-brasileiros-contrarios-ao-aborto/,ESTADAO_VERIFICA,2020-08-21,['FALSO'],1,falso,falso,False,falso,False,
https://politica.estadao.com.br/blogs/estadao-verifica/postagens-sobre-incendio-no-aeroporto-de-dubai-usam-imagens-antigas/,ESTADAO_VERIFICA,2020-08-21,['FALSO'],1,falso,falso,False,falso,False,
https://politica.estadao.com.br/blogs/estadao-verifica/post-engana-ao-afirmar-que-escorpiao-amarelo-filhote-e-mais-venenoso-que-adulto/,ESTADAO_VERIFICA,2020-08-20,['ENGANOSO'],1,enganoso,verdadeiro fora de contexto ou exagerado,False,verdadeiro fora de contexto ou exagerado,False,
https://politica.estadao.com.br/blogs/estadao-verifica/post-tira-de-contexto-video-de-alimentos-enterrados-em-escola-do-rn/,ESTADAO_VERIFICA,2020-08-20,['FORA DE CONTEXTO'],1,fora de contexto,verdadeiro fora de contexto ou exagerado,False,verdadeiro fora de contexto ou exagerado,False,
https://politica.estadao.com.br/blogs/estadao-verifica/e-falso-que-estudo-de-2005-tenha-comprovado-cura-da-infeccao-por-coronavirus-com-cloroquina/,ESTADAO_VERIFICA,2020-08-19,['ENGANOSO'],1,enganoso,verdadeiro fora de contexto ou exagerado,False,verdadeiro fora de contexto ou exagerado,False,
https://politica.estadao.com.br/blogs/estadao-verifica/posts-tiram-de-contexto-fala-de-jornalista-da-globonews-sobre-melhora-na-aprovacao-de-bolsonaro/,ESTADAO_VERIFICA,2020-08-19,['FALSO'],1,falso,falso,False,falso,False,
https://politica.estadao.com.br/blogs/estadao-verifica/postagem-falsa-liga-jogador-etoo-a-pagamento-de-fianca-de-ronaldinho-gaucho/,ESTADAO_VERIFICA,2020-08-17,['FALSO'],1,falso,falso,False,falso,False,
https://politica.estadao.com.br/blogs/estadao-verifica/boato-usa-foto-antiga-e-sugere-ida-de-joao-doria-a-tratamento-para-covid-19/,ESTADAO_VERIFICA,2020-08-17,['FORA DE CONTEXTO'],1,fora de contexto,verdadeiro fora de contexto ou exagerado,False,verdadeiro fora de contexto ou exagerado,False,
https://politica.estadao.com.br/blogs/estadao-verifica/julho-de-2020-tem-mais-obitos-do-que-o-mesmo-mes-de-2019-ao-contrario-do-que-diz-boato/,ESTADAO_VERIFICA,2020-08-13,['FALSO'],1,falso,falso,False,falso,False,
https://politica.estadao.com.br/blogs/estadao-verifica/boato-distorce-dados-de-cartorios-para-desacreditar-contagem-de-mortes-por-covid-19/,ESTADAO_VERIFICA,2020-08-13,['ENGANOSO'],1,enganoso,verdadeiro fora de contexto ou exagerado,False,verdadeiro fora de contexto ou exagerado,False,
https://politica.estadao.com.br/blogs/estadao-verifica/boato-distorce-participacao-de-filhos-de-cientista-de-oxford-em-testes-da-vacina-contra-a-covid-19/,ESTADAO_VERIFICA,2020-08-12,['ENGANOSO'],1,enganoso,verdadeiro fora de contexto ou exagerado,False,verdadeiro fora de contexto ou exagerado,False,
https://politica.estadao.com.br/blogs/estadao-verifica/ilustracao-de-1962-imagina-carro-futurista-e-nao-vida-em-2022/,ESTADAO_VERIFICA,2020-08-11,['FORA DE CONTEXTO'],1,fora de contexto,verdadeiro fora de contexto ou exagerado,False,verdadeiro fora de contexto ou exagerado,False,
https://politica.estadao.com.br/blogs/estadao-verifica/post-cita-fonte-inexistente-para-inventar-queda-de-78-em-vendas-de-produtos-chineses-no-brasil/,ESTADAO_VERIFICA,2020-08-10,['FALSO'],1,falso,falso,False,falso,False,
https://politica.estadao.com.br/blogs/estadao-verifica/perfil-bolsonarista-assina-postagens-como-ziraldo-e-confunde-internautas/,ESTADAO_VERIFICA,2020-08-07,['ENGANOSO'],1,enganoso,verdadeiro fora de contexto ou exagerado,False,verdadeiro fora de contexto ou exagerado,False,
https://politica.estadao.com.br/blogs/estadao-verifica/e-falso-que-governo-federal-tenha-demitido-396-mil-servidores-que-receberam-auxilio-emergencial/,ESTADAO_VERIFICA,2020-08-07,['FALSO'],1,falso,falso,False,falso,False,
https://politica.estadao.com.br/blogs/estadao-verifica/video-de-prefeito-de-bh-em-restaurante-em-2018-e-compartilhado-como-se-fosse-recente/,ESTADAO_VERIFICA,2020-08-06,['FORA DE CONTEXTO'],1,fora de contexto,verdadeiro fora de contexto ou exagerado,False,verdadeiro fora de contexto ou exagerado,False,
https://politica.estadao.com.br/blogs/estadao-verifica/video-exagera-ao-informar-que-lagarta-da-especie-megalopyge-lanata-causa-hemorragia-e-levar-a-obito/,ESTADAO_VERIFICA,2020-08-04,['ENGANOSO'],1,enganoso,verdadeiro fora de contexto ou exagerado,False,verdadeiro fora de contexto ou exagerado,False,
https://politica.estadao.com.br/blogs/estadao-verifica/nobel-de-medicina-tasuku-honjo-nao-disse-que-o-coronavirus-e-artificial/,ESTADAO_VERIFICA,2020-04-29,['FALSO'],1,falso,falso,False,falso,False,
https://politica.estadao.com.br/blogs/estadao-verifica/video-que-alerta-sobre-a-importacao-de-mascaras-contaminadas-e-montagem/,ESTADAO_VERIFICA,2020-04-27,['FALSO'],1,falso,falso,False,falso,False,
https://politica.estadao.com.br/blogs/estadao-verifica/e-falso-que-enfermeira-tenha-sido-demitida-apos-filmar-leitos-vazios-em-hospital-na-bahia/,ESTADAO_VERIFICA,2020-04-24,['FALSO'],1,falso,falso,False,falso,False,
https://politica.estadao.com.br/blogs/estadao-verifica/sem-apresentar-evidencias-texto-sugere-que-governadores-e-prefeitos-usam-a-pandemia-para-driblar-a-lei/,ESTADAO_VERIFICA,2020-04-24,['ENGANOSO'],1,enganoso,verdadeiro fora de contexto ou exagerado,False,verdadeiro fora de contexto ou exagerado,False,
https://politica.estadao.com.br/blogs/estadao-verifica/ainda-nao-ha-cura-oficial-para-a-covid-19-tratamento-com-corticoides-nao-tem-estudo-publicado/,ESTADAO_VERIFICA,2020-04-22,['FALSO'],1,falso,falso,False,falso,False,
https://politica.estadao.com.br/blogs/estadao-verifica/video-mostra-fbi-confiscando-mascaras-de-acumulador-gravacao-nao-tem-relacao-com-a-china/,ESTADAO_VERIFICA,2020-04-22,['FALSO'],1,falso,falso,False,falso,False,
https://politica.estadao.com.br/blogs/estadao-verifica/receita-caseira-com-jambu-alho-e-limao-nao-cura-a-covid-19/,ESTADAO_VERIFICA,2020-04-22,['FALSO'],1,falso,falso,False,falso,False,
https://politica.estadao.com.br/blogs/estadao-verifica/video-de-doria-dancando-e-antigo-e-nao-tem-relacao-com-pandemia-da-covid-19/,ESTADAO_VERIFICA,2020-04-22,['FALSO'],1,falso,falso,False,falso,False,
https://politica.estadao.com.br/blogs/estadao-verifica/liberacao-de-uso-da-cloroquina-por-agencia-americana-nao-e-para-todos-os-pacientes-da-covid-19/,ESTADAO_VERIFICA,2020-04-16,['FALSO'],1,falso,falso,False,falso,False,
https://politica.estadao.com.br/blogs/estadao-verifica/acusacao-de-que-china-contaminou-mascaras-com-coronavirus-foi-inventada-por-autor-de-audio/,ESTADAO_VERIFICA,2020-04-14,['FALSO'],1,falso,falso,False,falso,False,
https://politica.estadao.com.br/blogs/estadao-verifica/video-de-grupo-bolsonarista-engana-ao-falar-em-mobilizacao-nacional-para-a-reabertura-do-comercio/,ESTADAO_VERIFICA,2020-04-09,['ENGANOSO'],1,enganoso,verdadeiro fora de contexto ou exagerado,False,verdadeiro fora de contexto ou exagerado,False,
https://politica.estadao.com.br/blogs/estadao-verifica/imagem-de-predio-da-fiesp-com-bandeira-da-china-e-usada-fora-de-contexto/,ESTADAO_VERIFICA,2020-04-07,['ENGANOSO'],1,enganoso,verdadeiro fora de contexto ou exagerado,False,verdadeiro fora de contexto ou exagerado,False,
https://politica.estadao.com.br/blogs/estadao-verifica/vacina-do-coronavirus-nao-tera-microchip-para-rastrear-a-populacao/,ESTADAO_VERIFICA,2020-04-06,['FALSO'],1,falso,falso,False,falso,False,
https://politica.estadao.com.br/blogs/estadao-verifica/e-falsa-a-corrente-que-diz-que-xangai-e-pequim-nao-tiveram-casos-de-coronavirus/,ESTADAO_VERIFICA,2020-04-03,['FALSO'],1,falso,falso,False,falso,False,
https://politica.estadao.com.br/blogs/estadao-verifica/audio-no-qual-um-suposto-medico-de-hospital-do-rio-de-janeiro-defende-o-fim-da-quarentena-tem-informacoes-falsas/,ESTADAO_VERIFICA,2020-04-03,['FALSO'],1,falso,falso,False,falso,False,
https://politica.estadao.com.br/blogs/estadao-verifica/ministerio-da-defesa-desmente-boato-de-que-exercito-tenha-construido-2-mil-leitos-em-48-horas/,ESTADAO_VERIFICA,2020-04-02,['FALSO'],1,falso,falso,False,falso,False,
https://politica.estadao.com.br/blogs/estadao-verifica/audio-vazado-de-suposto-assessor-do-governador-do-ceara-e-falso/,ESTADAO_VERIFICA,2020-04-01,['FALSO'],1,falso,falso,False,falso,False,
https://politica.estadao.com.br/blogs/estadao-verifica/e-falso-que-governo-de-sao-paulo-tenha-negado-vacinas-contra-a-covid-19-para-bauru/,ESTADAO_VERIFICA,2021-01-30,['FALSO'],1,falso,falso,False,falso,False,
https://politica.estadao.com.br/blogs/estadao-verifica/texto-que-defende-postura-de-bolsonaro-na-pandemia-nao-e-de-mourao-nem-foi-publicado-no-estadao/,ESTADAO_VERIFICA,2021-01-29,['FALSO'],1,falso,falso,False,falso,False,
https://politica.estadao.com.br/blogs/estadao-verifica/nao-ha-indicios-de-que-vacinas-contra-a-covid-19-possam-causar-doencas-autoimunes-e-infertilidade/,ESTADAO_VERIFICA,2021-01-29,['FALSO'],1,falso,falso,False,falso,False,
https://politica.estadao.com.br/blogs/estadao-verifica/medico-recomenda-tratamento-precoce-sem-eficacia-comprovada-contra-covid-19-em-video-viral/,ESTADAO_VERIFICA,2021-01-29,['ENGANOSO'],1,enganoso,verdadeiro fora de contexto ou exagerado,False,verdadeiro fora de contexto ou exagerado,False,
https://politica.estadao.com.br/blogs/estadao-verifica/homem-que-anuncia-a-demissao-de-60-de-seus-funcionarios-nao-e-dono-do-carrefour-e-atacadao/,ESTADAO_VERIFICA,2021-01-28,['FORA DE CONTEXTO'],1,fora de contexto,verdadeiro fora de contexto ou exagerado,False,verdadeiro fora de contexto ou exagerado,False,
https://politica.estadao.com.br/blogs/estadao-verifica/empresa-de-campo-grande-e-responsavel-por-outdoors-com-imagem-de-doria-no-ms/,ESTADAO_VERIFICA,2021-01-27,['FALSO'],1,falso,falso,False,falso,False,
https://politica.estadao.com.br/blogs/estadao-verifica/retratacao-de-artigo-da-lancet-e-de-junho-de-2020-desde-entao-varios-estudos-comprovaram-ineficacia-da-cloroquina-contra-covid-19/,ESTADAO_VERIFICA,2021-01-27,['ENGANOSO'],1,enganoso,verdadeiro fora de contexto ou exagerado,False,verdadeiro fora de contexto ou exagerado,False,
https://politica.estadao.com.br/blogs/estadao-verifica/socorrista-em-marica-morreu-por-enfarte-e-nao-por-reacao-a-vacina-contra-covid-19/,ESTADAO_VERIFICA,2021-01-27,['FALSO'],1,falso,falso,False,falso,False,
https://politica.estadao.com.br/blogs/estadao-verifica/e-falso-que-doria-tenha-usado-helicoptero-para-furar-quarentena-em-angra-dos-reis/,ESTADAO_VERIFICA,2021-01-26,['FALSO'],1,falso,falso,False,falso,False,
https://politica.estadao.com.br/blogs/estadao-verifica/divulgado-em-2017-audio-de-irmao-de-ex-governador-do-amazonas-circula-fora-contexto-nas-redes-sociais/,ESTADAO_VERIFICA,2021-01-26,['FORA DE CONTEXTO'],1,fora de contexto,verdadeiro fora de contexto ou exagerado,False,verdadeiro fora de contexto ou exagerado,False,
https://politica.estadao.com.br/blogs/estadao-verifica/e-falso-que-enfermeiras-de-paraty-tenham-apresentado-reacoes-graves-apos-receberem-coronavac/,ESTADAO_VERIFICA,2021-01-22,['FALSO'],1,falso,falso,False,falso,False,
https://politica.estadao.com.br/blogs/estadao-verifica/analise-de-cientista-britanico-e-insuficiente-para-apontar-eficacia-da-ivermectina-contra-a-covid-19/,ESTADAO_VERIFICA,2021-01-22,['ENGANOSO'],1,enganoso,verdadeiro fora de contexto ou exagerado,False,verdadeiro fora de contexto ou exagerado,False,
https://politica.estadao.com.br/blogs/estadao-verifica/publicacoes-distorcem-dados-e-confundem-repasses-entre-governo-federal-e-amazonas/,ESTADAO_VERIFICA,2021-01-22,['FALSO'],1,falso,falso,False,falso,False,
https://politica.estadao.com.br/blogs/estadao-verifica/e-falso-que-carlos-bolsonaro-tenha-se-vacinado-contra-a-covid-19-em-hospital-do-exercito/,ESTADAO_VERIFICA,2021-01-22,['FALSO'],1,falso,falso,False,falso,False,
https://politica.estadao.com.br/blogs/estadao-verifica/e-falso-que-atualizacao-do-whatsapp-permitira-que-policia-tenha-acesso-a-conversas-dos-usuarios/,ESTADAO_VERIFICA,2021-01-22,['FALSO'],1,falso,falso,False,falso,False,
https://politica.estadao.com.br/blogs/estadao-verifica/grupos-antivacina-usam-fotos-sem-contexto-para-atacar-primeira-enfermeira-imunizada/,ESTADAO_VERIFICA,2021-01-21,['FALSO'],1,falso,falso,False,falso,False,
https://politica.estadao.com.br/blogs/estadao-verifica/foto-de-carregamento-de-cilindros-de-oxigenio-e-da-white-martins-nao-de-fabrica-da-lg/,ESTADAO_VERIFICA,2021-01-21,['FALSO'],1,falso,falso,False,falso,False,
https://politica.estadao.com.br/blogs/estadao-verifica/reportagem-que-indicava-fabricacao-de-registros-falsos-de-covid-19-foi-retificada-e-circula-sem-contexto/,ESTADAO_VERIFICA,2021-01-21,['ENGANOSO'],1,enganoso,verdadeiro fora de contexto ou exagerado,False,verdadeiro fora de contexto ou exagerado,False,
https://politica.estadao.com.br/blogs/estadao-verifica/venezuela-doou-oxigenio-para-manaus-ao-contrario-do-que-afirmam-postagens-no-facebook/,ESTADAO_VERIFICA,2021-01-19,['FALSO'],1,falso,falso,False,falso,False,
https://politica.estadao.com.br/blogs/estadao-verifica/e-enganoso-video-de-ex-senador-que-compara-coronavac-com-ivermectina/,ESTADAO_VERIFICA,2021-01-15,['ENGANOSO'],1,enganoso,verdadeiro fora de contexto ou exagerado,False,verdadeiro fora de contexto ou exagerado,False,
https://politica.estadao.com.br/blogs/estadao-verifica/video-mostra-ancoras-rindo-de-clipe-de-gatinho-e-nao-de-taxa-de-eficacia-da-coronavac/,ESTADAO_VERIFICA,2021-01-13,['FALSO'],1,falso,falso,False,falso,False,
https://politica.estadao.com.br/blogs/estadao-verifica/e-falso-que-oab-tenha-pedido-liberacao-de-r-790-mil-da-rouanet-para-daniela-santa-cruz/,ESTADAO_VERIFICA,2021-01-08,['FALSO'],1,falso,falso,False,falso,False,
https://politica.estadao.com.br/blogs/estadao-verifica/nao-resultado-positivo-de-kiwi-em-teste-de-covid-19-nao-prova-ineficacia-de-exames/,ESTADAO_VERIFICA,2021-01-08,['ENGANOSO'],1,enganoso,verdadeiro fora de contexto ou exagerado,False,verdadeiro fora de contexto ou exagerado,False,
https://politica.estadao.com.br/blogs/estadao-verifica/nao-manual-de-testes-da-vacina-da-pfizer-nao-indica-riscos-de-alteracoes-geneticas/,ESTADAO_VERIFICA,2021-01-06,['ENGANOSO'],1,enganoso,verdadeiro fora de contexto ou exagerado,False,verdadeiro fora de contexto ou exagerado,False,
https://politica.estadao.com.br/blogs/estadao-verifica/foto-de-maju-coutinho-na-praia-sem-mascara-e-de-2019-anterior-a-pandemia-de-covid-19/,ESTADAO_VERIFICA,2021-01-04,['FORA DE CONTEXTO'],1,fora de contexto,verdadeiro fora de contexto ou exagerado,False,verdadeiro fora de contexto ou exagerado,False,
https://politica.estadao.com.br/blogs/estadao-verifica/nao-cloroquina-nao-foi-usada-contra-gripe-espanhola-em-1918/,ESTADAO_VERIFICA,2021-02-28,['FALSO'],1,falso,falso,False,falso,False,
https://politica.estadao.com.br/blogs/estadao-verifica/drenagem-postural-para-pacientes-de-covid-19-com-falta-de-ar-e-ineficaz-e-pode-causar-danos-cuidado-com-dicas-enganosas/,ESTADAO_VERIFICA,2021-02-28,['ENGANOSO'],1,enganoso,verdadeiro fora de contexto ou exagerado,False,verdadeiro fora de contexto ou exagerado,False,
https://politica.estadao.com.br/blogs/estadao-verifica/e-falsa-a-informacao-de-que-sigilo-telefonico-e-bancario-de-adelio-bispo-e-protegido-pelo-stf/,ESTADAO_VERIFICA,2021-02-27,['FALSO'],1,falso,falso,False,falso,False,
https://politica.estadao.com.br/blogs/estadao-verifica/postagem-infundada-inventa-risco-de-alteracoes-geneticas-para-fazer-campanha-contra-vacinas-armazenas-a-baixas-temperaturas/,ESTADAO_VERIFICA,2021-02-24,['FALSO'],1,falso,falso,False,falso,False,
https://politica.estadao.com.br/blogs/estadao-verifica/boato-toxico-espalha-informacao-falsa-sobre-mascara-tornar-o-sangue-acido/,ESTADAO_VERIFICA,2021-02-23,['FALSO'],1,falso,falso,False,falso,False,
https://politica.estadao.com.br/blogs/estadao-verifica/boato-resgata-falso-registro-de-arvore-que-da-flores-em-forma-de-mulher/,ESTADAO_VERIFICA,2021-02-20,['FALSO'],1,falso,falso,False,falso,False,
https://politica.estadao.com.br/blogs/estadao-verifica/grupos-antivacina-espalham-informacao-falsa-de-que-pastor-morreu-por-reacao-a-imunizante/,ESTADAO_VERIFICA,2021-02-19,['FALSO'],1,falso,falso,False,falso,False,
https://politica.estadao.com.br/blogs/estadao-verifica/meme-faz-comparacao-imprecisa-sobre-combate-a-pandemia-em-sp-e-mg-e-usa-dados-falsos-para-exaltar-desempenho-de-romeu-zema/,ESTADAO_VERIFICA,2021-02-16,['ENGANOSO'],1,enganoso,verdadeiro fora de contexto ou exagerado,False,verdadeiro fora de contexto ou exagerado,False,
https://politica.estadao.com.br/blogs/estadao-verifica/e-falso-que-vacinas-contra-a-covid-19-utilizem-tecnologia-nunca-antes-testada-em-humanos/,ESTADAO_VERIFICA,2021-02-12,['FALSO'],1,falso,falso,False,falso,False,
https://politica.estadao.com.br/blogs/estadao-verifica/foto-de-metro-lotado-em-madri-e-tirada-de-contexto-para-criticar-quarentena-em-sao-paulo/,ESTADAO_VERIFICA,2021-02-05,['FORA DE CONTEXTO'],1,fora de contexto,verdadeiro fora de contexto ou exagerado,False,verdadeiro fora de contexto ou exagerado,False,
https://politica.estadao.com.br/blogs/estadao-verifica/postagem-exagera-ao-dizer-que-curativo-custa-r-2-mil-nos-eua/,ESTADAO_VERIFICA,2020-10-30,['ENGANOSO'],1,enganoso,verdadeiro fora de contexto ou exagerado,False,verdadeiro fora de contexto ou exagerado,False,
https://politica.estadao.com.br/blogs/estadao-verifica/denuncia-contra-oms-e-baseada-em-declaracoes-infundadas-de-advogado-alemao/,ESTADAO_VERIFICA,2020-10-30,['ENGANOSO'],1,enganoso,verdadeiro fora de contexto ou exagerado,False,verdadeiro fora de contexto ou exagerado,False,
https://politica.estadao.com.br/blogs/estadao-verifica/embalagem-de-vacina-em-teste-traz-data-de-fabricacao-por-exigencia-da-anvisa/,ESTADAO_VERIFICA,2020-10-28,['FORA DE CONTEXTO'],1,fora de contexto,verdadeiro fora de contexto ou exagerado,False,verdadeiro fora de contexto ou exagerado,False,
https://politica.estadao.com.br/blogs/estadao-verifica/medico-distorce-informacoes-sobre-efeitos-colaterais-da-coronavac/,ESTADAO_VERIFICA,2020-10-28,['FALSO'],1,falso,falso,False,falso,False,
https://politica.estadao.com.br/blogs/estadao-verifica/post-distorce-dados-de-cartorios-para-desqualificar-medidas-de-combate-a-covid-19/,ESTADAO_VERIFICA,2020-10-28,['ENGANOSO'],1,enganoso,verdadeiro fora de contexto ou exagerado,False,verdadeiro fora de contexto ou exagerado,False,
https://politica.estadao.com.br/blogs/estadao-verifica/video-de-investigacao-sobre-fraude-fiscal-nao-e-relacionado-com-pandemia-de-covid-19/,ESTADAO_VERIFICA,2020-10-27,['FORA DE CONTEXTO'],1,fora de contexto,verdadeiro fora de contexto ou exagerado,False,verdadeiro fora de contexto ou exagerado,False,
https://politica.estadao.com.br/blogs/estadao-verifica/boato-tira-artigo-do-codigo-civil-de-contexto-para-defender-carater-voluntario-da-vacinacao/,ESTADAO_VERIFICA,2020-10-27,['ENGANOSO'],1,enganoso,verdadeiro fora de contexto ou exagerado,False,verdadeiro fora de contexto ou exagerado,False,
https://politica.estadao.com.br/blogs/estadao-verifica/decisao-do-stf-sobre-prisao-domiciliar-so-vale-para-presos-nao-violentos-e-que-sao-os-unicos-responsaveis-por-seus-filhos/,ESTADAO_VERIFICA,2020-10-26,['FALSO'],1,falso,falso,False,falso,False,
https://politica.estadao.com.br/blogs/estadao-verifica/medico-tira-de-contexto-dados-de-estudo-com-americanos-infectados-para-sugerir-que-mascaras-sao-ineficientes/,ESTADAO_VERIFICA,2020-10-20,['FORA DE CONTEXTO'],1,fora de contexto,verdadeiro fora de contexto ou exagerado,False,verdadeiro fora de contexto ou exagerado,False,
https://politica.estadao.com.br/blogs/estadao-verifica/sara-giromini-divulga-informacoes-falsas-sobre-nova-portaria-de-aborto-apos-estupro/,ESTADAO_VERIFICA,2020-10-19,['FALSO'],1,falso,falso,False,falso,False,
https://politica.estadao.com.br/blogs/estadao-verifica/frase-de-enviado-da-oms-e-retirada-de-contexto-para-sugerir-que-entidade-condena-lockdown/,ESTADAO_VERIFICA,2020-10-16,['FORA DE CONTEXTO'],1,fora de contexto,verdadeiro fora de contexto ou exagerado,False,verdadeiro fora de contexto ou exagerado,False,
https://politica.estadao.com.br/blogs/estadao-verifica/bndes-investiu-mais-em-obras-no-brasil-do-que-no-exterior-ao-contrario-do-que-diz-postagem/,ESTADAO_VERIFICA,2020-10-16,['FALSO'],1,falso,falso,False,falso,False,
https://politica.estadao.com.br/blogs/estadao-verifica/tecnica-ensinada-em-post-viral-para-evitar-envenenamento-de-pets-nao-e-recomendada-por-veterinarios/,ESTADAO_VERIFICA,2020-10-14,['ENGANOSO'],1,enganoso,verdadeiro fora de contexto ou exagerado,False,verdadeiro fora de contexto ou exagerado,False,
https://politica.estadao.com.br/blogs/estadao-verifica/postagem-cita-compra-de-caixoes-iniciada-antes-da-pandemia-de-covid-19/,ESTADAO_VERIFICA,2020-10-13,['ENGANOSO'],1,enganoso,verdadeiro fora de contexto ou exagerado,False,verdadeiro fora de contexto ou exagerado,False,
https://politica.estadao.com.br/blogs/estadao-verifica/e-falso-que-coalas-estejam-oficialmente-extintos/,ESTADAO_VERIFICA,2020-10-13,['FALSO'],1,falso,falso,False,falso,False,
https://politica.estadao.com.br/blogs/estadao-verifica/poema-sobre-esperanca-no-pos-pandemia-foi-escrito-em-2020-nao-no-seculo-xix/,ESTADAO_VERIFICA,2020-10-06,['FORA DE CONTEXTO'],1,fora de contexto,verdadeiro fora de contexto ou exagerado,False,verdadeiro fora de contexto ou exagerado,False,
https://politica.estadao.com.br/blogs/estadao-verifica/video-de-motoqueiros-rezando-e-da-africa-do-sul-e-nao-tem-relacao-com-internacao-de-trump/,ESTADAO_VERIFICA,2020-10-06,['FORA DE CONTEXTO'],1,fora de contexto,verdadeiro fora de contexto ou exagerado,False,verdadeiro fora de contexto ou exagerado,False,
https://politica.estadao.com.br/blogs/estadao-verifica/texto-critico-a-classe-media-circula-falsamente-atribuido-a-chico-buarque/,ESTADAO_VERIFICA,2020-10-05,['FALSO'],1,falso,falso,False,falso,False,
https://politica.estadao.com.br/blogs/estadao-verifica/postagem-exagera-numero-de-ongs-no-amazonas-em-comparacao-com-o-nordeste/,ESTADAO_VERIFICA,2020-10-02,['FALSO'],1,falso,falso,False,falso,False,
https://politica.estadao.com.br/blogs/estadao-verifica/reportagem-de-tv-italiana-sobre-virus-criado-em-laboratorio-chines-nao-tem-relacao-com-a-covid-19/,ESTADAO_VERIFICA,2020-03-31,['ENGANOSO'],1,enganoso,verdadeiro fora de contexto ou exagerado,False,verdadeiro fora de contexto ou exagerado,False,
https://politica.estadao.com.br/blogs/estadao-verifica/limao-com-bicarbonato-nao-cura-covid-19-e-pode-fazer-mal-a-saude/,ESTADAO_VERIFICA,2020-03-31,['FALSO'],1,falso,falso,False,falso,False,
https://politica.estadao.com.br/blogs/estadao-verifica/e-falsa-a-corrente-que-fala-em-etapa-maxima-de-infeccao-pelo-novo-coronavirus-ate-3-de-abril/,ESTADAO_VERIFICA,2020-03-30,['FALSO'],1,falso,falso,False,falso,False,
https://politica.estadao.com.br/blogs/estadao-verifica/videos-de-osmar-terra-sao-compartilhados-como-se-fossem-do-ex-ministro-adib-jatene/,ESTADAO_VERIFICA,2020-03-30,['FALSO'],1,falso,falso,False,falso,False,
https://politica.estadao.com.br/blogs/estadao-verifica/e-falso-que-italia-tenha-registrado-232-mortes-de-criancas-pela-covid-19/,ESTADAO_VERIFICA,2020-03-25,['FALSO'],1,falso,falso,False,falso,False,
https://politica.estadao.com.br/blogs/estadao-verifica/imagem-de-reporter-com-traje-de-protecao-contra-o-coronavirus-e-tirada-de-contexto-para-atacar-a-midia/,ESTADAO_VERIFICA,2020-03-25,['ENGANOSO'],1,enganoso,verdadeiro fora de contexto ou exagerado,False,verdadeiro fora de contexto ou exagerado,False,
https://politica.estadao.com.br/blogs/estadao-verifica/video-que-contesta-desmatamento-citando-chuvas-traz-dados-errados-saiba-como-sao-feitas-as-medicoes-do-inpe/,ESTADAO_VERIFICA,2019-07-30,['FALSO'],1,falso,falso,False,falso,False,
https://politica.estadao.com.br/blogs/estadao-verifica/e-de-marco-video-em-que-prefeito-de-sao-bernardo-do-campo-anuncia-fechamento-do-comercio/,ESTADAO_VERIFICA,2020-11-14,['FORA DE CONTEXTO'],1,fora de contexto,verdadeiro fora de contexto ou exagerado,False,verdadeiro fora de contexto ou exagerado,False,
https://politica.estadao.com.br/blogs/estadao-verifica/video-de-abordagem-policial-em-metro-contra-torcidas-organizadas-na-romenia-circula-fora-de-contexto/,ESTADAO_VERIFICA,2020-11-14,['FORA DE CONTEXTO'],1,fora de contexto,verdadeiro fora de contexto ou exagerado,False,verdadeiro fora de contexto ou exagerado,False,
https://politica.estadao.com.br/blogs/estadao-verifica/e-falso-que-foram-divulgados-novos-valores-de-multas-e-mudancas-na-renovacao-da-cnh/,ESTADAO_VERIFICA,2020-11-13,['FALSO'],1,falso,falso,False,falso,False,
https://politica.estadao.com.br/blogs/estadao-verifica/crucifixo-usado-pelo-papa-tem-imagem-de-jesus-segurando-ovelha-e-nao-de-farao/,ESTADAO_VERIFICA,2020-11-06,['FALSO'],1,falso,falso,False,falso,False,
https://politica.estadao.com.br/blogs/estadao-verifica/publicacao-viral-inventa-frase-atribuida-ao-empresario-george-soros/,ESTADAO_VERIFICA,2020-11-04,['FALSO'],1,falso,falso,False,falso,False,
https://politica.estadao.com.br/blogs/estadao-verifica/postagens-tiram-de-contexto-cena-em-que-guga-chacra-chora-ao-vivo/,ESTADAO_VERIFICA,2020-11-04,['FORA DE CONTEXTO'],1,fora de contexto,verdadeiro fora de contexto ou exagerado,False,verdadeiro fora de contexto ou exagerado,False,
https://politica.estadao.com.br/blogs/estadao-verifica/medico-do-df-viraliza-nas-redes-ao-recomendar-tratamento-precoce-sem-eficacia-contra-covid-19/,ESTADAO_VERIFICA,2021-03-30,['ENGANOSO'],1,enganoso,verdadeiro fora de contexto ou exagerado,False,verdadeiro fora de contexto ou exagerado,False,
https://politica.estadao.com.br/blogs/estadao-verifica/e-falso-que-governador-de-sergipe-tenha-publicado-decreto-para-confiscar-casas-e-abolir-direito-de-propriedade-privada/,ESTADAO_VERIFICA,2021-03-30,['FALSO'],1,falso,falso,False,falso,False,
https://politica.estadao.com.br/blogs/estadao-verifica/gravacao-de-publicidade-em-hospital-de-israel-e-tirada-de-contexto-para-atacar-governo-do-ceara/,ESTADAO_VERIFICA,2021-03-30,['FORA DE CONTEXTO'],1,fora de contexto,verdadeiro fora de contexto ou exagerado,False,verdadeiro fora de contexto ou exagerado,False,
https://politica.estadao.com.br/blogs/estadao-verifica/medica-antivacina-espalha-tese-improvavel-sobre-efeitos-adversos-de-imunizantes-contra-covid-19/,ESTADAO_VERIFICA,2021-03-29,['FALSO'],1,falso,falso,False,falso,False,
https://politica.estadao.com.br/blogs/estadao-verifica/video-sobre-ida-de-doria-ao-caribe-e-de-novembro-e-circula-sem-contexto/,ESTADAO_VERIFICA,2021-03-29,['FORA DE CONTEXTO'],1,fora de contexto,verdadeiro fora de contexto ou exagerado,False,verdadeiro fora de contexto ou exagerado,False,
https://politica.estadao.com.br/blogs/estadao-verifica/deputado-bolsonarista-espalha-inverdades-sobre-producao-de-vacinas-pela-fiocruz-no-ceara/,ESTADAO_VERIFICA,2021-03-26,['FALSO'],1,falso,falso,False,falso,False,
https://politica.estadao.com.br/blogs/estadao-verifica/e-falso-que-mae-de-pm-tenha-sido-colocada-ainda-viva-em-saco-para-cadaveres-no-amazonas/,ESTADAO_VERIFICA,2021-03-24,['FALSO'],1,falso,falso,False,falso,False,
https://politica.estadao.com.br/blogs/estadao-verifica/minas-nao-foi-unico-estado-a-ter-ocupacao-de-utis-de-covid-19-abaixo-de-50-indice-atual-e-de-92/,ESTADAO_VERIFICA,2021-03-23,['FALSO'],1,falso,falso,False,falso,False,
https://politica.estadao.com.br/blogs/estadao-verifica/medico-espalha-boato-falso-e-perigoso-ao-sugerir-que-flutamida-cura-covid-19/,ESTADAO_VERIFICA,2021-03-22,['FALSO'],1,falso,falso,False,falso,False,
https://politica.estadao.com.br/blogs/estadao-verifica/foto-de-pacientes-aglomerados-em-macas-de-hospital-foi-tirada-em-2010-apos-principio-de-incendio/,ESTADAO_VERIFICA,2021-03-22,['FORA DE CONTEXTO'],1,fora de contexto,verdadeiro fora de contexto ou exagerado,False,verdadeiro fora de contexto ou exagerado,False,
https://politica.estadao.com.br/blogs/estadao-verifica/nao-ha-dados-suficientes-para-afirmar-que-proxalutamida-e-cura-para-casos-graves-de-covid-19/,ESTADAO_VERIFICA,2021-03-19,['ENGANOSO'],1,enganoso,verdadeiro fora de contexto ou exagerado,False,verdadeiro fora de contexto ou exagerado,False,
https://politica.estadao.com.br/blogs/estadao-verifica/autoridade-sanitaria-de-portugal-diz-que-ivermectina-nao-serve-no-combate-a-covid-orgao-rejeitou-peticao-de-medicos-a-favor-da-droga/,ESTADAO_VERIFICA,2021-03-18,['ENGANOSO'],1,enganoso,verdadeiro fora de contexto ou exagerado,False,verdadeiro fora de contexto ou exagerado,False,
https://politica.estadao.com.br/blogs/estadao-verifica/video-de-protesto-de-sindicato-circula-como-se-mostrasse-conspiracao-de-politicos-e-empreiteiras-contra-bolsonaro/,ESTADAO_VERIFICA,2021-03-17,['FORA DE CONTEXTO'],1,fora de contexto,verdadeiro fora de contexto ou exagerado,False,verdadeiro fora de contexto ou exagerado,False,
https://politica.estadao.com.br/blogs/estadao-verifica/montagem-espalha-informacao-falsa-de-que-doria-cogita-restringir-energia-eletrica-em-sp/,ESTADAO_VERIFICA,2021-03-17,['FALSO'],1,falso,falso,False,falso,False,
https://politica.estadao.com.br/blogs/estadao-verifica/video-de-desabafo-de-mulher-em-manaus-e-tirado-de-contexto-para-promover-teoria-da-conspiracao/,ESTADAO_VERIFICA,2021-03-17,['FORA DE CONTEXTO'],1,fora de contexto,verdadeiro fora de contexto ou exagerado,False,verdadeiro fora de contexto ou exagerado,False,
https://politica.estadao.com.br/blogs/estadao-verifica/posts-usam-video-de-respiradores-abandonados-no-mato-para-espalhar-teoria-da-conspiracao/,ESTADAO_VERIFICA,2021-03-17,['FORA DE CONTEXTO'],1,fora de contexto,verdadeiro fora de contexto ou exagerado,False,verdadeiro fora de contexto ou exagerado,False,
https://politica.estadao.com.br/blogs/estadao-verifica/aprovacao-de-voto-impresso-na-ccj-ocorreu-em-2019-e-nao-recentemente/,ESTADAO_VERIFICA,2021-03-16,['FORA DE CONTEXTO'],1,fora de contexto,verdadeiro fora de contexto ou exagerado,False,verdadeiro fora de contexto ou exagerado,False,
https://politica.estadao.com.br/blogs/estadao-verifica/frase-de-lula-publicada-em-edicao-antiga-da-veja-nao-tem-relacao-com-pandemia-de-h1n1/,ESTADAO_VERIFICA,2021-03-15,['FORA DE CONTEXTO'],1,fora de contexto,verdadeiro fora de contexto ou exagerado,False,verdadeiro fora de contexto ou exagerado,False,
https://politica.estadao.com.br/blogs/estadao-verifica/e-falso-que-sistema-de-upas-do-rio-permita-registrar-casos-de-covid-19-antes-do-diagnostico/,ESTADAO_VERIFICA,2021-03-12,['FALSO'],1,falso,falso,False,falso,False,
https://politica.estadao.com.br/blogs/estadao-verifica/video-mostra-estudantes-correndo-de-gas-lacrimogeneo-e-nao-de-vacinacao-obrigatoria/,ESTADAO_VERIFICA,2021-03-12,['FALSO'],1,falso,falso,False,falso,False,
https://politica.estadao.com.br/blogs/estadao-verifica/veja-qual-a-orientacao-para-descartar-lixo-de-pessoas-infectadas-pela-covid-19/,ESTADAO_VERIFICA,2021-03-10,['FORA DE CONTEXTO'],1,fora de contexto,verdadeiro fora de contexto ou exagerado,False,verdadeiro fora de contexto ou exagerado,False,
https://politica.estadao.com.br/blogs/estadao-verifica/video-de-lula-e-editado-para-parecer-que-ex-presidente-comemorou-bebado-decisao-de-fachin/,ESTADAO_VERIFICA,2021-03-09,['FALSO'],1,falso,falso,False,falso,False,
https://politica.estadao.com.br/blogs/estadao-verifica/alerta-sobre-pico-do-virus-em-abril-foi-divulgado-pela-unimed-em-2020/,ESTADAO_VERIFICA,2021-03-05,['FORA DE CONTEXTO'],1,fora de contexto,verdadeiro fora de contexto ou exagerado,False,verdadeiro fora de contexto ou exagerado,False,
https://politica.estadao.com.br/blogs/estadao-verifica/boato-no-whatsapp-exagera-gastos-do-stf-e-inventa-cargo-de-auxiliar-de-cadeira/,ESTADAO_VERIFICA,2021-03-05,['FALSO'],1,falso,falso,False,falso,False,
https://politica.estadao.com.br/blogs/estadao-verifica/camas-hospitalares-no-ms-foram-desativadas-no-segundo-semestre-de-2020-e-nao-no-inicio-da-pandemia/,ESTADAO_VERIFICA,2021-03-05,['FALSO'],1,falso,falso,False,falso,False,
https://politica.estadao.com.br/blogs/estadao-verifica/farmaceutica-que-apontou-falta-de-evidencias-para-uso-da-ivermectina-contra-covid-19-e-fabricante-original-do-remedio/,ESTADAO_VERIFICA,2021-03-05,['ENGANOSO'],1,enganoso,verdadeiro fora de contexto ou exagerado,False,verdadeiro fora de contexto ou exagerado,False,
https://politica.estadao.com.br/blogs/estadao-verifica/e-falso-que-anvisa-tenha-confirmado-mortes-por-vacina-de-covid-19-no-brasil/,ESTADAO_VERIFICA,2021-03-03,['FALSO'],1,falso,falso,False,falso,False,
https://politica.estadao.com.br/blogs/estadao-verifica/ataque-a-eduardo-leite-nas-redes-distorce-valores-de-pacote-de-socorro-da-uniao-para-estados/,ESTADAO_VERIFICA,2021-03-03,['ENGANOSO'],1,enganoso,verdadeiro fora de contexto ou exagerado,False,verdadeiro fora de contexto ou exagerado,False,
https://politica.estadao.com.br/blogs/estadao-verifica/postagens-insistem-na-divulgacao-de-tratamentos-precoces-ineficazes-contra-covid-19/,ESTADAO_VERIFICA,2021-03-03,['FALSO'],1,falso,falso,False,falso,False,
https://politica.estadao.com.br/blogs/estadao-verifica/e-falso-que-imagem-de-karol-conka-mostre-consumo-de-drogas-ilicitas-no-bbb-21/,ESTADAO_VERIFICA,2021-03-03,['ENGANOSO'],1,enganoso,verdadeiro fora de contexto ou exagerado,False,verdadeiro fora de contexto ou exagerado,False,
https://politica.estadao.com.br/blogs/estadao-verifica/video-de-apresentadora-da-tv-globo-festejando-com-torcedores-do-flamengo-e-de-antes-da-pandemia/,ESTADAO_VERIFICA,2021-03-02,['FORA DE CONTEXTO'],1,fora de contexto,verdadeiro fora de contexto ou exagerado,False,verdadeiro fora de contexto ou exagerado,False,
https://politica.estadao.com.br/blogs/estadao-verifica/nao-existe-vacina-que-cura-covid-19-em-tres-horas/,ESTADAO_VERIFICA,2020-05-29,['FALSO'],1,falso,falso,False,falso,False,
https://politica.estadao.com.br/blogs/estadao-verifica/boato-usa-frase-de-doria-para-levantar-duvidas-sobre-a-extensao-da-pandemia/,ESTADAO_VERIFICA,2020-05-29,['ENGANOSO'],1,enganoso,verdadeiro fora de contexto ou exagerado,False,verdadeiro fora de contexto ou exagerado,False,
https://politica.estadao.com.br/blogs/estadao-verifica/foto-de-carlos-bolsonaro-com-mesa-de-celulares-e-montagem/,ESTADAO_VERIFICA,2020-05-28,['FALSO'],1,falso,falso,False,falso,False,
https://politica.estadao.com.br/blogs/estadao-verifica/video-de-furto-em-loterica-e-antigo-e-nao-tem-relacao-com-auxilio-emergencial/,ESTADAO_VERIFICA,2020-05-26,['FORA DE CONTEXTO'],1,fora de contexto,verdadeiro fora de contexto ou exagerado,False,verdadeiro fora de contexto ou exagerado,False,
https://politica.estadao.com.br/blogs/estadao-verifica/medico-em-foto-com-lula-e-falsamente-identificado-como-irmao-de-adelio-bispo/,ESTADAO_VERIFICA,2020-05-26,['FALSO'],1,falso,falso,False,falso,False,
https://politica.estadao.com.br/blogs/estadao-verifica/video-engana-ao-sugerir-que-morte-em-decorrencia-de-cancer-foi-alterada-para-covid-19-em-porto-alegre/,ESTADAO_VERIFICA,2020-05-25,['ENGANOSO'],1,enganoso,verdadeiro fora de contexto ou exagerado,False,verdadeiro fora de contexto ou exagerado,False,
https://politica.estadao.com.br/blogs/estadao-verifica/site-usa-foto-antiga-para-inflar-publico-de-manifestacao-pro-bolsonaro/,ESTADAO_VERIFICA,2020-05-25,['FORA DE CONTEXTO'],1,fora de contexto,verdadeiro fora de contexto ou exagerado,False,verdadeiro fora de contexto ou exagerado,False,
https://politica.estadao.com.br/blogs/estadao-verifica/medico-confunde-ao-indicar-cloroquina-e-criticar-isolamento-social-e-o-uso-de-respiradores/,ESTADAO_VERIFICA,2020-05-22,['ENGANOSO'],1,enganoso,verdadeiro fora de contexto ou exagerado,False,verdadeiro fora de contexto ou exagerado,False,
https://politica.estadao.com.br/blogs/estadao-verifica/audio-no-whatsapp-inventa-conspiracao-do-foro-de-sao-paulo-para-desestabilizacao-politica-em-meio-a-pandemia/,ESTADAO_VERIFICA,2020-05-21,['FALSO'],1,falso,falso,False,falso,False,
https://politica.estadao.com.br/blogs/estadao-verifica/video-engana-ao-sugerir-tratamento-sem-internacao-e-sem-sofrimento-para-covid-19/,ESTADAO_VERIFICA,2020-05-21,['ENGANOSO'],1,enganoso,verdadeiro fora de contexto ou exagerado,False,verdadeiro fora de contexto ou exagerado,False,
https://politica.estadao.com.br/blogs/estadao-verifica/texto-engana-ao-afirmar-que-autopsias-na-italia-teriam-indicado-que-problema-principal-nao-era-o-coronavirus/,ESTADAO_VERIFICA,2020-05-21,['ENGANOSO'],1,enganoso,verdadeiro fora de contexto ou exagerado,False,verdadeiro fora de contexto ou exagerado,False,
https://politica.estadao.com.br/blogs/estadao-verifica/mensagem-falsa-sobre-morte-de-presidente-do-santander-por-coronavirus-circula-no-facebook/,ESTADAO_VERIFICA,2020-05-19,['FALSO'],1,falso,falso,False,falso,False,
https://politica.estadao.com.br/blogs/estadao-verifica/imagens-de-produtos-de-couro-mofados-sao-de-loja-fechada-por-dois-meses-na-malasia/,ESTADAO_VERIFICA,2020-05-19,['FORA DE CONTEXTO'],1,fora de contexto,verdadeiro fora de contexto ou exagerado,False,verdadeiro fora de contexto ou exagerado,False,
https://politica.estadao.com.br/blogs/estadao-verifica/e-falso-que-doria-tenha-mandado-recolher-cloroquina-das-farmacias-de-sp/,ESTADAO_VERIFICA,2020-05-19,['FALSO'],1,falso,falso,False,falso,False,
https://politica.estadao.com.br/blogs/estadao-verifica/aguas-cristalinas-na-praia-de-botafogo-nao-tem-relacao-com-isolamento-social/,ESTADAO_VERIFICA,2020-05-19,['ENGANOSO'],1,enganoso,verdadeiro fora de contexto ou exagerado,False,verdadeiro fora de contexto ou exagerado,False,
https://politica.estadao.com.br/blogs/estadao-verifica/site-exagera-falas-de-medico-alemao-sobre-medidas-rigidas-contra-o-novo-coronavirus/,ESTADAO_VERIFICA,2020-05-18,['ENGANOSO'],1,enganoso,verdadeiro fora de contexto ou exagerado,False,verdadeiro fora de contexto ou exagerado,False,
https://politica.estadao.com.br/blogs/estadao-verifica/e-falso-que-david-uip-tenha-se-afastado-do-governo-por-discordar-de-isolamento-social/,ESTADAO_VERIFICA,2020-05-15,['FALSO'],1,falso,falso,False,falso,False,
https://politica.estadao.com.br/blogs/estadao-verifica/nem-todos-pacientes-de-covid-19-de-hospital-do-piaui-receberam-alta-apos-tratamento-com-cloroquina/,ESTADAO_VERIFICA,2020-05-14,['ENGANOSO'],1,enganoso,verdadeiro fora de contexto ou exagerado,False,verdadeiro fora de contexto ou exagerado,False,
https://politica.estadao.com.br/blogs/estadao-verifica/sepultamentos-cresceram-47-no-cemiterio-vila-formosa-em-sao-paulo-entre-marco-e-abril/,ESTADAO_VERIFICA,2020-05-14,['FALSO'],1,falso,falso,False,falso,False,
https://politica.estadao.com.br/blogs/estadao-verifica/descoberta-de-anticorpo-em-israel-ainda-nao-significa-cura-para-coronavirus/,ESTADAO_VERIFICA,2020-05-07,['FALSO'],1,falso,falso,False,falso,False,
https://politica.estadao.com.br/blogs/estadao-verifica/numero-de-mortes-por-coronavirus-nao-diminuiu-no-amazonas-apos-visita-do-ministro-da-saude/,ESTADAO_VERIFICA,2020-05-07,['FALSO'],1,falso,falso,False,falso,False,
https://politica.estadao.com.br/blogs/estadao-verifica/ao-contrario-do-que-afirma-blog-oms-recomenda-isolamento-como-uma-das-medidas-de-combate-ao-novo-coronavirus/,ESTADAO_VERIFICA,2020-05-06,['ENGANOSO'],1,enganoso,verdadeiro fora de contexto ou exagerado,False,verdadeiro fora de contexto ou exagerado,False,
https://politica.estadao.com.br/blogs/estadao-verifica/audio-de-medico-e-verdadeiro-mas-opiniao-sobre-origem-do-coronavirus-nao-tem-respaldo-cientifico/,ESTADAO_VERIFICA,2020-05-05,['ENGANOSO'],1,enganoso,verdadeiro fora de contexto ou exagerado,False,verdadeiro fora de contexto ou exagerado,False,
https://politica.estadao.com.br/blogs/estadao-verifica/foto-de-caixao-vazio-nao-e-atual-nem-foi-tirada-no-amazonas/,ESTADAO_VERIFICA,2020-05-04,['ENGANOSO'],1,enganoso,verdadeiro fora de contexto ou exagerado,False,verdadeiro fora de contexto ou exagerado,False,
https://politica.estadao.com.br/blogs/estadao-verifica/video-usa-informacoes-falsas-para-dizer-que-lockdown-foi-inutil-e-pico-de-covid-19-ficou-para-tras/,ESTADAO_VERIFICA,2020-05-01,['ENGANOSO'],1,enganoso,verdadeiro fora de contexto ou exagerado,False,verdadeiro fora de contexto ou exagerado,False,
https://politica.estadao.com.br/blogs/estadao-verifica/nao-e-verdade-que-mascaras-contaminadas-serao-distribuidas-para-a-populacao-de-sao-paulo/,ESTADAO_VERIFICA,2020-05-01,['FALSO'],1,falso,falso,False,falso,False,
https://politica.estadao.com.br/blogs/estadao-verifica/governador-da-bahia-nao-pediu-a-prefeitos-para-inventarem-casos-de-covid-19/,ESTADAO_VERIFICA,2020-05-01,['ENGANOSO'],1,enganoso,verdadeiro fora de contexto ou exagerado,False,verdadeiro fora de contexto ou exagerado,False,
https://politica.estadao.com.br/blogs/estadao-verifica/boato-distorce-acao-das-lojas-americanas-relacionada-a-livro-de-felipe-neto/,ESTADAO_VERIFICA,2020-07-31,['FALSO'],1,falso,falso,False,falso,False,
https://politica.estadao.com.br/blogs/estadao-verifica/boato-distorce-fala-da-oms-sobre-retomada-de-atividades-durante-pandemia/,ESTADAO_VERIFICA,2020-07-31,['FORA DE CONTEXTO'],1,fora de contexto,verdadeiro fora de contexto ou exagerado,False,verdadeiro fora de contexto ou exagerado,False,
https://politica.estadao.com.br/blogs/estadao-verifica/animacao-de-projeto-de-ponte-na-espanha-e-divulgada-como-se-mostrasse-obra-no-rio-xingu/,ESTADAO_VERIFICA,2020-07-30,['FORA DE CONTEXTO'],1,fora de contexto,verdadeiro fora de contexto ou exagerado,False,verdadeiro fora de contexto ou exagerado,False,
https://politica.estadao.com.br/blogs/estadao-verifica/postagem-inventa-afirmacao-de-palocci-sobre-urnas-eletronicas/,ESTADAO_VERIFICA,2020-07-30,['FALSO'],1,falso,falso,False,falso,False,
https://politica.estadao.com.br/blogs/estadao-verifica/postagem-inventa-ameaca-de-gilmar-mendes-a-dias-toffoli/,ESTADAO_VERIFICA,2020-07-30,['FALSO'],1,falso,falso,False,falso,False,
https://politica.estadao.com.br/blogs/estadao-verifica/e-falso-que-video-mostre-encontro-de-gilmar-e-mandetta-em-portugal/,ESTADAO_VERIFICA,2020-07-29,['FORA DE CONTEXTO'],1,fora de contexto,verdadeiro fora de contexto ou exagerado,False,verdadeiro fora de contexto ou exagerado,False,
https://politica.estadao.com.br/blogs/estadao-verifica/e-falso-que-oms-tenha-retirado-maconha-de-lista-de-drogas/,ESTADAO_VERIFICA,2020-07-29,['FALSO'],1,falso,falso,False,falso,False,
https://politica.estadao.com.br/blogs/estadao-verifica/bombeiros-desmentem-boato-sobre-incendio-causado-por-alcool-em-gel-em-chave-de-carro/,ESTADAO_VERIFICA,2020-07-28,['FALSO'],1,falso,falso,False,falso,False,
https://politica.estadao.com.br/blogs/estadao-verifica/boato-distorce-relato-de-mulher-que-diz-ter-participado-de-testes-da-vacina-de-oxford/,ESTADAO_VERIFICA,2020-07-28,['FALSO'],1,falso,falso,False,falso,False,
https://politica.estadao.com.br/blogs/estadao-verifica/medicos-americanos-fazem-alegacoes-falsas-sobre-mascaras-em-video-viral/,ESTADAO_VERIFICA,2020-07-28,['FALSO'],1,falso,falso,False,falso,False,
https://politica.estadao.com.br/blogs/estadao-verifica/e-falso-tuite-de-augusto-heleno-com-ofensas-a-ex-ministros-de-bolsonaro/,ESTADAO_VERIFICA,2020-07-28,['FALSO'],1,falso,falso,False,falso,False,
https://politica.estadao.com.br/blogs/estadao-verifica/foto-de-alergia-a-amendoim-e-compartilhada-como-se-fosse-reacao-a-vacina-contra-covid-19/,ESTADAO_VERIFICA,2020-07-28,['FORA DE CONTEXTO'],1,fora de contexto,verdadeiro fora de contexto ou exagerado,False,verdadeiro fora de contexto ou exagerado,False,
https://politica.estadao.com.br/blogs/estadao-verifica/anvisa-classificou-ivermectina-como-remedio-controlado-para-coibir-compra-indiscriminada/,ESTADAO_VERIFICA,2020-07-27,['ENGANOSO'],1,enganoso,verdadeiro fora de contexto ou exagerado,False,verdadeiro fora de contexto ou exagerado,False,
https://politica.estadao.com.br/blogs/estadao-verifica/publicacao-engana-ao-dizer-que-pandemia-esta-em-declinio-apos-zerar-excesso-de-mortes/,ESTADAO_VERIFICA,2020-07-24,['ENGANOSO'],1,enganoso,verdadeiro fora de contexto ou exagerado,False,verdadeiro fora de contexto ou exagerado,False,
https://politica.estadao.com.br/blogs/estadao-verifica/damares-nega-ter-descoberto-caso-de-pedofilia-no-stf-ao-contrario-do-que-alega-boato/,ESTADAO_VERIFICA,2020-07-23,['FALSO'],1,falso,falso,False,falso,False,
https://politica.estadao.com.br/blogs/estadao-verifica/postagem-no-facebook-desinforma-ao-transferir-responsabilidade-do-combate-a-pandemia-ao-stf/,ESTADAO_VERIFICA,2020-07-23,['ENGANOSO'],1,enganoso,verdadeiro fora de contexto ou exagerado,False,verdadeiro fora de contexto ou exagerado,False,
https://politica.estadao.com.br/blogs/estadao-verifica/post-inventa-que-oms-recomendou-a-compra-de-vacina-chinesa-de-us-10-mil-contra-a-covid-19/,ESTADAO_VERIFICA,2020-07-21,['FALSO'],1,falso,falso,False,falso,False,
https://politica.estadao.com.br/blogs/estadao-verifica/roberto-jefferson-omite-dados-sobre-plano-de-saude-do-stf-em-tuite/,ESTADAO_VERIFICA,2020-07-21,['ENGANOSO'],1,enganoso,verdadeiro fora de contexto ou exagerado,False,verdadeiro fora de contexto ou exagerado,False,
https://politica.estadao.com.br/blogs/estadao-verifica/boato-inverte-sentido-de-afirmacoes-de-emilio-odebrecht-sobre-ditadura-militar/,ESTADAO_VERIFICA,2020-07-21,['FALSO'],1,falso,falso,False,falso,False,
https://politica.estadao.com.br/blogs/estadao-verifica/ao-defender-volta-ao-trabalho-durante-a-pandemia-vereador-gaucho-faz-declaracoes-enganosas-sobre-a-quarentena/,ESTADAO_VERIFICA,2020-07-20,['ENGANOSO'],1,enganoso,verdadeiro fora de contexto ou exagerado,False,verdadeiro fora de contexto ou exagerado,False,
https://politica.estadao.com.br/blogs/estadao-verifica/e-falso-que-medicos-franceses-tenham-protestado-contra-farsa-da-covid-19/,ESTADAO_VERIFICA,2020-07-20,['FORA DE CONTEXTO'],1,fora de contexto,verdadeiro fora de contexto ou exagerado,False,verdadeiro fora de contexto ou exagerado,False,
https://politica.estadao.com.br/blogs/estadao-verifica/texto-engana-ao-dizer-que-cloroquina-cura-987-dos-pacientes-com-covid-19/,ESTADAO_VERIFICA,2020-07-17,['ENGANOSO'],1,enganoso,verdadeiro fora de contexto ou exagerado,False,verdadeiro fora de contexto ou exagerado,False,
https://politica.estadao.com.br/blogs/estadao-verifica/boato-atribui-falsamente-a-policia-orientacao-para-salvar-animais-e-se-resguardar-juridicamente/,ESTADAO_VERIFICA,2020-07-17,['ENGANOSO'],1,enganoso,verdadeiro fora de contexto ou exagerado,False,verdadeiro fora de contexto ou exagerado,False,
https://politica.estadao.com.br/blogs/estadao-verifica/e-falso-que-porto-feliz-no-interior-paulista-nao-tenha-nenhum-obito-por-covid-19/,ESTADAO_VERIFICA,2020-07-16,['FALSO'],1,falso,falso,False,falso,False,
https://politica.estadao.com.br/blogs/estadao-verifica/especialistas-esclarecem-que-levantar-se-rapido-durante-a-noite-nao-causa-morte-subita/,ESTADAO_VERIFICA,2020-07-16,['ENGANOSO'],1,enganoso,verdadeiro fora de contexto ou exagerado,False,verdadeiro fora de contexto ou exagerado,False,
https://politica.estadao.com.br/blogs/estadao-verifica/e-falso-que-receita-de-medicina-natural-combata-a-covid-19/,ESTADAO_VERIFICA,2020-07-14,['FALSO'],1,falso,falso,False,falso,False,
https://politica.estadao.com.br/blogs/estadao-verifica/pls-aprovados-na-camara-falam-em-protecao-a-vitimas-de-violencia-domestica-e-nao-alteram-legislacao-sobre-aborto/,ESTADAO_VERIFICA,2020-07-14,['FALSO'],1,falso,falso,False,falso,False,
https://politica.estadao.com.br/blogs/estadao-verifica/hospital-geral-de-fortaleza-ainda-tem-pacientes-com-covid-19-em-uti/,ESTADAO_VERIFICA,2020-07-14,['FORA DE CONTEXTO'],1,fora de contexto,verdadeiro fora de contexto ou exagerado,False,verdadeiro fora de contexto ou exagerado,False,
https://politica.estadao.com.br/blogs/estadao-verifica/mario-sergio-cortella-nega-ser-autor-de-texto-viral-atire-a-primeira-pedra/,ESTADAO_VERIFICA,2020-07-13,['FALSO'],1,falso,falso,False,falso,False,
https://politica.estadao.com.br/blogs/estadao-verifica/nao-teste-para-detectar-novo-coronavirus-nao-causa-inflamacao-no-cerebro/,ESTADAO_VERIFICA,2020-07-13,['FALSO'],1,falso,falso,False,falso,False,
https://politica.estadao.com.br/blogs/estadao-verifica/e-falso-que-a-africa-tenha-controlado-pandemia-com-ivermectina/,ESTADAO_VERIFICA,2020-07-13,['FALSO'],1,falso,falso,False,falso,False,
https://politica.estadao.com.br/blogs/estadao-verifica/estudos-falharam-em-provar-beneficio-da-cloroquina-para-tratamento-da-covid-19/,ESTADAO_VERIFICA,2020-07-10,['FALSO'],1,falso,falso,False,falso,False,
https://politica.estadao.com.br/blogs/estadao-verifica/posts-mostram-evento-de-130-anos-da-torre-eiffel-como-se-fosse-homenagem-a-vitimas-de-covid-19/,ESTADAO_VERIFICA,2020-07-10,['FORA DE CONTEXTO'],1,fora de contexto,verdadeiro fora de contexto ou exagerado,False,verdadeiro fora de contexto ou exagerado,False,
https://politica.estadao.com.br/blogs/estadao-verifica/video-mostra-recepcao-a-bolsonaro-em-minas-gerais-e-nao-no-nordeste/,ESTADAO_VERIFICA,2020-07-07,['FORA DE CONTEXTO'],1,fora de contexto,verdadeiro fora de contexto ou exagerado,False,verdadeiro fora de contexto ou exagerado,False,
https://politica.estadao.com.br/blogs/estadao-verifica/imagem-de-flamingos-em-canal-de-veneza-e-montagem-de-artista-russa/,ESTADAO_VERIFICA,2020-07-07,['FORA DE CONTEXTO'],1,fora de contexto,verdadeiro fora de contexto ou exagerado,False,verdadeiro fora de contexto ou exagerado,False,
https://politica.estadao.com.br/blogs/estadao-verifica/demonio-em-telhado-de-igreja-foi-criado-com-efeitos-especiais/,ESTADAO_VERIFICA,2020-07-07,['FORA DE CONTEXTO'],1,fora de contexto,verdadeiro fora de contexto ou exagerado,False,verdadeiro fora de contexto ou exagerado,False,
https://politica.estadao.com.br/blogs/estadao-verifica/e-falso-que-china-tenha-entrado-em-alerta-maximo-por-peste-bubonica/,ESTADAO_VERIFICA,2020-07-06,['FALSO'],1,falso,falso,False,falso,False,
https://politica.estadao.com.br/blogs/estadao-verifica/para-atacar-deputado-boato-inventa-voto-contra-uso-do-fundo-eleitoral-no-combate-a-covid-19/,ESTADAO_VERIFICA,2020-07-03,['FALSO'],1,falso,falso,False,falso,False,
https://politica.estadao.com.br/blogs/estadao-verifica/e-falso-que-prefeitura-de-sao-paulo-tenha-comprado-38-mil-caixoes-sem-licitacao/,ESTADAO_VERIFICA,2020-07-01,['FALSO'],1,falso,falso,False,falso,False,
https://politica.estadao.com.br/blogs/estadao-verifica/postagem-distorce-decisao-do-tse-ao-afirmar-que-candidato-ficha-suja-podera-concorrer/,ESTADAO_VERIFICA,2020-09-30,['ENGANOSO'],1,enganoso,verdadeiro fora de contexto ou exagerado,False,verdadeiro fora de contexto ou exagerado,False,
https://politica.estadao.com.br/blogs/estadao-verifica/e-falso-que-bolsonaro-tenha-descoberto-venda-da-amazonia-no-governo-dilma/,ESTADAO_VERIFICA,2020-09-29,['FALSO'],1,falso,falso,False,falso,False,
https://politica.estadao.com.br/blogs/estadao-verifica/para-atacar-mulher-de-lula-postagens-multiplicam-por-100-o-valor-de-heranca-que-ela-deixou/,ESTADAO_VERIFICA,2020-09-28,['FALSO'],1,falso,falso,False,falso,False,
https://politica.estadao.com.br/blogs/estadao-verifica/foto-de-cesar-tralli-andando-de-patins-sem-mascara-e-de-2014/,ESTADAO_VERIFICA,2020-09-28,['FORA DE CONTEXTO'],1,fora de contexto,verdadeiro fora de contexto ou exagerado,False,verdadeiro fora de contexto ou exagerado,False,
https://politica.estadao.com.br/blogs/estadao-verifica/filho-de-sergio-cabral-nao-e-candidato-nem-evita-usar-sobrenome-do-pai/,ESTADAO_VERIFICA,2020-09-28,['FALSO'],1,falso,falso,False,falso,False,
https://politica.estadao.com.br/blogs/estadao-verifica/boato-que-associa-falsamente-haddad-a-frase-sobre-genero-de-criancas-volta-a-circular-nas-redes/,ESTADAO_VERIFICA,2020-09-28,['FALSO'],1,falso,falso,False,falso,False,
https://politica.estadao.com.br/blogs/estadao-verifica/foto-de-indigena-em-queima-controlada-e-de-2014-e-nao-tem-relacao-com-incendios-no-pantanal/,ESTADAO_VERIFICA,2020-09-25,['FALSO'],1,falso,falso,False,falso,False,
https://politica.estadao.com.br/blogs/estadao-verifica/mascaras-reduzem-transmissao-da-covid-19-ao-contrario-do-que-afirma-postagem/,ESTADAO_VERIFICA,2020-09-25,['FALSO'],1,falso,falso,False,falso,False,
https://politica.estadao.com.br/blogs/estadao-verifica/postagem-engana-ao-associar-alimentos-transgenicos-a-cancer/,ESTADAO_VERIFICA,2020-09-24,['FALSO'],1,falso,falso,False,falso,False,
https://politica.estadao.com.br/blogs/estadao-verifica/nao-e-do-stf-decisao-contra-volta-ao-trabalho-presencial-de-peritos-do-inss/,ESTADAO_VERIFICA,2020-09-24,['ENGANOSO'],1,enganoso,verdadeiro fora de contexto ou exagerado,False,verdadeiro fora de contexto ou exagerado,False,
https://politica.estadao.com.br/blogs/estadao-verifica/postagem-inventa-cargo-publico-para-renan-bolsonaro-com-salario-de-r-37-mil/,ESTADAO_VERIFICA,2020-09-23,['FALSO'],1,falso,falso,False,falso,False,
https://politica.estadao.com.br/blogs/estadao-verifica/postagem-exagera-valor-que-senador-major-olimpio-recebe-por-mes/,ESTADAO_VERIFICA,2020-09-14,['FALSO'],1,falso,falso,False,falso,False,
https://politica.estadao.com.br/blogs/estadao-verifica/imagem-de-mulher-usando-mascara-em-banho-de-mar-e-montagem/,ESTADAO_VERIFICA,2020-09-11,['FALSO'],1,falso,falso,False,falso,False,
https://politica.estadao.com.br/blogs/estadao-verifica/argentina-cuba-e-venezuela-tem-auxilio-emergencial-na-pandemia-ao-contrario-do-que-afirma-post/,ESTADAO_VERIFICA,2020-09-11,['FALSO'],1,falso,falso,False,falso,False,
https://politica.estadao.com.br/blogs/estadao-verifica/e-falso-que-video-viral-mostre-cirurgia-de-retirada-de-tenia/,ESTADAO_VERIFICA,2020-09-11,['ENGANOSO'],1,enganoso,verdadeiro fora de contexto ou exagerado,False,verdadeiro fora de contexto ou exagerado,False,
https://politica.estadao.com.br/blogs/estadao-verifica/e-falso-que-niemeyer-tenha-dito-que-brasilia-deveria-ter-sido-projetada-em-forma-de-camburao/,ESTADAO_VERIFICA,2020-09-10,['FALSO'],1,falso,falso,False,falso,False,
https://politica.estadao.com.br/blogs/estadao-verifica/video-de-bolsonaro-com-bandeira-dos-eua-nao-foi-feito-no-7-de-setembro/,ESTADAO_VERIFICA,2020-09-08,['FORA DE CONTEXTO'],1,fora de contexto,verdadeiro fora de contexto ou exagerado,False,verdadeiro fora de contexto ou exagerado,False,
https://politica.estadao.com.br/blogs/estadao-verifica/foto-antiga-de-incendio-circula-fora-de-contexto-com-imagens-de-manifestacao-de-2017/,ESTADAO_VERIFICA,2020-09-04,['FORA DE CONTEXTO'],1,fora de contexto,verdadeiro fora de contexto ou exagerado,False,verdadeiro fora de contexto ou exagerado,False,
https://politica.estadao.com.br/blogs/estadao-verifica/e-falso-que-ricardo-salles-tenha-sido-internado-por-causa-de-envenenamento-com-mamona/,ESTADAO_VERIFICA,2020-09-03,['FALSO'],1,falso,falso,False,falso,False,
https://politica.estadao.com.br/blogs/estadao-verifica/benedita-da-silva-e-brizola-nao-sao-os-unicos-ex-governadores-do-rio-que-nao-foram-presos/,ESTADAO_VERIFICA,2020-09-01,['FALSO'],1,falso,falso,False,falso,False,
https://politica.estadao.com.br/blogs/estadao-verifica/boato-sobre-mais-medicos-subestima-participacao-de-brasileiros-e-omite-desistencias/,ESTADAO_VERIFICA,2019-10-22,['ENGANOSO'],1,enganoso,verdadeiro fora de contexto ou exagerado,False,verdadeiro fora de contexto ou exagerado,False,
https://politica.estadao.com.br/blogs/estadao-verifica/navio-portugues-e-usado-em-postagens-como-se-fosse-petroleiro-da-venezuela-despejando-oleo-no-nordeste/,ESTADAO_VERIFICA,2019-10-15,['ENGANOSO'],1,enganoso,verdadeiro fora de contexto ou exagerado,False,verdadeiro fora de contexto ou exagerado,False,
https://politica.estadao.com.br/blogs/estadao-verifica/e-falso-que-cristina-kirchner-apareca-sendo-vacinada-sem-agulha-nem-seringa-imagem-antiga-e-manipulada-alimenta-campanha-negacionista/,ESTADAO_VERIFICA,2020-12-30,['FORA DE CONTEXTO'],1,fora de contexto,verdadeiro fora de contexto ou exagerado,False,verdadeiro fora de contexto ou exagerado,False,
https://politica.estadao.com.br/blogs/estadao-verifica/e-falso-que-enfermeira-americana-tenha-morrido-apos-tomar-vacina-da-pfizer-biontech/,ESTADAO_VERIFICA,2020-12-22,['FALSO'],1,falso,falso,False,falso,False,
https://politica.estadao.com.br/blogs/estadao-verifica/talidomida-vacinas-covid/,ESTADAO_VERIFICA,2020-12-21,['ENGANOSO'],1,enganoso,verdadeiro fora de contexto ou exagerado,False,verdadeiro fora de contexto ou exagerado,False,
https://politica.estadao.com.br/blogs/estadao-verifica/trecho-de-fala-de-bill-gates-e-editado-para-desacreditar-seguranca-de-vacinas/,ESTADAO_VERIFICA,2020-12-17,['FALSO'],1,falso,falso,False,falso,False,
https://politica.estadao.com.br/blogs/estadao-verifica/nao-china-nao-coleta-dna-dos-voluntarios-de-testes-de-vacinas-contra-covid-19/,ESTADAO_VERIFICA,2020-12-17,['FALSO'],1,falso,falso,False,falso,False,
https://politica.estadao.com.br/blogs/estadao-verifica/e-falso-que-europa-tenha-interditado-vacinas-chinesas/,ESTADAO_VERIFICA,2020-12-16,['FALSO'],1,falso,falso,False,falso,False,
https://politica.estadao.com.br/blogs/estadao-verifica/novo-coronavirus-tem-origem-natural-ao-contrario-do-que-afirma-virologista-chinesa/,ESTADAO_VERIFICA,2020-12-15,['FALSO'],1,falso,falso,False,falso,False,
https://politica.estadao.com.br/blogs/estadao-verifica/agencia-dos-eua-descartou-relacao-de-vacina-com-morte-de-voluntarios-da-pfizer-maioria-dos-obitos-ocorreu-em-grupo-de-placebo/,ESTADAO_VERIFICA,2020-12-15,['FALSO'],1,falso,falso,False,falso,False,
https://politica.estadao.com.br/blogs/estadao-verifica/nao-agencia-dos-eua-nao-alertou-que-vacinas-contra-covid-19-podem-provocar-enfarte/,ESTADAO_VERIFICA,2020-12-14,['ENGANOSO'],1,enganoso,verdadeiro fora de contexto ou exagerado,False,verdadeiro fora de contexto ou exagerado,False,
https://politica.estadao.com.br/blogs/estadao-verifica/campanha-de-desinformacao-sobre-vacina-apela-para-ligacao-estapafurdia-entra-imunizante-e-infertilidade/,ESTADAO_VERIFICA,2020-12-14,['FALSO'],1,falso,falso,False,falso,False,
https://politica.estadao.com.br/blogs/estadao-verifica/e-falsa-postagem-atribuida-a-deltan-dallagnol-com-criticas-a-rodrigo-maia/,ESTADAO_VERIFICA,2020-12-11,['FALSO'],1,falso,falso,False,falso,False,
https://politica.estadao.com.br/blogs/estadao-verifica/e-falso-que-trump-tenha-cancelado-id2020-programa-de-identidade-digital-apoiado-pela-microsoft/,ESTADAO_VERIFICA,2020-12-10,['FALSO'],1,falso,falso,False,falso,False,
https://politica.estadao.com.br/blogs/estadao-verifica/e-falso-que-farmaceutica-glaxo-seja-dona-de-laboratorio-biologico-na-china/,ESTADAO_VERIFICA,2020-12-10,['FALSO'],1,falso,falso,False,falso,False,
https://politica.estadao.com.br/blogs/estadao-verifica/tratamento-precoce-de-covid-19-citado-por-enfermeiro-em-video-nao-tem-respaldo-cientifico/,ESTADAO_VERIFICA,2020-12-08,['ENGANOSO'],1,enganoso,verdadeiro fora de contexto ou exagerado,False,verdadeiro fora de contexto ou exagerado,False,
https://politica.estadao.com.br/blogs/estadao-verifica/restricao-a-festas-de-fim-de-ano-em-sp-vale-apenas-para-estabelecimentos-comerciais/,ESTADAO_VERIFICA,2020-12-04,['ENGANOSO'],1,enganoso,verdadeiro fora de contexto ou exagerado,False,verdadeiro fora de contexto ou exagerado,False,
https://politica.estadao.com.br/blogs/estadao-verifica/e-falso-que-boulos-tenha-sido-internado-no-hospital-albert-einstein/,ESTADAO_VERIFICA,2020-12-04,['FALSO'],1,falso,falso,False,falso,False,
https://politica.estadao.com.br/blogs/estadao-verifica/ex-vice-presidente-da-pfizer-compartilha-informacoes-falsas-sobre-vacinas-e-pandemia/,ESTADAO_VERIFICA,2020-12-03,['FALSO'],1,falso,falso,False,falso,False,
https://politica.estadao.com.br/blogs/estadao-verifica/e-falso-que-hidroxicloroquina-no-inicio-da-covid-19-descarte-necessidade-de-uti/,ESTADAO_VERIFICA,2020-06-30,['ENGANOSO'],1,enganoso,verdadeiro fora de contexto ou exagerado,False,verdadeiro fora de contexto ou exagerado,False,
https://politica.estadao.com.br/blogs/estadao-verifica/publicacao-no-facebook-fabrica-taxa-de-desaprovacao-ao-stf/,ESTADAO_VERIFICA,2020-06-29,['FALSO'],1,falso,falso,False,falso,False,
https://politica.estadao.com.br/blogs/estadao-verifica/foto-de-agressao-a-motorista-de-onibus-foi-tirada-em-2015-no-recife-e-nao-tem-relacao-com-a-covid-19/,ESTADAO_VERIFICA,2020-06-29,['FORA DE CONTEXTO'],1,fora de contexto,verdadeiro fora de contexto ou exagerado,False,verdadeiro fora de contexto ou exagerado,False,
https://politica.estadao.com.br/blogs/estadao-verifica/prefeito-de-sao-paulo-nao-proibiu-hidroxicloroquina-e-usou-azitromicina-no-tratamento-da-covid-19/,ESTADAO_VERIFICA,2020-06-26,['FALSO'],1,falso,falso,False,falso,False,
https://politica.estadao.com.br/blogs/estadao-verifica/nao-ha-evidencias-que-80-da-populacao-seja-imune-ao-novo-coronavirus/,ESTADAO_VERIFICA,2020-06-26,['FALSO'],1,falso,falso,False,falso,False,
https://politica.estadao.com.br/blogs/estadao-verifica/boato-resgata-foto-antiga-de-joao-doria-sem-mascara-em-local-publico/,ESTADAO_VERIFICA,2020-06-26,['FORA DE CONTEXTO'],1,fora de contexto,verdadeiro fora de contexto ou exagerado,False,verdadeiro fora de contexto ou exagerado,False,
https://politica.estadao.com.br/blogs/estadao-verifica/postagem-distorce-contexto-de-apreensao-de-medicamentos-em-cidade-da-paraiba/,ESTADAO_VERIFICA,2020-06-25,['FORA DE CONTEXTO'],1,fora de contexto,verdadeiro fora de contexto ou exagerado,False,verdadeiro fora de contexto ou exagerado,False,
https://politica.estadao.com.br/blogs/estadao-verifica/boato-inventa-critica-da-tv-globo-e-resposta-do-flamengo-sobre-retorno-do-futebol-na-pandemia/,ESTADAO_VERIFICA,2020-06-25,['FALSO'],1,falso,falso,False,falso,False,
https://politica.estadao.com.br/blogs/estadao-verifica/video-de-medicos-dancando-em-israel-nao-tem-relacao-com-o-controle-de-casos-de-covid-19/,ESTADAO_VERIFICA,2020-06-25,['FORA DE CONTEXTO'],1,fora de contexto,verdadeiro fora de contexto ou exagerado,False,verdadeiro fora de contexto ou exagerado,False,
https://politica.estadao.com.br/blogs/estadao-verifica/uso-correto-de-mascaras-reduz-chances-de-contaminacao-pelo-coronavirus-e-nao-torna-o-sangue-acido/,ESTADAO_VERIFICA,2020-06-25,['ENGANOSO'],1,enganoso,verdadeiro fora de contexto ou exagerado,False,verdadeiro fora de contexto ou exagerado,False,
https://politica.estadao.com.br/blogs/estadao-verifica/e-falso-que-hospitais-recebem-r-18-mil-por-cada-obito-registrado-como-covid-19/,ESTADAO_VERIFICA,2020-06-25,['FALSO'],1,falso,falso,False,falso,False,
https://politica.estadao.com.br/blogs/estadao-verifica/mensagem-que-promete-almanaque-de-estudos-da-turma-da-monica-e-falsa/,ESTADAO_VERIFICA,2020-06-25,['FALSO'],1,falso,falso,False,falso,False,
https://politica.estadao.com.br/blogs/estadao-verifica/homem-no-ceara-foi-preso-por-crime-militar-e-nao-por-criticar-compra-de-ventiladores/,ESTADAO_VERIFICA,2020-06-23,['ENGANOSO'],1,enganoso,verdadeiro fora de contexto ou exagerado,False,verdadeiro fora de contexto ou exagerado,False,
https://politica.estadao.com.br/blogs/estadao-verifica/foto-de-ato-pro-governo-de-marco-e-compartilhada-como-se-fosse-recente/,ESTADAO_VERIFICA,2020-06-23,['FORA DE CONTEXTO'],1,fora de contexto,verdadeiro fora de contexto ou exagerado,False,verdadeiro fora de contexto ou exagerado,False,
https://politica.estadao.com.br/blogs/estadao-verifica/hospital-de-messejana-no-ceara-continua-recebendo-pacientes-com-covid-19/,ESTADAO_VERIFICA,2020-06-22,['FORA DE CONTEXTO'],1,fora de contexto,verdadeiro fora de contexto ou exagerado,False,verdadeiro fora de contexto ou exagerado,False,
https://politica.estadao.com.br/blogs/estadao-verifica/apreensao-de-dinheiro-nao-foi-gravada-na-casa-de-secretario-da-saude-de-belem/,ESTADAO_VERIFICA,2020-06-22,['ENGANOSO'],1,enganoso,verdadeiro fora de contexto ou exagerado,False,verdadeiro fora de contexto ou exagerado,False,
https://politica.estadao.com.br/blogs/estadao-verifica/c-s-lewis-nao-escreveu-texto-sobre-pandemia-de-covid-19/,ESTADAO_VERIFICA,2020-06-22,['FALSO'],1,falso,falso,False,falso,False,
https://politica.estadao.com.br/blogs/estadao-verifica/uso-da-cloroquina-nao-explica-a-situacao-da-pandemia-no-senegal/,ESTADAO_VERIFICA,2020-06-19,['ENGANOSO'],1,enganoso,verdadeiro fora de contexto ou exagerado,False,verdadeiro fora de contexto ou exagerado,False,
https://politica.estadao.com.br/blogs/estadao-verifica/foto-de-modelo-destruindo-boneco-nao-faz-parte-de-campanha-pro-aborto/,ESTADAO_VERIFICA,2020-06-19,['FORA DE CONTEXTO'],1,fora de contexto,verdadeiro fora de contexto ou exagerado,False,verdadeiro fora de contexto ou exagerado,False,
https://politica.estadao.com.br/blogs/estadao-verifica/video-que-acusa-hospitais-de-provocar-mortes-para-registra-las-como-covid-19-tem-informacoes-enganosas/,ESTADAO_VERIFICA,2020-06-18,['ENGANOSO'],1,enganoso,verdadeiro fora de contexto ou exagerado,False,verdadeiro fora de contexto ou exagerado,False,
https://politica.estadao.com.br/blogs/estadao-verifica/foto-de-medico-chines-morto-em-2016-e-tirada-de-contexto-para-criticar-descaso-com-a-quarentena/,ESTADAO_VERIFICA,2020-06-18,['FORA DE CONTEXTO'],1,fora de contexto,verdadeiro fora de contexto ou exagerado,False,verdadeiro fora de contexto ou exagerado,False,
https://politica.estadao.com.br/blogs/estadao-verifica/tabela-com-risco-de-transmissao-de-covid-19-nao-foi-divulgada-por-governo-americano/,ESTADAO_VERIFICA,2020-06-18,['ENGANOSO'],1,enganoso,verdadeiro fora de contexto ou exagerado,False,verdadeiro fora de contexto ou exagerado,False,
https://politica.estadao.com.br/blogs/estadao-verifica/revogacao-de-uso-emergencial-da-hidroxicloroquina-pela-fda-causa-desinformacao-nas-redes/,ESTADAO_VERIFICA,2020-06-18,['ENGANOSO'],1,enganoso,verdadeiro fora de contexto ou exagerado,False,verdadeiro fora de contexto ou exagerado,False,
https://politica.estadao.com.br/blogs/estadao-verifica/parceria-para-vacina-contra-a-covid-19-nao-foi-firmada-por-doria-no-ano-passado/,ESTADAO_VERIFICA,2020-06-18,['FALSO'],1,falso,falso,False,falso,False,
https://politica.estadao.com.br/blogs/estadao-verifica/vacina-que-sera-testada-em-sao-paulo-teve-ensaios-clinicos-anteriores-na-china/,ESTADAO_VERIFICA,2020-06-18,['ENGANOSO'],1,enganoso,verdadeiro fora de contexto ou exagerado,False,verdadeiro fora de contexto ou exagerado,False,
https://politica.estadao.com.br/blogs/estadao-verifica/receitas-caseiras-circulam-nas-redes-mas-nao-curam-covid-19/,ESTADAO_VERIFICA,2020-06-18,['FALSO'],1,falso,falso,False,falso,False,
https://politica.estadao.com.br/blogs/estadao-verifica/e-falso-que-stf-tenha-sido-responsavel-pela-soltura-de-32-mil-presos-por-causa-da-covid-19/,ESTADAO_VERIFICA,2020-06-16,['FALSO'],1,falso,falso,False,falso,False,
https://politica.estadao.com.br/blogs/estadao-verifica/e-falso-que-funcionarios-de-empresa-de-medicao-de-luz-sejam-assaltantes/,ESTADAO_VERIFICA,2020-06-15,['FALSO'],1,falso,falso,False,falso,False,
https://politica.estadao.com.br/blogs/estadao-verifica/alcool-em-gel-e-transportado-com-areia-por-orientacao-da-anac/,ESTADAO_VERIFICA,2020-06-13,['ENGANOSO'],1,enganoso,verdadeiro fora de contexto ou exagerado,False,verdadeiro fora de contexto ou exagerado,False,
https://politica.estadao.com.br/blogs/estadao-verifica/foto-de-aniversario-de-haddad-e-tirada-de-contexto-para-acusar-petista-de-furar-quarentena/,ESTADAO_VERIFICA,2020-06-12,['FALSO'],1,falso,falso,False,falso,False,
https://politica.estadao.com.br/blogs/estadao-verifica/imagem-mostra-boneco-de-plastico-em-protesto-e-nao-corpo-carregado-so-por-uma-mao/,ESTADAO_VERIFICA,2020-06-11,['ENGANOSO'],1,enganoso,verdadeiro fora de contexto ou exagerado,False,verdadeiro fora de contexto ou exagerado,False,
https://politica.estadao.com.br/blogs/estadao-verifica/fala-da-oms-sobre-transmissao-por-assintomaticos-e-distorcida-nas-redes/,ESTADAO_VERIFICA,2020-06-11,['ENGANOSO'],1,enganoso,verdadeiro fora de contexto ou exagerado,False,verdadeiro fora de contexto ou exagerado,False,
https://politica.estadao.com.br/blogs/estadao-verifica/foto-de-manifestante-agredindo-policial-foi-tirada-em-2010-na-grecia/,ESTADAO_VERIFICA,2020-06-08,['FORA DE CONTEXTO'],1,fora de contexto,verdadeiro fora de contexto ou exagerado,False,verdadeiro fora de contexto ou exagerado,False,
https://politica.estadao.com.br/blogs/estadao-verifica/publicacao-distorce-informacoes-sobre-protocolos-para-uso-de-medicamentos-contra-a-covid-19/,ESTADAO_VERIFICA,2020-06-05,['ENGANOSO'],1,enganoso,verdadeiro fora de contexto ou exagerado,False,verdadeiro fora de contexto ou exagerado,False,
https://politica.estadao.com.br/blogs/estadao-verifica/automedicacao-em-casos-de-covid-19-e-perigosa-nao-siga-receitas-de-redes-sociais/,ESTADAO_VERIFICA,2020-06-05,['FALSO'],1,falso,falso,False,falso,False,
https://politica.estadao.com.br/blogs/estadao-verifica/e-falso-que-utis-no-rio-tenham-sido-fechadas-por-falta-de-pacientes-de-covid-19/,ESTADAO_VERIFICA,2020-06-05,['FALSO'],1,falso,falso,False,falso,False,
https://politica.estadao.com.br/blogs/estadao-verifica/e-falso-que-cha-de-boldo-cure-sintomas-causados-pelo-novo-coronavirus/,ESTADAO_VERIFICA,2020-06-05,['FALSO'],1,falso,falso,False,falso,False,
https://politica.estadao.com.br/blogs/estadao-verifica/fala-de-medicos-sobre-coronavirus-perder-forca-nao-tem-apoio-de-orgaos-de-saude/,ESTADAO_VERIFICA,2020-06-05,['ENGANOSO'],1,enganoso,verdadeiro fora de contexto ou exagerado,False,verdadeiro fora de contexto ou exagerado,False,
https://politica.estadao.com.br/blogs/estadao-verifica/video-distorce-informacoes-sobre-o-uso-da-cloroquina-para-a-covid-19/,ESTADAO_VERIFICA,2020-06-05,['ENGANOSO'],1,enganoso,verdadeiro fora de contexto ou exagerado,False,verdadeiro fora de contexto ou exagerado,False,
https://politica.estadao.com.br/blogs/estadao-verifica/laranja-e-limao-com-mel-nao-previnem-contra-novo-coronavirus/,ESTADAO_VERIFICA,2020-06-01,['FALSO'],1,falso,falso,False,falso,False,
https://g1.globo.com/fato-ou-fake/noticia/2019/09/24/veja-o-que-e-fato-ou-fake-no-discurso-de-bolsonaro-na-onu.ghtml,fato-ou-fake,2019-09-24,"['fake', 'nao e bem assim', 'nao e bem assim', 'fato', 'nao e bem assim', 'nao e bem assim', 'fato', 'fato', 'nao e bem assim']",9,fake|nao e bem assim|nao e bem assim|fato|nao e bem assim|nao e bem assim|fato|fato|nao e bem assim,falso|verdadeiro fora de contexto ou exagerado|verdadeiro fora de contexto ou exagerado|verdadeiro|verdadeiro fora de contexto ou exagerado|verdadeiro fora de contexto ou exagerado|verdadeiro|verdadeiro|verdadeiro fora de contexto ou exagerado,True,,False,
https://g1.globo.com/fato-ou-fake/coronavirus/noticia/2020/10/30/e-fake-que-medico-chines-morreu-depois-de-tomar-coronavac.ghtml,fato-ou-fake,2020-10-30,['fake'],1,fake,falso,False,falso,False,
https://g1.globo.com/fato-ou-fake/coronavirus/noticia/2020/10/28/e-fake-que-fazer-refeicoes-quentes-e-comer-ovo-uma-vez-ao-dia-previnam-a-covid-19.ghtml,fato-ou-fake,2020-10-28,['fake'],1,fake,falso,False,falso,False,
https://g1.globo.com/fato-ou-fake/coronavirus/noticia/2020/10/28/e-fake-que-substancias-presentes-em-vacinas-para-a-covid-19-podem-causar-alzheimer-e-fibromialgia.ghtml,fato-ou-fake,2020-10-28,['fake'],1,fake,falso,False,falso,False,
https://g1.globo.com/fato-ou-fake/coronavirus/noticia/2020/10/26/e-fake-que-testes-com-vacinas-para-a-covid-19-tenham-sido-cancelados-no-brasil-por-conta-de-mortes-de-voluntarios.ghtml,fato-ou-fake,2020-10-26,['fake'],1,fake,falso,False,falso,False,
https://g1.globo.com/fato-ou-fake/noticia/2020/10/23/e-fake-mensagem-que-fala-em-abono-emergencial-de-natal-de-r-800.ghtml,fato-ou-fake,2020-10-23,['fake'],1,fake,falso,False,falso,False,
https://g1.globo.com/fato-ou-fake/coronavirus/noticia/2020/10/22/e-fake-que-coronavac-deixou-mais-de-2-mil-mortos-na-china-e-um-tetraplegico-na-inglaterra.ghtml,fato-ou-fake,2020-10-22,['fake'],1,fake,falso,False,falso,False,
https://g1.globo.com/fato-ou-fake/coronavirus/noticia/2020/10/21/veja-o-que-e-fato-ou-fake-no-discurso-de-bolsonaro-sobre-a-vacina-chinesa.ghtml,fato-ou-fake,2020-10-21,"['fake', 'fake']",2,fake|fake,falso|falso,False,falso,False,
https://g1.globo.com/fato-ou-fake/noticia/2020/10/20/e-fake-que-tse-vai-implementar-voto-pelo-celular-nas-eleicoes-de-2020.ghtml,fato-ou-fake,2020-10-20,['fake'],1,fake,falso,False,falso,False,
https://g1.globo.com/fato-ou-fake/coronavirus/noticia/2020/10/20/e-fake-que-doria-disse-que-nao-vai-permitir-que-os-que-nao-tomarem-a-coronavac-passem-a-doenca-para-os-que-tomarem.ghtml,fato-ou-fake,2020-10-20,['fake'],1,fake,falso,False,falso,False,
https://g1.globo.com/fato-ou-fake/noticia/2020/10/16/veja-o-que-e-fato-ou-fake-nas-declaracoes-dos-candidatos-a-prefeitura-do-rio-na-3a-semana-de-campanha.ghtml,fato-ou-fake,2020-10-16,"['nao e bem assim', 'fato', 'fato', 'nao e bem assim', 'fato', 'nao e bem assim', 'fake', 'nao e bem assim', 'nao e bem assim', 'fake', 'fato', 'fato', 'nao e bem assim', 'fato']",14,nao e bem assim|fato|fato|nao e bem assim|fato|nao e bem assim|fake|nao e bem assim|nao e bem assim|fake|fato|fato|nao e bem assim|fato,verdadeiro fora de contexto ou exagerado|verdadeiro|verdadeiro|verdadeiro fora de contexto ou exagerado|verdadeiro|verdadeiro fora de contexto ou exagerado|falso|verdadeiro fora de contexto ou exagerado|verdadeiro fora de contexto ou exagerado|falso|verdadeiro|verdadeiro|verdadeiro fora de contexto ou exagerado|verdadeiro,True,,False,
https://g1.globo.com/fato-ou-fake/coronavirus/noticia/2020/10/14/e-fake-que-telejornal-do-df-fez-recomendacao-para-pessoas-nao-usarem-mais-mascara-apos-sete-meses-de-pandemia.ghtml,fato-ou-fake,2020-10-14,['fake'],1,fake,falso,False,falso,False,
https://g1.globo.com/fato-ou-fake/noticia/2020/10/14/e-fake-que-aposentadoria-de-celso-de-mello-seja-por-invalidez.ghtml,fato-ou-fake,2020-10-14,['fake'],1,fake,falso,False,falso,False,
https://g1.globo.com/fato-ou-fake/noticia/2020/10/11/e-fake-que-russomanno-votou-contra-ficha-limpa.ghtml,fato-ou-fake,2020-10-11,['fake'],1,fake,falso,False,falso,False,
https://g1.globo.com/fato-ou-fake/noticia/2020/10/10/veja-o-que-e-fato-ou-fake-nas-declaracoes-dos-candidatos-a-prefeitura-de-sp-na-2a-semana-de-campanha.ghtml,fato-ou-fake,2020-10-10,"['fake', 'nao e bem assim', 'nao e bem assim', 'fake', 'nao e bem assim', 'fake', 'fato', 'fato', 'fake', 'nao e bem assim', 'nao e bem assim', 'fato', 'fake', 'fato', 'fake', 'nao e bem assim']",16,fake|nao e bem assim|nao e bem assim|fake|nao e bem assim|fake|fato|fato|fake|nao e bem assim|nao e bem assim|fato|fake|fato|fake|nao e bem assim,falso|verdadeiro fora de contexto ou exagerado|verdadeiro fora de contexto ou exagerado|falso|verdadeiro fora de contexto ou exagerado|falso|verdadeiro|verdadeiro|falso|verdadeiro fora de contexto ou exagerado|verdadeiro fora de contexto ou exagerado|verdadeiro|falso|verdadeiro|falso|verdadeiro fora de contexto ou exagerado,True,,False,
https://g1.globo.com/fato-ou-fake/coronavirus/noticia/2020/10/08/e-fake-que-presenca-de-outros-virus-nos-corpos-de-vitimas-da-covid-19-significa-que-pode-nao-ter-havido-nenhuma-morte-pela-doenca.ghtml,fato-ou-fake,2020-10-08,['fake'],1,fake,falso,False,falso,False,
https://g1.globo.com/fato-ou-fake/coronavirus/noticia/2021/01/27/e-fake-que-vacina-contra-covid-19-tem-chip-liquido-e-inteligencia-artificial-para-controle-populacional.ghtml,fato-ou-fake,2021-01-27,['fake'],1,fake,falso,False,falso,False,
https://g1.globo.com/fato-ou-fake/noticia/2021/01/26/e-fake-cartaz-com-cronograma-de-vacinacao-contra-a-covid-19-no-estado-de-sp.ghtml,fato-ou-fake,2021-01-26,['fake'],1,fake,falso,False,falso,False,
https://g1.globo.com/fato-ou-fake/coronavirus/noticia/2021/01/26/e-fake-que-foto-mostre-enfermeiras-de-paraty-com-reacoes-graves-apos-vacina-contra-covid-19.ghtml,fato-ou-fake,2021-01-26,['fake'],1,fake,falso,False,falso,False,
https://g1.globo.com/fato-ou-fake/noticia/2021/01/22/e-fake-que-medico-do-samu-de-salvador-tenha-sido-alvo-de-pergunta-racista-em-entrevista-apos-vacinacao.ghtml,fato-ou-fake,2021-01-22,['fake'],1,fake,falso,False,falso,False,
https://g1.globo.com/fato-ou-fake/coronavirus/noticia/2021/01/19/e-fake-que-site-vacinaja-do-governo-de-sp-seja-golpe.ghtml,fato-ou-fake,2021-01-19,['fake'],1,fake,falso,False,falso,False,
https://g1.globo.com/fato-ou-fake/coronavirus/noticia/2021/01/18/e-fake-calculo-que-diz-que-indice-de-eficacia-da-coronavac-e-inferior-a-50percent.ghtml,fato-ou-fake,2021-01-18,['fake'],1,fake,falso,False,falso,False,
https://g1.globo.com/fato-ou-fake/coronavirus/noticia/2021/01/18/e-fake-que-enfermeira-1a-a-ser-vacinada-no-brasil-ja-tinha-tomado-doses-da-coronavac-e-que-imunizacao-foi-encenada.ghtml,fato-ou-fake,2021-01-18,['fake'],1,fake,falso,False,falso,False,
https://g1.globo.com/fato-ou-fake/coronavirus/noticia/2021/01/15/e-fake-video-que-diz-que-contrato-entre-butantan-e-sinovac-esconde-da-anvisa-dados-sobre-a-composicao-da-vacina.ghtml,fato-ou-fake,2021-01-15,['fake'],1,fake,falso,False,falso,False,
https://g1.globo.com/fato-ou-fake/coronavirus/noticia/2021/01/12/e-fake-que-imagens-mostrem-vacinas-sendo-aplicadas-sem-agulha-e-que-revelem-encenacao.ghtml,fato-ou-fake,2021-01-12,['fake'],1,fake,falso,False,falso,False,
https://g1.globo.com/fato-ou-fake/coronavirus/noticia/2021/01/06/e-fake-que-foto-mostre-cristina-kirchner-tomando-vacina-da-covid-19-sem-mascara.ghtml,fato-ou-fake,2021-01-06,['fake'],1,fake,falso,False,falso,False,
https://g1.globo.com/fato-ou-fake/coronavirus/noticia/2021/01/05/e-fake-que-foto-mostre-renata-vasconcellos-sem-mascara-e-em-aglomeracao-na-virada-do-ano-de-2021.ghtml,fato-ou-fake,2021-01-05,['fake'],1,fake,falso,False,falso,False,
https://g1.globo.com/fato-ou-fake/coronavirus/noticia/2021/01/05/e-fake-que-video-mostre-kamala-harris-fingindo-tomar-vacina-contra-covid-19.ghtml,fato-ou-fake,2021-01-05,['fake'],1,fake,falso,False,falso,False,
https://g1.globo.com/fato-ou-fake/coronavirus/noticia/2021/01/05/e-fake-que-video-mostre-caetano-e-bethania-sambando-sem-mascara-e-em-festa-com-aglomeracao-no-reveillon-de-2021.ghtml,fato-ou-fake,2021-01-05,['fake'],1,fake,falso,False,falso,False,
https://g1.globo.com/fato-ou-fake/coronavirus/noticia/2021/01/03/e-fake-que-apresentadora-maju-coutinho-foi-fotografada-em-praia-do-rio-sem-mascara-durante-o-reveillon-de-2021.ghtml,fato-ou-fake,2021-01-03,['fake'],1,fake,falso,False,falso,False,
https://g1.globo.com/fato-ou-fake/noticia/2020/03/31/e-fake-que-videos-mostrem-donos-do-atacadao-e-do-carrefour-pedindo-fim-do-isolamento-social.ghtml,fato-ou-fake,2020-03-31,['fake'],1,fake,falso,False,falso,False,
https://g1.globo.com/fato-ou-fake/noticia/2020/03/31/e-fake-que-morte-de-traficante-em-tiroteio-foi-noticiada-como-se-fosse-por-covid-19.ghtml,fato-ou-fake,2020-03-31,['fake'],1,fake,falso,False,falso,False,
https://g1.globo.com/fato-ou-fake/noticia/2020/03/30/e-fake-que-a-ingestao-de-alimentos-alcalinos-combate-o-novo-coronavirus.ghtml,fato-ou-fake,2020-03-30,['fake'],1,fake,falso,False,falso,False,
https://g1.globo.com/fato-ou-fake/noticia/2020/03/30/e-fake-que-cafe-tem-substancias-que-combatem-o-coronavirus.ghtml,fato-ou-fake,2020-03-30,['fake'],1,fake,falso,False,falso,False,
https://g1.globo.com/fato-ou-fake/noticia/2020/03/29/e-fake-que-foto-mostre-carro-de-resgate-do-corpo-de-bombeiros-sendo-usado-por-assaltantes-com-mascaras-de-protecao.ghtml,fato-ou-fake,2020-03-29,['fake'],1,fake,falso,False,falso,False,
https://g1.globo.com/fato-ou-fake/noticia/2020/03/29/e-fake-que-imagem-mostre-paciente-curado-da-covid-19-apos-uso-de-medicamento.ghtml,fato-ou-fake,2020-03-29,['fake'],1,fake,falso,False,falso,False,
https://g1.globo.com/fato-ou-fake/noticia/2020/03/28/e-fake-que-pesquisa-do-mit-concluiu-que-o-coronavirus-nao-e-transmitido-em-locais-com-temperaturas-acima-de-20oc.ghtml,fato-ou-fake,2020-03-28,['fake'],1,fake,falso,False,falso,False,
https://g1.globo.com/fato-ou-fake/noticia/2020/03/27/e-fake-que-video-mostre-saque-a-supermercado-no-brasil-apos-restricoes-por-conta-do-coronavirus.ghtml,fato-ou-fake,2020-03-27,['fake'],1,fake,falso,False,falso,False,
https://g1.globo.com/fato-ou-fake/noticia/2020/03/27/e-fake-mensagem-que-fala-em-saque-do-fundo-previdenciario-para-ajudar-populacao-por-conta-do-coronavirus.ghtml,fato-ou-fake,2020-03-27,['fake'],1,fake,falso,False,falso,False,
https://g1.globo.com/fato-ou-fake/noticia/2020/03/27/e-fake-mensagem-que-fala-em-cadastro-para-receber-de-r-600-a-r-1200-de-auxilio-emergencial-por-causa-do-coronavirus.ghtml,fato-ou-fake,2020-03-27,['fake'],1,fake,falso,False,falso,False,
https://g1.globo.com/fato-ou-fake/noticia/2020/03/26/e-fake-que-video-mostre-descarte-de-alimentos-no-ceagesp-causado-por-bloqueio-de-caminhoes-apos-o-novo-coronavirus.ghtml,fato-ou-fake,2020-03-26,['fake'],1,fake,falso,False,falso,False,
https://g1.globo.com/fato-ou-fake/noticia/2020/03/26/e-fake-imagem-que-mostra-inscricao-covid-19-em-vagao-de-trem.ghtml,fato-ou-fake,2020-03-26,['fake'],1,fake,falso,False,falso,False,
https://g1.globo.com/fato-ou-fake/noticia/2020/03/26/e-fake-que-mais-de-200-criancas-morreram-por-causa-da-covid-19-na-italia-em-apenas-um-dia.ghtml,fato-ou-fake,2020-03-26,['fake'],1,fake,falso,False,falso,False,
https://g1.globo.com/fato-ou-fake/noticia/2020/03/25/e-fake-que-video-mostre-saques-a-supermercados-e-lojas-em-sao-vicente-em-meio-a-pandemia-do-coronavirus.ghtml,fato-ou-fake,2020-03-25,['fake'],1,fake,falso,False,falso,False,
https://g1.globo.com/fato-ou-fake/noticia/2020/03/25/e-fake-que-inicio-do-surto-de-h1n1-no-brasil-em-2009-matou-mais-que-o-do-novo-coronavirus.ghtml,fato-ou-fake,2020-03-25,['fake'],1,fake,falso,False,falso,False,
https://g1.globo.com/fato-ou-fake/noticia/2020/03/25/e-fake-que-anatel-tem-dado-7-gb-de-internet-a-populacao-por-causa-do-coronavirus.ghtml,fato-ou-fake,2020-03-25,['fake'],1,fake,falso,False,falso,False,
https://g1.globo.com/fato-ou-fake/noticia/2020/03/24/e-fake-que-imagens-mostrem-rainha-elizabeth-ii-com-mascaras-da-mesma-cor-da-roupa-no-meio-da-pandemia-de-coronavirus.ghtml,fato-ou-fake,2020-03-24,['fake'],1,fake,falso,False,falso,False,
https://g1.globo.com/fato-ou-fake/noticia/2020/03/24/e-fake-print-de-reportagem-que-diz-que-crianca-foi-batizada-de-alquingel-no-es-em-meio-a-pandemia-do-coronavirus.ghtml,fato-ou-fake,2020-03-24,['fake'],1,fake,falso,False,falso,False,
https://g1.globo.com/fato-ou-fake/noticia/2020/03/24/e-fake-que-filme-de-2013-chamado-coronavirus-previu-a-pandemia-atual.ghtml,fato-ou-fake,2020-03-24,['fake'],1,fake,falso,False,falso,False,
https://g1.globo.com/fato-ou-fake/noticia/2020/03/24/e-fake-que-lei-proibe-sair-de-casa-por-quase-um-mes-e-preve-multa-ou-prisao-por-descumprimento-em-razao-do-coronavirus.ghtml,fato-ou-fake,2020-03-24,['fake'],1,fake,falso,False,falso,False,
https://g1.globo.com/fato-ou-fake/noticia/2020/03/24/e-fake-que-auto-hemoterapia-cure-a-covid-19.ghtml,fato-ou-fake,2020-03-24,['fake'],1,fake,falso,False,falso,False,
https://g1.globo.com/fato-ou-fake/noticia/2020/03/24/e-fake-que-ozonioterapia-mata-o-novo-coronavirus.ghtml,fato-ou-fake,2020-03-24,['fake'],1,fake,falso,False,falso,False,
https://g1.globo.com/fato-ou-fake/noticia/2020/03/23/e-fake-que-imagem-mostre-vacina-contra-o-coronavirus-feita-por-cientistas-dos-eua.ghtml,fato-ou-fake,2020-03-23,['fake'],1,fake,falso,False,falso,False,
https://g1.globo.com/fato-ou-fake/noticia/2020/03/23/e-fake-que-governo-russo-soltou-leoes-nas-ruas-para-amedrontar-a-populacao-e-faze-la-ficar-em-casa-por-conta-do-coronavirus.ghtml,fato-ou-fake,2020-03-23,['fake'],1,fake,falso,False,falso,False,
https://g1.globo.com/fato-ou-fake/noticia/2020/03/23/e-fake-mensagem-sobre-cadastramento-para-receber-auxilio-cidadao-por-causa-do-coronavirus.ghtml,fato-ou-fake,2020-03-23,['fake'],1,fake,falso,False,falso,False,
https://g1.globo.com/fato-ou-fake/noticia/2020/03/22/e-fake-que-apresentadora-maria-julia-coutinho-tenha-ido-a-praia-mesmo-com-recomendacao-de-autoridades-devido-ao-coronavirus.ghtml,fato-ou-fake,2020-03-22,['fake'],1,fake,falso,False,falso,False,
https://g1.globo.com/fato-ou-fake/noticia/2020/03/20/e-fake-que-banho-muito-gelado-ou-muito-quente-combate-o-novo-coronavirus.ghtml,fato-ou-fake,2020-03-20,['fake'],1,fake,falso,False,falso,False,
https://g1.globo.com/fato-ou-fake/noticia/2020/03/20/e-fake-que-medida-provisoria-determina-suspensao-da-aposentadoria-dos-idosos-que-sairem-as-ruas-em-meio-a-pandemia-do-coronavirus.ghtml,fato-ou-fake,2020-03-20,['fake'],1,fake,falso,False,falso,False,
https://g1.globo.com/fato-ou-fake/noticia/2020/03/19/e-fake-mensagem-que-indica-numeros-de-centros-de-informacoes-estrategicas-em-vigilancia-em-saude-para-acionar-exame-de-coronavirus-em-casa.ghtml,fato-ou-fake,2020-03-19,['fake'],1,fake,falso,False,falso,False,
https://g1.globo.com/fato-ou-fake/noticia/2020/03/19/e-fake-que-vacina-canina-mostrada-em-video-se-destine-ao-novo-coronavirus-humano.ghtml,fato-ou-fake,2020-03-19,['fake'],1,fake,falso,False,falso,False,
https://g1.globo.com/fato-ou-fake/noticia/2020/03/19/e-fake-que-nostradamus-fez-profecia-do-novo-coronavirus-em-livro-de-1555.ghtml,fato-ou-fake,2020-03-19,['fake'],1,fake,falso,False,falso,False,
https://g1.globo.com/fato-ou-fake/noticia/2020/03/19/e-fake-que-foto-de-dezenas-de-caixoes-enfileirados-seja-de-vitimas-do-coronavirus-na-italia.ghtml,fato-ou-fake,2020-03-19,['fake'],1,fake,falso,False,falso,False,
https://g1.globo.com/fato-ou-fake/noticia/2020/03/17/e-fake-que-beneficiarios-do-bolsa-familia-vao-ganhar-r-470-para-comprar-produtos-de-limpeza-e-mascaras-contra-o-coronavirus.ghtml,fato-ou-fake,2020-03-17,['fake'],1,fake,falso,False,falso,False,
https://g1.globo.com/fato-ou-fake/noticia/2020/03/17/e-fake-que-israel-ja-tem-uma-vacina-contra-o-novo-coronavirus.ghtml,fato-ou-fake,2020-03-17,['fake'],1,fake,falso,False,falso,False,
https://g1.globo.com/fato-ou-fake/noticia/2020/03/17/e-fake-que-fazer-gargarejo-com-agua-morna-sal-e-vinagre-elimina-o-coronavirus.ghtml,fato-ou-fake,2020-03-17,['fake'],1,fake,falso,False,falso,False,
https://g1.globo.com/fato-ou-fake/noticia/2020/03/16/e-fake-que-soroterapia-combate-o-coronavirus.ghtml,fato-ou-fake,2020-03-16,['fake'],1,fake,falso,False,falso,False,
https://g1.globo.com/fato-ou-fake/noticia/2020/03/16/e-fake-que-tigela-de-agua-com-alho-recem-fervida-cura-o-coronavirus.ghtml,fato-ou-fake,2020-03-16,['fake'],1,fake,falso,False,falso,False,
https://g1.globo.com/fato-ou-fake/noticia/2020/03/15/e-fake-imagem-que-mostra-anuncio-de-fechamento-de-supermercados-no-rio.ghtml,fato-ou-fake,2020-03-15,['fake'],1,fake,falso,False,falso,False,
https://g1.globo.com/fato-ou-fake/noticia/2020/03/10/e-fake-mensagem-em-video-que-diz-que-prender-braco-por-um-minuto-vale-como-teste-de-pressao-arterial.ghtml,fato-ou-fake,2020-03-10,['fake'],1,fake,falso,False,falso,False,
https://g1.globo.com/fato-ou-fake/noticia/2020/03/06/e-fake-que-governo-americano-fez-recomendacao-para-as-pessoas-rasparem-barba-ou-bigode-por-uso-eficiente-de-mascaras-contra-o-coronavirus.ghtml,fato-ou-fake,2020-03-06,['fake'],1,fake,falso,False,falso,False,
https://g1.globo.com/fato-ou-fake/noticia/2020/03/05/e-fake-que-desenho-os-simpsons-previu-surto-de-coronavirus.ghtml,fato-ou-fake,2020-03-05,['fake'],1,fake,falso,False,falso,False,
https://g1.globo.com/fato-ou-fake/noticia/2020/03/02/e-fake-texto-que-diz-que-vitamina-c-e-limao-combatem-o-coronavirus.ghtml,fato-ou-fake,2020-03-02,['fake'],1,fake,falso,False,falso,False,
https://g1.globo.com/fato-ou-fake/noticia/2019/03/28/e-fake-que-hospital-militar-quer-operar-pessoas-com-labio-leporino-ou-fenda-palatina-mas-faltam-pacientes.ghtml,fato-ou-fake,2019-03-28,['fake'],1,fake,falso,False,falso,False,
https://g1.globo.com/fato-ou-fake/coronavirus/noticia/2020/07/31/e-fake-que-oms-desmentiu-recomendacoes-anteriores-sobre-retomada-da-economia-em-paises-afetados-pela-pandemia-da-covid-19.ghtml,fato-ou-fake,2020-07-31,['fake'],1,fake,falso,False,falso,False,
https://g1.globo.com/fato-ou-fake/coronavirus/noticia/2020/07/29/e-fake-que-vacinas-contra-o-novo-coronavirus-possam-gerar-seres-geneticamente-modificados.ghtml,fato-ou-fake,2020-07-29,['fake'],1,fake,falso,False,falso,False,
https://g1.globo.com/fato-ou-fake/coronavirus/noticia/2020/07/28/e-fake-que-imagem-prove-que-primeira-voluntaria-nao-recebeu-vacina-contra-a-covid-19-em-sp.ghtml,fato-ou-fake,2020-07-28,['fake'],1,fake,falso,False,falso,False,
https://g1.globo.com/fato-ou-fake/coronavirus/noticia/2020/07/28/e-fake-que-foto-mostre-jovem-com-rosto-inchado-apos-tomar-vacina-chinesa-contra-a-covid-19.ghtml,fato-ou-fake,2020-07-28,['fake'],1,fake,falso,False,falso,False,
https://g1.globo.com/fato-ou-fake/coronavirus/noticia/2020/07/28/e-fake-que-vacina-chinesa-em-testes-no-brasil-use-celulas-de-fetos-abortados.ghtml,fato-ou-fake,2020-07-28,['fake'],1,fake,falso,False,falso,False,
https://g1.globo.com/fato-ou-fake/coronavirus/noticia/2020/07/27/e-fake-que-ziraldo-fez-defesa-da-cloroquina-e-criticou-quem-faz-campanha-contra-o-remedio.ghtml,fato-ou-fake,2020-07-27,['fake'],1,fake,falso,False,falso,False,
https://g1.globo.com/fato-ou-fake/coronavirus/noticia/2020/07/27/e-fake-que-mascaras-de-tecido-sejam-ineficazes-contra-o-coronavirus-e-que-apenas-trajes-cobrindo-o-corpo-todo-protejam-da-covid-19.ghtml,fato-ou-fake,2020-07-27,['fake'],1,fake,falso,False,falso,False,
https://g1.globo.com/fato-ou-fake/noticia/2020/07/24/e-fake-que-cascas-da-laranja-e-do-limao-contenham-principios-da-cloroquina-e-da-ivermectina-e-curem-a-covid-19.ghtml,fato-ou-fake,2020-07-24,['fake'],1,fake,falso,False,falso,False,
https://g1.globo.com/fato-ou-fake/noticia/2020/07/23/e-fake-que-brasil-teve-mais-registros-de-mortes-no-primeiro-semestre-de-2019-do-que-no-mesmo-periodo-de-2020.ghtml,fato-ou-fake,2020-07-23,['fake'],1,fake,falso,False,falso,False,
https://g1.globo.com/fato-ou-fake/noticia/2020/07/22/e-fake-que-ministra-damares-pode-ter-descoberto-casos-de-pedofilia-envolvendo-urubus-de-capa.ghtml,fato-ou-fake,2020-07-22,['fake'],1,fake,falso,False,falso,False,
https://g1.globo.com/fato-ou-fake/noticia/2020/07/21/e-fake-que-alto-nivel-de-vitamina-d-no-organismo-reduza-a-quase-zero-a-chance-de-morte-pela-covid-19.ghtml,fato-ou-fake,2020-07-21,['fake'],1,fake,falso,False,falso,False,
https://g1.globo.com/fato-ou-fake/coronavirus/noticia/2020/07/20/e-fato-que-exercito-levou-remedios-para-internados-com-covid-no-rs-e-sc.ghtml,fato-ou-fake,2020-07-20,['fato'],1,fato,verdadeiro,False,verdadeiro,False,
https://g1.globo.com/fato-ou-fake/noticia/2020/07/20/e-fake-que-mistura-de-pimenta-com-mel-e-gengibre-cure-a-covid-19.ghtml,fato-ou-fake,2020-07-20,['fake'],1,fake,falso,False,falso,False,
https://g1.globo.com/fato-ou-fake/noticia/2020/07/17/e-fake-que-pode-ter-o-crm-cassado-o-medico-que-nao-prescrever-hidroxicloroquina-a-pedido-do-paciente-em-casos-de-covid.ghtml,fato-ou-fake,2020-07-17,['fake'],1,fake,falso,False,falso,False,
https://g1.globo.com/fato-ou-fake/noticia/2020/07/16/e-fake-que-isolamento-social-faca-contaminados-respirarem-o-proprio-virus-e-assim-aumentam-carga-viral.ghtml,fato-ou-fake,2020-07-16,['fake'],1,fake,falso,False,falso,False,
https://g1.globo.com/fato-ou-fake/noticia/2020/07/15/e-fake-que-cidade-paulista-de-porto-feliz-nao-registrou-obito-pela-covid-19-por-conta-de-protocolo-de-cloroquina-e-azitromicina.ghtml,fato-ou-fake,2020-07-15,['fake'],1,fake,falso,False,falso,False,
https://g1.globo.com/fato-ou-fake/noticia/2020/07/14/e-fake-que-medicos-franceses-protestaram-ao-descobrir-que-pandemia-de-covid-19-e-um-golpe.ghtml,fato-ou-fake,2020-07-14,['fake'],1,fake,falso,False,falso,False,
https://g1.globo.com/fato-ou-fake/noticia/2020/07/10/e-fake-que-video-mostre-mandetta-ao-lado-de-gilmar-mendes-em-lisboa.ghtml,fato-ou-fake,2020-07-10,['fake'],1,fake,falso,False,falso,False,
https://g1.globo.com/fato-ou-fake/noticia/2020/07/10/e-fake-que-beber-vodca-ou-uisque-mate-o-coronavirus-na-garganta.ghtml,fato-ou-fake,2020-07-10,['fake'],1,fake,falso,False,falso,False,
https://g1.globo.com/fato-ou-fake/noticia/2020/07/09/e-fake-que-presos-liberados-da-cadeia-por-conta-da-pandemia-de-covid-19-cometeram-139percent-dos-homicidios-do-pais-no-mes-de-abril.ghtml,fato-ou-fake,2020-07-09,['fake'],1,fake,falso,False,falso,False,
https://g1.globo.com/fato-ou-fake/noticia/2020/07/08/e-fake-que-oms-considere-desnecessario-uso-de-mascara-por-quem-nao-foi-infectado-pelo-coronavirus.ghtml,fato-ou-fake,2020-07-08,['fake'],1,fake,falso,False,falso,False,
https://g1.globo.com/fato-ou-fake/noticia/2020/07/07/e-fake-que-mistura-de-laranja-limao-e-melao-de-sao-caetano-cure-a-covid-19.ghtml,fato-ou-fake,2020-07-07,['fake'],1,fake,falso,False,falso,False,
https://g1.globo.com/fato-ou-fake/coronavirus/noticia/2020/07/07/e-fake-que-edicao-da-revista-veja-de-2003-ja-falasse-da-covid-19.ghtml,fato-ou-fake,2020-07-07,['fake'],1,fake,falso,False,falso,False,
https://g1.globo.com/fato-ou-fake/noticia/2020/07/06/e-fake-orientacao-para-jogar-agua-sanitaria-em-rede-de-agua-de-esgoto-para-evitar-contaminacao-pelo-coronavirus.ghtml,fato-ou-fake,2020-07-06,['fake'],1,fake,falso,False,falso,False,
https://g1.globo.com/fato-ou-fake/coronavirus/noticia/2020/07/03/e-fake-que-video-mostre-primeira-ministra-da-australia-fingindo-tomar-vacina-contra-covid-19.ghtml,fato-ou-fake,2020-07-03,['fake'],1,fake,falso,False,falso,False,
https://g1.globo.com/fato-ou-fake/coronavirus/noticia/2020/07/02/e-fake-que-medico-congoles-premio-nobel-da-paz-disse-que-deixou-cargo-por-ser-obrigado-a-falsear-dados-da-covid-19.ghtml,fato-ou-fake,2020-07-02,['fake'],1,fake,falso,False,falso,False,
https://g1.globo.com/fato-ou-fake/coronavirus/noticia/2020/07/01/e-fake-que-pintura-previu-a-pandemia-de-covid-19-e-esta-exposta-desde-1994-em-aeroporto-dos-eua.ghtml,fato-ou-fake,2020-07-01,['fake'],1,fake,falso,False,falso,False,
https://g1.globo.com/fato-ou-fake/noticia/2019/02/27/e-fake-que-doenca-do-beijo-nao-tem-cura-e-e-provocada-por-bacteria-que-come-carne-humana.ghtml,fato-ou-fake,2019-02-27,['fake'],1,fake,falso,False,falso,False,
https://g1.globo.com/fato-ou-fake/noticia/2019/02/13/e-fake-que-video-de-gari-levando-choque-foi-feito-nesta-quarta-feira-apos-chuva-no-rio-de-janeiro.ghtml,fato-ou-fake,2019-02-13,['fake'],1,fake,falso,False,falso,False,
https://g1.globo.com/fato-ou-fake/noticia/2020/02/28/e-fake-que-governo-chines-busca-aprovacao-para-matar-20-mil-pacientes-com-coronavirus.ghtml,fato-ou-fake,2020-02-28,['fake'],1,fake,falso,False,falso,False,
https://g1.globo.com/fato-ou-fake/noticia/2020/02/28/e-fake-que-video-mostre-telhado-cheio-de-morcegos-fonte-do-coronavirus-na-china.ghtml,fato-ou-fake,2020-02-28,['fake'],1,fake,falso,False,falso,False,
https://g1.globo.com/fato-ou-fake/noticia/2020/02/27/e-fake-mensagem-que-manda-prender-respiracao-por-10-segundos-para-verificar-se-coronavirus-causou-fibrose-nos-pulmoes.ghtml,fato-ou-fake,2020-02-27,['fake'],1,fake,falso,False,falso,False,
https://g1.globo.com/fato-ou-fake/noticia/2020/02/26/e-fake-que-livro-de-1981-previu-o-novo-coronavirus.ghtml,fato-ou-fake,2020-02-26,['fake'],1,fake,falso,False,falso,False,
https://g1.globo.com/fato-ou-fake/noticia/2020/02/26/e-fake-que-video-mostre-motorista-preso-pela-swat-na-china-por-estar-com-coronavirus.ghtml,fato-ou-fake,2020-02-26,['fake'],1,fake,falso,False,falso,False,
https://g1.globo.com/fato-ou-fake/noticia/2020/02/24/e-fake-que-governo-do-pt-criou-bolsa-usuario-para-pessoas-viciadas-em-drogas.ghtml,fato-ou-fake,2020-02-24,['fake'],1,fake,falso,False,falso,False,
https://g1.globo.com/fato-ou-fake/noticia/2020/02/18/e-fake-que-ufmg-fez-estudo-que-diz-que-suco-de-inhame-corta-os-efeitos-da-dengue-em-apenas-quatro-horas.ghtml,fato-ou-fake,2020-02-18,['fake'],1,fake,falso,False,falso,False,
https://g1.globo.com/fato-ou-fake/noticia/2020/02/07/e-fake-que-stf-decidiu-que-quem-rouba-celular-que-custa-menos-de-r-500-nao-e-preso.ghtml,fato-ou-fake,2020-02-07,['fake'],1,fake,falso,False,falso,False,
https://g1.globo.com/fato-ou-fake/noticia/2020/02/03/e-fake-texto-que-manda-beber-agua-quente-para-evitar-coronavirus.ghtml,fato-ou-fake,2020-02-03,['fake'],1,fake,falso,False,falso,False,
https://g1.globo.com/fato-ou-fake/noticia/2021/04/21/e-fake-que-video-mostre-camera-de-seguranca-flagrando-tentativa-de-sequestro-de-crianca-no-brasil.ghtml,fato-ou-fake,2021-04-21,['fake'],1,fake,falso,False,falso,False,
https://g1.globo.com/fato-ou-fake/noticia/2021/04/19/e-fake-que-celular-de-adelio-bispo-nao-foi-periciado-pela-policia.ghtml,fato-ou-fake,2021-04-19,['fake'],1,fake,falso,False,falso,False,
https://g1.globo.com/fato-ou-fake/coronavirus/noticia/2021/04/16/e-fake-que-senado-italiano-aprovou-tratamento-precoce-contra-covid-19.ghtml,fato-ou-fake,2021-04-16,['fake'],1,fake,falso,False,falso,False,
https://g1.globo.com/fato-ou-fake/coronavirus/noticia/2021/04/13/e-fake-que-foto-mostre-ivete-sangalo-em-almoco-de-familia-durante-a-pandemia-de-covid-19.ghtml,fato-ou-fake,2021-04-13,['fake'],1,fake,falso,False,falso,False,
https://g1.globo.com/fato-ou-fake/coronavirus/noticia/2021/04/13/e-fake-que-stf-autorizou-abertura-de-campos-de-concentracao-para-pessoas-que-recusam-vacinacao-contra-covid-19.ghtml,fato-ou-fake,2021-04-13,['fake'],1,fake,falso,False,falso,False,
https://g1.globo.com/fato-ou-fake/coronavirus/noticia/2021/04/12/e-fake-que-video-mostre-ciclistas-descumprindo-restricoes-e-ficando-pelados-em-praia-do-rio-a-noite.ghtml,fato-ou-fake,2021-04-12,['fake'],1,fake,falso,False,falso,False,
https://g1.globo.com/fato-ou-fake/coronavirus/noticia/2021/04/12/e-fake-que-imagem-mostre-banhistas-expulsando-guardas-municipais-da-praia-durante-a-pandemia.ghtml,fato-ou-fake,2021-04-12,['fake'],1,fake,falso,False,falso,False,
https://g1.globo.com/fato-ou-fake/coronavirus/noticia/2021/04/12/e-fake-que-foto-de-reporter-com-macacao-e-cinegrafista-sem-protecao-revele-farsa-da-covid-19-propagada-pela-midia.ghtml,fato-ou-fake,2021-04-12,['fake'],1,fake,falso,False,falso,False,
https://g1.globo.com/fato-ou-fake/coronavirus/noticia/2021/04/09/e-fake-que-lei-sancionada-por-bolsonaro-permite-processar-governadores-e-prefeitos-por-medidas-de-restricao-contra-a-covid-19.ghtml,fato-ou-fake,2021-04-09,['fake'],1,fake,falso,False,falso,False,
https://g1.globo.com/fato-ou-fake/coronavirus/noticia/2021/04/08/e-fake-que-video-mostre-protesto-de-policiais-franceses-contra-as-medidas-sanitarias-para-barrar-a-covid-19.ghtml,fato-ou-fake,2021-04-08,['fake'],1,fake,falso,False,falso,False,
https://g1.globo.com/fato-ou-fake/coronavirus/noticia/2021/04/07/e-fake-que-video-mostre-mulher-viva-em-caixao-durante-velorio-em-sao-paulo.ghtml,fato-ou-fake,2021-04-07,['fake'],1,fake,falso,False,falso,False,
https://g1.globo.com/fato-ou-fake/coronavirus/noticia/2021/04/07/e-fake-que-anvisa-liberou-ivermectina-e-ainda-ampliou-sua-dosagem-para-tratamento-de-covid-19.ghtml,fato-ou-fake,2021-04-07,['fake'],1,fake,falso,False,falso,False,
https://g1.globo.com/fato-ou-fake/coronavirus/noticia/2021/04/05/e-fake-que-quase-toda-a-populacao-de-serrana-ja-foi-imunizada-e-ainda-assim-mortes-por-covid-19-explodiram-na-cidade.ghtml,fato-ou-fake,2021-04-05,['fake'],1,fake,falso,False,falso,False,
https://g1.globo.com/fato-ou-fake/coronavirus/noticia/2021/04/05/e-fake-que-criterio-mudou-e-que-doses-da-vacina-contra-a-covid-19-sao-enviadas-aos-municipios-de-sp-de-acordo-com-os-cadastros-do-site-vacina-ja.ghtml,fato-ou-fake,2021-04-05,['fake'],1,fake,falso,False,falso,False,
https://g1.globo.com/fato-ou-fake/coronavirus/noticia/2021/04/05/e-fake-que-video-em-cemiterio-prove-fraude-nos-numeros-da-covid-19-e-enterros-sem-corpos.ghtml,fato-ou-fake,2021-04-05,['fake'],1,fake,falso,False,falso,False,
https://g1.globo.com/fato-ou-fake/coronavirus/noticia/2021/04/05/e-fake-que-video-de-multidao-na-argentina-mostre-protesto-contra-medidas-de-isolamento-na-pandemia.ghtml,fato-ou-fake,2021-04-05,['fake'],1,fake,falso,False,falso,False,
https://g1.globo.com/fato-ou-fake/coronavirus/noticia/2021/04/01/e-fake-mensagem-que-lista-cidades-com-zero-mortes-e-internacoes-por-covid-19-apos-adocao-de-tratamento-precoce.ghtml,fato-ou-fake,2021-04-01,['fake'],1,fake,falso,False,falso,False,
https://g1.globo.com/fato-ou-fake/noticia/2020/01/22/e-fake-que-video-mostre-suposto-efeito-de-energetico-sobre-objetos-e-alimentos.ghtml,fato-ou-fake,2020-01-22,['fake'],1,fake,falso,False,falso,False,
https://g1.globo.com/fato-ou-fake/noticia/2020/01/17/e-fake-que-video-mostre-tubarao-com-corpos-de-jovens-dentro-no-maranhao.ghtml,fato-ou-fake,2020-01-17,['fake'],1,fake,falso,False,falso,False,
https://g1.globo.com/fato-ou-fake/noticia/2020/01/14/e-fake-mensagem-em-audio-que-cita-fiocruz-sobre-qualidade-da-agua-no-rio.ghtml,fato-ou-fake,2020-01-14,['fake'],1,fake,falso,False,falso,False,
https://g1.globo.com/fato-ou-fake/noticia/2020/01/10/e-fake-que-beber-cerveja-suco-ou-refrigerante-sem-lavar-a-lata-pode-fazer-verme-entrar-no-labio.ghtml,fato-ou-fake,2020-01-10,['fake'],1,fake,falso,False,falso,False,
https://g1.globo.com/fato-ou-fake/noticia/2020/01/08/e-fake-que-homem-em-foto-com-lula-e-irmao-de-adelio-bispo.ghtml,fato-ou-fake,2020-01-08,['fake'],1,fake,falso,False,falso,False,
https://g1.globo.com/fato-ou-fake/noticia/2018/09/28/e-fake-que-marcelo-adnet-gravou-audio-de-bolsonaro-gritando-em-hospital.ghtml,fato-ou-fake,2018-09-28,['fake'],1,fake,falso,False,falso,False,
https://g1.globo.com/fato-ou-fake/noticia/2018/09/28/e-fake-que-video-mostra-multidao-em-frente-a-hospital-onde-esta-bolsonaro.ghtml,fato-ou-fake,2018-09-28,['fake'],1,fake,falso,False,falso,False,
https://g1.globo.com/fato-ou-fake/noticia/2018/09/25/e-fake-que-ilustracao-de-ato-sexual-foi-usada-em-cartilha-do-mec-para-criancas.ghtml,fato-ou-fake,2018-09-25,['fake'],1,fake,falso,False,falso,False,
https://g1.globo.com/fato-ou-fake/noticia/2018/09/20/e-fake-audio-que-mostra-bolsonaro-gritando-em-hospital.ghtml,fato-ou-fake,2018-09-20,['fake'],1,fake,falso,False,falso,False,
https://g1.globo.com/fato-ou-fake/noticia/2018/09/20/veja-o-que-e-fato-ou-fake-na-entrevista-de-alvaro-dias-ao-g1-e-a-cbn.ghtml,fato-ou-fake,2018-09-20,"['nao e bem assim', 'fato', 'fato', 'nao e bem assim', 'fato', 'nao e bem assim', 'fake']",7,nao e bem assim|fato|fato|nao e bem assim|fato|nao e bem assim|fake,verdadeiro fora de contexto ou exagerado|verdadeiro|verdadeiro|verdadeiro fora de contexto ou exagerado|verdadeiro|verdadeiro fora de contexto ou exagerado|falso,True,,False,
https://g1.globo.com/fato-ou-fake/noticia/2018/09/13/veja-o-que-e-fato-ou-fake-na-entrevista-de-marina-silva-ao-g1-e-a-cbn.ghtml,fato-ou-fake,2018-09-13,"['fato', 'nao e bem assim', 'fato', 'fake', 'fato', 'fato', 'fato', 'fato']",8,fato|nao e bem assim|fato|fake|fato|fato|fato|fato,verdadeiro|verdadeiro fora de contexto ou exagerado|verdadeiro|falso|verdadeiro|verdadeiro|verdadeiro|verdadeiro,True,,False,
https://g1.globo.com/fato-ou-fake/noticia/2018/09/11/veja-o-que-e-fato-ou-fake-na-entrevista-de-luiz-marinho-ao-g1-e-cbn.ghtml,fato-ou-fake,2018-09-11,"['nao e bem assim', 'fato', 'nao e bem assim']",3,nao e bem assim|fato|nao e bem assim,verdadeiro fora de contexto ou exagerado|verdadeiro|verdadeiro fora de contexto ou exagerado,True,,False,
https://g1.globo.com/fato-ou-fake/noticia/2018/09/08/veja-o-que-e-fato-ou-fake-na-entrevista-de-hamilton-mourao-a-globonews.ghtml,fato-ou-fake,2018-09-08,"['fake', 'fato', 'fake', 'fato', 'fato', 'fake']",6,fake|fato|fake|fato|fato|fake,falso|verdadeiro|falso|verdadeiro|verdadeiro|falso,True,,False,
https://g1.globo.com/fato-ou-fake/noticia/2018/09/06/veja-o-que-e-fato-ou-fake-na-entrevista-de-eduardo-jorge-a-globonews.ghtml,fato-ou-fake,2018-09-06,"['fato', 'fato', 'fato', 'nao e bem assim', 'fato', 'fato']",6,fato|fato|fato|nao e bem assim|fato|fato,verdadeiro|verdadeiro|verdadeiro|verdadeiro fora de contexto ou exagerado|verdadeiro|verdadeiro,True,,False,
https://g1.globo.com/fato-ou-fake/noticia/2020/08/31/e-fake-que-ministro-que-afastou-witzel-e-o-mesmo-que-soltou-queiroz-e-interrompeu-investigacao-de-flavio-bolsonaro.ghtml,fato-ou-fake,2020-08-31,['fake'],1,fake,falso,False,falso,False,
https://g1.globo.com/fato-ou-fake/coronavirus/noticia/2020/08/28/e-fake-que-foto-mostre-flavio-dino-no-velorio-do-pai-sem-mascara-e-sem-cumprir-distanciamento-social.ghtml,fato-ou-fake,2020-08-28,['fake'],1,fake,falso,False,falso,False,
https://g1.globo.com/fato-ou-fake/noticia/2020/08/26/e-fake-que-o-globo-escreveu-que-heloisa-e-esposa-de-flavio-bolsonaro.ghtml,fato-ou-fake,2020-08-26,['fake'],1,fake,falso,False,falso,False,
https://g1.globo.com/fato-ou-fake/coronavirus/noticia/2020/08/26/e-fake-que-natal-zerou-pacientes-com-covid-19-internados-em-ctis-gracas-a-protocolo-com-medicamentos.ghtml,fato-ou-fake,2020-08-26,['fake'],1,fake,falso,False,falso,False,
https://g1.globo.com/fato-ou-fake/coronavirus/noticia/2020/08/24/e-fake-que-uso-de-mascara-contra-o-coronavirus-tem-sido-desencorajado-pela-oms-e-por-governos-de-outros-paises.ghtml,fato-ou-fake,2020-08-24,['fake'],1,fake,falso,False,falso,False,
https://g1.globo.com/fato-ou-fake/noticia/2020/08/24/e-fake-que-foto-mostre-centenas-de-bicicletas-dos-correios-abandonadas-em-patio.ghtml,fato-ou-fake,2020-08-24,['fake'],1,fake,falso,False,falso,False,
https://g1.globo.com/fato-ou-fake/coronavirus/noticia/2020/08/24/e-fake-que-filha-de-putin-morreu-apos-tomar-dose-de-vacina-russa-contra-covid-19.ghtml,fato-ou-fake,2020-08-24,['fake'],1,fake,falso,False,falso,False,
https://g1.globo.com/fato-ou-fake/noticia/2020/08/20/e-fake-que-videos-mostrem-acao-de-traficantes-em-comunidade-do-rio-apos-decisao-do-stf.ghtml,fato-ou-fake,2020-08-20,['fake'],1,fake,falso,False,falso,False,
https://g1.globo.com/fato-ou-fake/noticia/2020/08/20/e-fake-mensagem-que-diz-que-iniciar-o-banho-pela-cabeca-pode-provocar-ataque-cardiaco.ghtml,fato-ou-fake,2020-08-20,['fake'],1,fake,falso,False,falso,False,
https://g1.globo.com/fato-ou-fake/coronavirus/noticia/2020/08/20/e-fake-que-mistura-de-vinagre-de-maca-e-alho-cure-a-covid-19.ghtml,fato-ou-fake,2020-08-20,['fake'],1,fake,falso,False,falso,False,
https://g1.globo.com/fato-ou-fake/coronavirus/noticia/2020/08/19/e-fake-que-foto-mostre-doria-em-cadeira-de-rodas-ao-lado-de-pessoas-sem-mascara-apos-pegar-covid-19.ghtml,fato-ou-fake,2020-08-19,['fake'],1,fake,falso,False,falso,False,
https://g1.globo.com/fato-ou-fake/coronavirus/noticia/2020/08/19/e-fake-que-neurocientista-britanico-concluiu-que-maioria-da-populacao-e-imune-ao-coronavirus-e-que-distanciamento-social-e-inutil.ghtml,fato-ou-fake,2020-08-19,['fake'],1,fake,falso,False,falso,False,
https://g1.globo.com/fato-ou-fake/coronavirus/noticia/2020/08/18/e-fake-que-dados-de-cartorios-provem-que-nao-houve-100-mil-mortes-por-covid-19-no-brasil.ghtml,fato-ou-fake,2020-08-18,['fake'],1,fake,falso,False,falso,False,
https://g1.globo.com/fato-ou-fake/coronavirus/noticia/2020/08/17/e-fake-que-fotos-mostrem-lesoes-causadas-por-infeccao-apos-uso-de-mascaras-contra-a-covid-19.ghtml,fato-ou-fake,2020-08-17,['fake'],1,fake,falso,False,falso,False,
https://g1.globo.com/fato-ou-fake/coronavirus/noticia/2020/08/17/e-fake-que-termometro-infravermelho-cause-dano-a-glandula-pineal.ghtml,fato-ou-fake,2020-08-17,['fake'],1,fake,falso,False,falso,False,
https://g1.globo.com/fato-ou-fake/coronavirus/noticia/2020/08/13/e-fake-que-camila-pitanga-contraiu-covid-19-mas-fingiu-ter-malaria-para-tomar-cloroquina.ghtml,fato-ou-fake,2020-08-13,['fake'],1,fake,falso,False,falso,False,
https://g1.globo.com/fato-ou-fake/coronavirus/noticia/2020/08/12/e-fake-que-mortes-por-pneumonia-e-insuficiencia-respiratoria-tem-sido-todas-registradas-como-sendo-covid-19.ghtml,fato-ou-fake,2020-08-12,['fake'],1,fake,falso,False,falso,False,
https://g1.globo.com/fato-ou-fake/coronavirus/noticia/2020/08/11/e-fake-que-video-mostre-pelotas-usando-sirene-para-impor-toque-de-recolher-em-meio-a-lockdown.ghtml,fato-ou-fake,2020-08-11,['fake'],1,fake,falso,False,falso,False,
https://g1.globo.com/fato-ou-fake/coronavirus/noticia/2020/08/11/e-fake-que-cidade-de-sao-paulo-nao-teve-qualquer-morte-pela-covid-19-nos-dias-4-e-5-de-agosto.ghtml,fato-ou-fake,2020-08-11,['fake'],1,fake,falso,False,falso,False,
https://g1.globo.com/fato-ou-fake/noticia/2020/08/10/e-fake-que-fotos-mostrem-meninas-gravidas-no-afeganistao.ghtml,fato-ou-fake,2020-08-10,['fake'],1,fake,falso,False,falso,False,
https://g1.globo.com/fato-ou-fake/coronavirus/noticia/2020/08/07/e-fake-que-senegal-usa-cloroquina-desde-o-primeiro-caso-e-tem-apenas-cinco-mortes-por-covid-19.ghtml,fato-ou-fake,2020-08-07,['fake'],1,fake,falso,False,falso,False,
https://g1.globo.com/fato-ou-fake/coronavirus/noticia/2020/08/07/curas-milagrosas-vacinas-mascaras-dados-sobre-a-pandemia-isolamento-social-fato-ou-fake-chega-a-300-checagens-sobre-o-coronavirus.ghtml,fato-ou-fake,2020-08-07,"['fato', 'nao e bem assim', 'fake']",3,fato|nao e bem assim|fake,verdadeiro|verdadeiro fora de contexto ou exagerado|falso,True,,False,
https://g1.globo.com/fato-ou-fake/coronavirus/noticia/2020/08/06/e-fake-que-foto-mostre-monumento-de-berlim-lotado-em-manifestacao-contra-regras-para-conter-covid-19.ghtml,fato-ou-fake,2020-08-06,['fake'],1,fake,falso,False,falso,False,
https://g1.globo.com/fato-ou-fake/coronavirus/noticia/2020/08/05/e-fake-mensagem-que-fala-sobre-convite-da-sociedade-brasileira-de-infectologia-para-treinamento-sobre-vacina-na-suica.ghtml,fato-ou-fake,2020-08-05,['fake'],1,fake,falso,False,falso,False,
https://g1.globo.com/fato-ou-fake/coronavirus/noticia/2020/08/05/e-fake-que-imagens-mostrem-renata-vasconcellos-comemorando-aniversario-e-abracando-colegas-na-redacao-em-meio-a-pandemia.ghtml,fato-ou-fake,2020-08-05,['fake'],1,fake,falso,False,falso,False,
https://g1.globo.com/fato-ou-fake/coronavirus/noticia/2020/08/05/e-fake-que-fotos-de-multidoes-na-alemanha-mostrem-protesto-contra-restricoes-impostas-pela-covid-19.ghtml,fato-ou-fake,2020-08-05,['fake'],1,fake,falso,False,falso,False,
https://g1.globo.com/fato-ou-fake/coronavirus/noticia/2020/08/03/e-fake-que-video-mostre-prefeito-de-bh-sendo-cobrado-por-isolamento-em-restaurante-de-nova-lima-em-meio-a-pandemia.ghtml,fato-ou-fake,2020-08-03,['fake'],1,fake,falso,False,falso,False,
https://g1.globo.com/fato-ou-fake/coronavirus/noticia/2020/08/03/e-fake-que-dioxido-de-cloro-previne-e-cura-a-covid-19.ghtml,fato-ou-fake,2020-08-03,['fake'],1,fake,falso,False,falso,False,
https://g1.globo.com/fato-ou-fake/noticia/2019/10/17/e-fake-que-imagem-mostre-ministra-da-holanda-e-que-ela-trabalhe-de-gari-duas-horas-por-dia-antes-de-ir-ao-escritorio.ghtml,fato-ou-fake,2019-10-17,['fake'],1,fake,falso,False,falso,False,
https://g1.globo.com/fato-ou-fake/noticia/2019/10/14/e-fake-mensagem-que-diz-que-laudo-do-caso-agatha-concluiu-que-projetil-nao-condiz-com-o-usado-pela-pm.ghtml,fato-ou-fake,2019-10-14,['fake'],1,fake,falso,False,falso,False,
https://g1.globo.com/fato-ou-fake/noticia/2019/10/09/e-fake-que-video-mostre-remedio-e-que-ele-revele-um-alerta-de-sempre-quebrar-comprimido-antes-de-tomar.ghtml,fato-ou-fake,2019-10-09,['fake'],1,fake,falso,False,falso,False,
https://g1.globo.com/fato-ou-fake/noticia/2019/10/03/e-fake-que-agua-de-abacaxi-quente-mata-celulas-cancerigenas.ghtml,fato-ou-fake,2019-10-03,['fake'],1,fake,falso,False,falso,False,
https://g1.globo.com/fato-ou-fake/noticia/2019/10/02/e-fake-que-fundadora-da-the-body-shop-revelou-em-livro-que-cacique-raoni-deu-golpe-milionario.ghtml,fato-ou-fake,2019-10-02,['fake'],1,fake,falso,False,falso,False,
https://g1.globo.com/fato-ou-fake/coronavirus/noticia/2020/04/30/e-fake-que-caixoes-de-vitimas-do-coronavirus-foram-desenterrados-em-belo-horizonte-e-havia-apenas-pedra-e-madeira-dentro.ghtml,fato-ou-fake,2020-04-30,['fake'],1,fake,falso,False,falso,False,
https://g1.globo.com/fato-ou-fake/coronavirus/noticia/2020/04/30/e-fake-que-governador-da-ba-pediu-para-prefeita-de-porto-seguro-inventar-200-casos-de-coronavirus-para-receber-dinheiro-do-governo-federal.ghtml,fato-ou-fake,2020-04-30,['fake'],1,fake,falso,False,falso,False,
https://g1.globo.com/fato-ou-fake/coronavirus/noticia/2020/04/30/e-fake-mensagem-que-fala-em-doacao-de-combustivel-para-trabalhadores-pela-petrobras-em-meio-a-pandemia.ghtml,fato-ou-fake,2020-04-30,['fake'],1,fake,falso,False,falso,False,
https://g1.globo.com/fato-ou-fake/coronavirus/noticia/2020/04/30/e-fake-que-foto-mostre-caixao-enterrado-vazio-para-inflar-dados-de-mortos-por-coronavirus-em-manaus.ghtml,fato-ou-fake,2020-04-30,['fake'],1,fake,falso,False,falso,False,
https://g1.globo.com/fato-ou-fake/coronavirus/noticia/2020/04/30/e-fake-mensagem-com-cadastro-para-receber-cesta-basica-pelo-programa-brasil-sem-miseria.ghtml,fato-ou-fake,2020-04-30,['fake'],1,fake,falso,False,falso,False,
https://g1.globo.com/fato-ou-fake/coronavirus/noticia/2020/04/30/fato-ou-fake-chega-a-150-checagens-sobre-o-coronavirus-saiba-quais-sao-as-mais-acessadas.ghtml,fato-ou-fake,2020-04-30,"['fato', 'nao e bem assim', 'fake']",3,fato|nao e bem assim|fake,verdadeiro|verdadeiro fora de contexto ou exagerado|falso,True,,False,
https://g1.globo.com/fato-ou-fake/coronavirus/noticia/2020/04/29/e-fake-que-tasuku-honjo-nobel-de-medicina-em-2018-disse-que-coronavirus-foi-criado-por-cientistas.ghtml,fato-ou-fake,2020-04-29,['fake'],1,fake,falso,False,falso,False,
https://g1.globo.com/fato-ou-fake/coronavirus/noticia/2020/04/28/e-fake-que-cientista-morreu-dois-dias-apos-tomar-vacina-experimental-contra-a-covid-19-na-inglaterra.ghtml,fato-ou-fake,2020-04-28,['fake'],1,fake,falso,False,falso,False,
https://g1.globo.com/fato-ou-fake/coronavirus/noticia/2020/04/27/e-fake-que-enfermeira-foi-demitida-na-bahia-por-filmar-uti-vazia.ghtml,fato-ou-fake,2020-04-27,['fake'],1,fake,falso,False,falso,False,
https://g1.globo.com/fato-ou-fake/coronavirus/noticia/2020/04/24/e-fake-que-ministro-da-saude-faz-auditoria-dos-numeros-de-casos-e-mortes-de-covid-19.ghtml,fato-ou-fake,2020-04-24,['fake'],1,fake,falso,False,falso,False,
https://g1.globo.com/fato-ou-fake/coronavirus/noticia/2020/04/24/e-fake-que-uso-de-alcool-70percent-para-higienizacao-pode-causar-infeccao-respiratoria-e-ate-matar.ghtml,fato-ou-fake,2020-04-24,['fake'],1,fake,falso,False,falso,False,
https://g1.globo.com/fato-ou-fake/coronavirus/noticia/2020/04/24/e-fake-que-caixa-bloqueou-segunda-parcela-do-auxilio-emergencial-de-quem-se-cadastrou-para-comprar-eletronicos.ghtml,fato-ou-fake,2020-04-24,['fake'],1,fake,falso,False,falso,False,
https://g1.globo.com/fato-ou-fake/coronavirus/noticia/2020/04/24/e-fake-que-novo-coronavirus-nao-causa-pneumonia-e-que-tratamento-pode-ser-feito-em-casa-mesmo-em-casos-graves.ghtml,fato-ou-fake,2020-04-24,['fake'],1,fake,falso,False,falso,False,
https://g1.globo.com/fato-ou-fake/coronavirus/noticia/2020/04/24/e-fake-que-hospital-de-campanha-do-anhembi-nao-tem-pacientes-e-por-isso-medicos-tem-sido-liberados-de-plantoes.ghtml,fato-ou-fake,2020-04-24,['fake'],1,fake,falso,False,falso,False,
https://g1.globo.com/fato-ou-fake/coronavirus/noticia/2020/04/24/e-fake-que-cha-com-mistura-de-jambu-limao-alho-e-paracetamol-cura-a-covid-19.ghtml,fato-ou-fake,2020-04-24,['fake'],1,fake,falso,False,falso,False,
https://g1.globo.com/fato-ou-fake/coronavirus/noticia/2020/04/23/e-fake-que-video-mostre-fbi-apreendendo-caixas-de-mascaras-importadas-da-china-infectadas-pelo-novo-coronavirus.ghtml,fato-ou-fake,2020-04-23,['fake'],1,fake,falso,False,falso,False,
https://g1.globo.com/fato-ou-fake/coronavirus/noticia/2020/04/23/e-fake-que-foto-mostre-governador-do-rs-em-teleferico-e-sem-mascara-em-meio-a-pandemia.ghtml,fato-ou-fake,2020-04-23,['fake'],1,fake,falso,False,falso,False,
https://g1.globo.com/fato-ou-fake/coronavirus/noticia/2020/04/21/e-fake-que-video-mostre-militares-correndo-na-praia-para-desafiar-isolamento-imposto-no-rj.ghtml,fato-ou-fake,2020-04-21,['fake'],1,fake,falso,False,falso,False,
https://g1.globo.com/fato-ou-fake/coronavirus/noticia/2020/04/20/e-fake-que-imagens-mostrem-doria-participando-de-festa-em-aracatuba-em-meio-a-quarentena.ghtml,fato-ou-fake,2020-04-20,['fake'],1,fake,falso,False,falso,False,
https://g1.globo.com/fato-ou-fake/coronavirus/noticia/2020/04/20/e-fake-que-foto-mostre-jovem-sendo-pisoteada-por-policial-em-meio-a-pandemia-do-coronavirus-no-ceara.ghtml,fato-ou-fake,2020-04-20,['fake'],1,fake,falso,False,falso,False,
https://g1.globo.com/fato-ou-fake/coronavirus/noticia/2020/04/20/e-fake-que-mascaras-importadas-da-china-sao-distribuidas-contaminadas-com-o-novo-coronavirus.ghtml,fato-ou-fake,2020-04-20,['fake'],1,fake,falso,False,falso,False,
https://g1.globo.com/fato-ou-fake/coronavirus/noticia/2020/04/20/e-fake-que-moro-anunciou-investigacao-da-pf-e-mortes-por-coronavirus-passaram-a-cair.ghtml,fato-ou-fake,2020-04-20,['fake'],1,fake,falso,False,falso,False,
https://g1.globo.com/fato-ou-fake/coronavirus/noticia/2020/04/19/e-fake-que-criancas-morreram-no-senegal-apos-receber-vacina-contra-a-covid-19.ghtml,fato-ou-fake,2020-04-19,['fake'],1,fake,falso,False,falso,False,
https://g1.globo.com/fato-ou-fake/coronavirus/noticia/2020/04/17/e-fake-que-foto-mostre-surfista-sendo-preso-em-sp-em-meio-a-pandemia-do-coronavirus.ghtml,fato-ou-fake,2020-04-17,['fake'],1,fake,falso,False,falso,False,
https://g1.globo.com/fato-ou-fake/coronavirus/noticia/2020/04/17/e-fake-que-foto-mostre-mae-italiana-em-estado-terminal-com-covid-19-se-despedindo-de-bebe.ghtml,fato-ou-fake,2020-04-17,['fake'],1,fake,falso,False,falso,False,
https://g1.globo.com/fato-ou-fake/coronavirus/noticia/2020/04/16/e-fake-que-estudo-realizado-em-harvard-indica-que-isolamento-social-nao-e-bom-para-conter-o-avanco-do-novo-coronavirus.ghtml,fato-ou-fake,2020-04-16,['fake'],1,fake,falso,False,falso,False,
https://g1.globo.com/fato-ou-fake/coronavirus/noticia/2020/04/16/e-fake-que-video-mostre-policiais-imobilizando-idosa-por-descumprir-isolamento-social-em-sp.ghtml,fato-ou-fake,2020-04-16,['fake'],1,fake,falso,False,falso,False,
https://g1.globo.com/fato-ou-fake/coronavirus/noticia/2020/04/16/e-fake-tabela-com-dados-de-mortalidade-de-janeiro-a-marco-do-datasus-comparando-doencas-a-covid-19.ghtml,fato-ou-fake,2020-04-16,['fake'],1,fake,falso,False,falso,False,
https://g1.globo.com/fato-ou-fake/coronavirus/noticia/2020/04/16/e-fake-que-video-mostre-corpos-de-vitimas-da-covid-19-em-praias-do-peru-e-do-equador.ghtml,fato-ou-fake,2020-04-16,['fake'],1,fake,falso,False,falso,False,
https://g1.globo.com/fato-ou-fake/coronavirus/noticia/2020/04/16/e-fake-que-agua-tonica-seja-eficaz-contra-o-novo-coronavirus.ghtml,fato-ou-fake,2020-04-16,['fake'],1,fake,falso,False,falso,False,
https://g1.globo.com/fato-ou-fake/coronavirus/noticia/2020/04/15/e-fake-que-video-mostre-hospital-das-clinicas-de-sao-paulo-vazio.ghtml,fato-ou-fake,2020-04-15,['fake'],1,fake,falso,False,falso,False,
https://g1.globo.com/fato-ou-fake/coronavirus/noticia/2020/04/15/e-fake-que-filha-de-executivo-do-santander-morto-com-covid-19-disse-que-pai-mesmo-milionario-morreu-sufocado-buscando-algo-gratis.ghtml,fato-ou-fake,2020-04-15,['fake'],1,fake,falso,False,falso,False,
https://g1.globo.com/fato-ou-fake/coronavirus/noticia/2020/04/15/e-fake-que-video-mostre-acao-da-pm-em-praia-apos-descumprimento-de-isolamento-social.ghtml,fato-ou-fake,2020-04-15,['fake'],1,fake,falso,False,falso,False,
https://g1.globo.com/fato-ou-fake/coronavirus/noticia/2020/04/14/e-fake-que-video-mostre-hospital-de-campanha-da-unicamp-sem-nenhum-atendimento.ghtml,fato-ou-fake,2020-04-14,['fake'],1,fake,falso,False,falso,False,
https://g1.globo.com/fato-ou-fake/coronavirus/noticia/2020/04/14/e-fake-que-video-mostre-policiais-agredindo-cidadaos-por-descumprirem-isolamento-social-na-turquia.ghtml,fato-ou-fake,2020-04-14,['fake'],1,fake,falso,False,falso,False,
https://g1.globo.com/fato-ou-fake/coronavirus/noticia/2020/04/14/e-fake-que-tv-da-italia-mostrou-que-novo-coronavirus-foi-fabricado-em-laboratorio-chines.ghtml,fato-ou-fake,2020-04-14,['fake'],1,fake,falso,False,falso,False,
https://g1.globo.com/fato-ou-fake/coronavirus/noticia/2020/04/13/e-fake-que-governo-de-sp-fez-revisao-de-mortes-confirmadas-de-covid-19-e-mais-da-metade-teve-resultado-negativo.ghtml,fato-ou-fake,2020-04-13,['fake'],1,fake,falso,False,falso,False,
https://g1.globo.com/fato-ou-fake/coronavirus/noticia/2020/04/13/e-fake-que-filho-de-doria-fez-festa-para-200-pessoas-em-meio-a-quarentena-em-sp.ghtml,fato-ou-fake,2020-04-13,['fake'],1,fake,falso,False,falso,False,
https://g1.globo.com/fato-ou-fake/coronavirus/noticia/2020/04/13/e-fake-que-agencia-norte-americana-liberou-uso-de-remedio-experimental-para-todos-os-pacientes-com-covid-19.ghtml,fato-ou-fake,2020-04-13,['fake'],1,fake,falso,False,falso,False,
https://g1.globo.com/fato-ou-fake/coronavirus/noticia/2020/04/13/e-fake-calendario-de-lives-com-bandas-de-rock-que-lista-ate-charles-bradley.ghtml,fato-ou-fake,2020-04-13,['fake'],1,fake,falso,False,falso,False,
https://g1.globo.com/fato-ou-fake/coronavirus/noticia/2020/04/09/e-fake-que-hospital-de-campanha-montado-no-estadio-do-pacaembu-ficou-vazio-e-sem-pacientes.ghtml,fato-ou-fake,2020-04-09,['fake'],1,fake,falso,False,falso,False,
https://g1.globo.com/fato-ou-fake/coronavirus/noticia/2020/04/09/e-fake-que-padre-fabio-de-melo-fez-texto-defendendo-quem-quer-seguir-trabalhando-em-tempo-de-isolamento-social.ghtml,fato-ou-fake,2020-04-09,['fake'],1,fake,falso,False,falso,False,
https://g1.globo.com/fato-ou-fake/coronavirus/noticia/2020/04/08/e-fake-foto-que-mostra-maia-abracado-ao-presidente-chines-xi-jinping.ghtml,fato-ou-fake,2020-04-08,['fake'],1,fake,falso,False,falso,False,
https://g1.globo.com/fato-ou-fake/coronavirus/noticia/2020/04/08/e-fake-audio-sobre-pacientes-com-queimaduras-graves-causadas-por-alcool-em-gel-internados-em-hospital-do-para.ghtml,fato-ou-fake,2020-04-08,['fake'],1,fake,falso,False,falso,False,
https://g1.globo.com/fato-ou-fake/coronavirus/noticia/2020/04/08/e-fake-que-redes-5g-disseminam-o-novo-coronavirus.ghtml,fato-ou-fake,2020-04-08,['fake'],1,fake,falso,False,falso,False,
https://g1.globo.com/fato-ou-fake/coronavirus/noticia/2020/04/08/e-fake-que-cha-de-erva-doce-e-figado-de-boi-previnem-contra-o-novo-coronavirus.ghtml,fato-ou-fake,2020-04-08,['fake'],1,fake,falso,False,falso,False,
https://g1.globo.com/fato-ou-fake/noticia/2020/04/07/e-fake-que-enxaguante-bucal-combate-o-coronavirus.ghtml,fato-ou-fake,2020-04-07,['fake'],1,fake,falso,False,falso,False,
https://g1.globo.com/fato-ou-fake/coronavirus/noticia/2020/04/06/e-fake-post-atribuido-a-maia-com-critica-a-ideia-de-uso-do-fundo-eleitoral-no-combate-ao-coronavirus.ghtml,fato-ou-fake,2020-04-06,['fake'],1,fake,falso,False,falso,False,
https://g1.globo.com/fato-ou-fake/coronavirus/noticia/2020/04/06/e-fake-que-videos-mostrem-dono-da-localiza-criticando-acoes-de-combate-ao-coronavirus.ghtml,fato-ou-fake,2020-04-06,['fake'],1,fake,falso,False,falso,False,
https://g1.globo.com/fato-ou-fake/coronavirus/noticia/2020/04/06/e-fake-que-foto-mostre-restaurante-popular-bom-prato-com-longa-fila-e-aglomeracao-em-meio-ao-isolamento-em-sp.ghtml,fato-ou-fake,2020-04-06,['fake'],1,fake,falso,False,falso,False,
https://g1.globo.com/fato-ou-fake/noticia/2020/04/06/e-fake-que-beber-agua-a-cada-15-minutos-previne-a-covid-19.ghtml,fato-ou-fake,2020-04-06,['fake'],1,fake,falso,False,falso,False,
https://g1.globo.com/fato-ou-fake/noticia/2020/04/05/e-fake-que-foto-mostre-tiago-leifert-e-equipe-do-bbb-festejando-em-restaurante-em-meio-a-pandemia-do-coronavirus.ghtml,fato-ou-fake,2020-04-05,['fake'],1,fake,falso,False,falso,False,
https://g1.globo.com/fato-ou-fake/noticia/2020/04/03/e-fake-que-video-que-mostra-cobras-ratos-e-caes-prontos-para-consumo-humano-foi-gravado-na-china.ghtml,fato-ou-fake,2020-04-03,['fake'],1,fake,falso,False,falso,False,
https://g1.globo.com/fato-ou-fake/noticia/2020/04/03/e-fake-que-exercito-brasileiro-abriu-2-mil-leitos-em-48-horas-para-pacientes-com-coronavirus.ghtml,fato-ou-fake,2020-04-03,['fake'],1,fake,falso,False,falso,False,
https://g1.globo.com/fato-ou-fake/noticia/2020/04/02/e-fake-mensagem-que-diz-que-pequim-e-xangai-nao-tiveram-casos-de-coronavirus.ghtml,fato-ou-fake,2020-04-02,['fake'],1,fake,falso,False,falso,False,
https://g1.globo.com/fato-ou-fake/noticia/2020/04/02/e-fake-que-morte-por-atropelamento-foi-registrada-como-sendo-por-covid-19-no-interior-de-sao-paulo.ghtml,fato-ou-fake,2020-04-02,['fake'],1,fake,falso,False,falso,False,
https://g1.globo.com/fato-ou-fake/noticia/2020/04/02/e-fake-que-foto-mostre-dinheiro-jogado-no-meio-da-rua-na-italia-em-meio-a-pandemia-do-coronavirus.ghtml,fato-ou-fake,2020-04-02,['fake'],1,fake,falso,False,falso,False,
https://g1.globo.com/fato-ou-fake/noticia/2020/04/02/e-fake-que-ministerio-da-saude-orienta-parentes-a-rejeitar-atestados-de-obito-que-apontem-morte-por-coronavirus.ghtml,fato-ou-fake,2020-04-02,['fake'],1,fake,falso,False,falso,False,
https://g1.globo.com/fato-ou-fake/noticia/2020/04/01/e-fake-que-foto-mostre-agencia-da-caixa-lotada-apos-sancao-de-auxilio-emergencial-de-r-600.ghtml,fato-ou-fake,2020-04-01,['fake'],1,fake,falso,False,falso,False,
https://g1.globo.com/fato-ou-fake/noticia/2020/04/01/e-fake-que-limao-e-bicarbonato-evitam-morte-por-coronavirus.ghtml,fato-ou-fake,2020-04-01,['fake'],1,fake,falso,False,falso,False,
https://g1.globo.com/fato-ou-fake/noticia/2020/04/01/e-fake-que-esta-comprovado-que-beber-vinho-combate-o-novo-coronavirus.ghtml,fato-ou-fake,2020-04-01,['fake'],1,fake,falso,False,falso,False,
https://g1.globo.com/fato-ou-fake/noticia/2020/04/01/e-fake-que-fotos-mostrem-governador-ronaldo-caiado-sendo-agredido-em-goias.ghtml,fato-ou-fake,2020-04-01,['fake'],1,fake,falso,False,falso,False,
https://g1.globo.com/fato-ou-fake/noticia/2020/04/01/e-fake-que-ceasa-de-minas-gerais-vive-desabastecimento-em-meio-a-pandemia-do-coronavirus.ghtml,fato-ou-fake,2020-04-01,['fake'],1,fake,falso,False,falso,False,
https://g1.globo.com/fato-ou-fake/noticia/2020/04/01/no-1o-de-abril-veja-o-que-e-fato-em-meio-a-pandemia-do-coronavirus.ghtml,fato-ou-fake,2020-04-01,"['fato', 'fato', 'fato', 'fato']",4,fato|fato|fato|fato,verdadeiro|verdadeiro|verdadeiro|verdadeiro,False,verdadeiro,False,
https://g1.globo.com/fato-ou-fake/coronavirus/noticia/2021/03/31/e-fake-que-video-mostre-mulher-ainda-viva-e-mexendo-os-bracos-sendo-ensacada-e-considerada-morta-por-covid-19.ghtml,fato-ou-fake,2021-03-31,['fake'],1,fake,falso,False,falso,False,
https://g1.globo.com/fato-ou-fake/coronavirus/noticia/2021/03/26/e-fake-que-governador-de-sergipe-disse-que-quem-descumprir-toque-de-recolher-levara-porrada-da-policia.ghtml,fato-ou-fake,2021-03-26,['fake'],1,fake,falso,False,falso,False,
https://g1.globo.com/fato-ou-fake/coronavirus/noticia/2021/03/26/e-fake-que-fiocruz-tem-fabricado-vacina-brasileira-com-ajuda-de-israel-em-sigilo.ghtml,fato-ou-fake,2021-03-26,['fake'],1,fake,falso,False,falso,False,
https://g1.globo.com/fato-ou-fake/coronavirus/noticia/2021/03/25/e-fake-que-foto-mostre-policiais-se-recusando-a-enfrentar-manifestantes-contra-o-lockdown-na-italia.ghtml,fato-ou-fake,2021-03-25,['fake'],1,fake,falso,False,falso,False,
https://g1.globo.com/fato-ou-fake/coronavirus/noticia/2021/03/25/e-fake-que-fiocruz-tem-sugerido-inalacao-com-agua-sanitaria-a-pessoas-com-suspeita-de-covid-19.ghtml,fato-ou-fake,2021-03-25,['fake'],1,fake,falso,False,falso,False,
https://g1.globo.com/fato-ou-fake/noticia/2021/03/25/e-fake-que-pais-nao-registrou-nenhum-caso-de-dengue-em-2021.ghtml,fato-ou-fake,2021-03-25,['fake'],1,fake,falso,False,falso,False,
https://g1.globo.com/fato-ou-fake/coronavirus/noticia/2021/03/24/e-fake-que-gravacao-em-hospital-mostre-teatro-da-covid-19-no-ceara.ghtml,fato-ou-fake,2021-03-24,['fake'],1,fake,falso,False,falso,False,
https://g1.globo.com/fato-ou-fake/coronavirus/noticia/2021/03/23/e-fake-cronograma-que-mostra-datas-de-vacinacao-contra-a-covid-19-para-todas-as-faixas-etarias-em-sp.ghtml,fato-ou-fake,2021-03-23,['fake'],1,fake,falso,False,falso,False,
https://g1.globo.com/fato-ou-fake/coronavirus/noticia/2021/03/22/e-fake-que-infectologistas-de-todo-o-pais-foram-obrigados-a-assinar-documento-contra-tratamento-precoce-para-covid-19.ghtml,fato-ou-fake,2021-03-22,['fake'],1,fake,falso,False,falso,False,
https://g1.globo.com/fato-ou-fake/coronavirus/noticia/2021/03/19/e-fake-que-foto-mostre-paulo-camara-e-joao-campos-em-confraternizacao-sem-mascara-durante-a-quarentena-em-pernambuco.ghtml,fato-ou-fake,2021-03-19,['fake'],1,fake,falso,False,falso,False,
https://g1.globo.com/fato-ou-fake/coronavirus/noticia/2021/03/19/e-fake-que-video-mostre-ex-presidente-lula-sem-mascara-em-bar-durante-a-pandemia.ghtml,fato-ou-fake,2021-03-19,['fake'],1,fake,falso,False,falso,False,
https://g1.globo.com/fato-ou-fake/coronavirus/noticia/2021/03/17/e-fake-que-governo-de-sp-anunciou-a-adocao-de-lei-seca-em-marco-para-ampliar-o-confinamento.ghtml,fato-ou-fake,2021-03-17,['fake'],1,fake,falso,False,falso,False,
https://g1.globo.com/fato-ou-fake/noticia/2021/03/17/e-fake-que-mensagens-de-bom-dia-no-whatsapp-escondam-codigos-para-hackear-celulares.ghtml,fato-ou-fake,2021-03-17,['fake'],1,fake,falso,False,falso,False,
https://g1.globo.com/fato-ou-fake/coronavirus/noticia/2021/03/17/e-fake-que-governo-de-sao-paulo-anunciou-corte-no-fornecimento-de-energia-entre-0h-e-6h-para-reforcar-isolamento.ghtml,fato-ou-fake,2021-03-17,['fake'],1,fake,falso,False,falso,False,
https://g1.globo.com/fato-ou-fake/coronavirus/noticia/2021/03/16/e-fake-que-filho-de-lula-comprou-20percent-das-acoes-da-sinovac-em-acordo-com-governo-de-sao-paulo.ghtml,fato-ou-fake,2021-03-16,['fake'],1,fake,falso,False,falso,False,
https://g1.globo.com/fato-ou-fake/coronavirus/noticia/2021/03/15/e-fake-que-mascaras-podem-causar-danos-neurologicos-irreversiveis.ghtml,fato-ou-fake,2021-03-15,['fake'],1,fake,falso,False,falso,False,
https://g1.globo.com/fato-ou-fake/coronavirus/noticia/2021/03/12/e-fake-que-video-mostre-criancas-fugindo-de-vacinacao-forcada-na-africa.ghtml,fato-ou-fake,2021-03-12,['fake'],1,fake,falso,False,falso,False,
https://g1.globo.com/fato-ou-fake/coronavirus/noticia/2021/03/12/e-fake-que-foto-mostre-pm-reprimindo-ambulante-por-descumprimento-de-restricoes-contra-a-covid-19.ghtml,fato-ou-fake,2021-03-12,['fake'],1,fake,falso,False,falso,False,
https://g1.globo.com/fato-ou-fake/noticia/2021/03/09/e-fake-que-imagens-mostrem-lula-bebado-agradecendo-decisao-de-fachin-de-anular-condenacoes.ghtml,fato-ou-fake,2021-03-09,['fake'],1,fake,falso,False,falso,False,
https://g1.globo.com/fato-ou-fake/coronavirus/noticia/2021/03/08/e-fake-que-taxa-de-mortalidade-aumentou-em-israel-apos-aplicacao-da-vacina-da-pfizer-contra-a-covid-19.ghtml,fato-ou-fake,2021-03-08,['fake'],1,fake,falso,False,falso,False,
https://g1.globo.com/fato-ou-fake/coronavirus/noticia/2021/03/08/e-fake-que-imagens-mostrem-vagas-ociosas-de-leitos-para-covid-e-revelem-farsa-em-montes-claros.ghtml,fato-ou-fake,2021-03-08,['fake'],1,fake,falso,False,falso,False,
https://g1.globo.com/fato-ou-fake/coronavirus/noticia/2021/03/04/e-fake-video-em-que-mulher-diz-que-mais-de-500-pessoas-morreram-apos-tomar-vacina-contra-a-covid-19-no-pais.ghtml,fato-ou-fake,2021-03-04,['fake'],1,fake,falso,False,falso,False,
https://g1.globo.com/fato-ou-fake/coronavirus/noticia/2021/03/04/e-fake-que-imagens-provem-que-hospital-moinhos-de-vento-nao-esta-lotado-de-pacientes-com-covid-19.ghtml,fato-ou-fake,2021-03-04,['fake'],1,fake,falso,False,falso,False,
https://g1.globo.com/fato-ou-fake/noticia/2019/08/27/e-fake-pagina-que-simula-site-de-drauzio-varella-para-vender-produto-para-dores-nas-articulacoes.ghtml,fato-ou-fake,2019-08-27,['fake'],1,fake,falso,False,falso,False,
https://g1.globo.com/fato-ou-fake/noticia/2019/01/22/e-fake-que-chile-previu-calor-de-55o-c-no-brasil-e-fato-que-medico-compilou-dicas-contra-o-calor-intenso.ghtml,fato-ou-fake,2019-01-22,"['fake', 'fato']",2,fake|fato,falso|verdadeiro,True,,False,
https://g1.globo.com/fato-ou-fake/noticia/2019/01/14/e-fake-que-e-recomendavel-aplicar-gelo-sobre-picada-de-escorpiao.ghtml,fato-ou-fake,2019-01-14,['fake'],1,fake,falso,False,falso,False,
https://g1.globo.com/fato-ou-fake/noticia/2019/01/08/e-fake-que-promotor-pediu-prisao-de-lutadora-do-ufc-que-reagiu-a-assalto-no-rio.ghtml,fato-ou-fake,2019-01-08,['fake'],1,fake,falso,False,falso,False,
https://g1.globo.com/fato-ou-fake/noticia/2019/01/08/e-fake-que-hospital-do-homem-em-sp-vai-fechar-por-falta-de-pacientes.ghtml,fato-ou-fake,2019-01-08,['fake'],1,fake,falso,False,falso,False,
https://g1.globo.com/fato-ou-fake/noticia/2018/07/30/g1-lanca-fato-ou-fake-novo-servico-de-checagem-de-conteudos-suspeitos.ghtml,fato-ou-fake,2018-07-30,"['fato', 'nao e bem assim', 'fake']",3,fato|nao e bem assim|fake,verdadeiro|verdadeiro fora de contexto ou exagerado|falso,True,,False,
https://g1.globo.com/fato-ou-fake/noticia/2020/11/26/e-fake-que-video-mostre-votos-de-uma-mesma-zona-eleitoral-aparecendo-de-forma-divergente-no-aplicativo-do-tse-e-no-boletim-de-urna.ghtml,fato-ou-fake,2020-11-26,['fake'],1,fake,falso,False,falso,False,
https://g1.globo.com/fato-ou-fake/coronavirus/noticia/2020/11/18/e-fake-que-mascaras-tem-baixa-filtragem-de-virus-e-fazem-mais-mal-do-que-bem.ghtml,fato-ou-fake,2020-11-18,['fake'],1,fake,falso,False,falso,False,
https://g1.globo.com/fato-ou-fake/coronavirus/noticia/2020/11/17/e-fake-que-medica-foi-entubada-no-sul-do-pais-apos-tomar-coronavac.ghtml,fato-ou-fake,2020-11-17,['fake'],1,fake,falso,False,falso,False,
https://g1.globo.com/fato-ou-fake/noticia/2020/11/15/e-fake-mensagem-que-diz-ser-possivel-alterar-o-voto-caso-mesario-nao-entregue-o-comprovante-ao-eleitor.ghtml,fato-ou-fake,2020-11-15,['fake'],1,fake,falso,False,falso,False,
https://g1.globo.com/fato-ou-fake/noticia/2020/11/14/e-fake-que-voto-e-facultativo-nesta-eleicao-para-quem-tem-mais-de-60-anos-em-razao-da-pandemia.ghtml,fato-ou-fake,2020-11-14,['fake'],1,fake,falso,False,falso,False,
https://g1.globo.com/fato-ou-fake/noticia/2020/11/13/e-fake-que-fotos-mostrem-joe-biden-assediando-criancas.ghtml,fato-ou-fake,2020-11-13,['fake'],1,fake,falso,False,falso,False,
https://g1.globo.com/fato-ou-fake/coronavirus/noticia/2020/11/13/e-fake-que-medicos-alemaes-descobriram-que-mortes-por-coronavirus-sao-causadas-por-uma-bacteria-e-que-a-covid-19-e-amplificada-pelo-5g.ghtml,fato-ou-fake,2020-11-13,['fake'],1,fake,falso,False,falso,False,
https://g1.globo.com/fato-ou-fake/coronavirus/noticia/2020/11/11/e-fake-que-imagens-mostrem-vacinacao-obrigatoria-contra-a-covid-19-no-peru.ghtml,fato-ou-fake,2020-11-11,['fake'],1,fake,falso,False,falso,False,
https://g1.globo.com/fato-ou-fake/noticia/2020/11/11/e-fake-mensagem-com-link-de-cadastro-para-votar-em-casa-pelo-celular.ghtml,fato-ou-fake,2020-11-11,['fake'],1,fake,falso,False,falso,False,
https://g1.globo.com/fato-ou-fake/noticia/2020/11/11/fato-ou-fake-lanca-bot-exclusivo-para-checar-conteudos-duvidosos.ghtml,fato-ou-fake,2020-11-11,"['fato', 'nao e bem assim', 'fake']",3,fato|nao e bem assim|fake,verdadeiro|verdadeiro fora de contexto ou exagerado|falso,True,,False,
https://g1.globo.com/fato-ou-fake/noticia/2020/11/06/veja-o-que-e-fato-ou-fake-nas-declaracoes-dos-candidatos-a-prefeitura-de-belo-horizonte-na-6a-semana-de-campanha.ghtml,fato-ou-fake,2020-11-06,"['nao e bem assim', 'nao e bem assim', 'nao e bem assim', 'nao e bem assim', 'nao e bem assim', 'fake', 'fake', 'nao e bem assim', 'nao e bem assim']",9,nao e bem assim|nao e bem assim|nao e bem assim|nao e bem assim|nao e bem assim|fake|fake|nao e bem assim|nao e bem assim,verdadeiro fora de contexto ou exagerado|verdadeiro fora de contexto ou exagerado|verdadeiro fora de contexto ou exagerado|verdadeiro fora de contexto ou exagerado|verdadeiro fora de contexto ou exagerado|falso|falso|verdadeiro fora de contexto ou exagerado|verdadeiro fora de contexto ou exagerado,True,,False,
https://g1.globo.com/fato-ou-fake/coronavirus/noticia/2020/11/05/e-fake-que-vacina-para-h1n1-distribuida-no-brasil-seja-da-empresa-chinesa-que-produz-a-coronavac.ghtml,fato-ou-fake,2020-11-05,['fake'],1,fake,falso,False,falso,False,
https://g1.globo.com/fato-ou-fake/noticia/2020/11/04/e-fake-que-atual-diretoria-da-anvisa-seja-a-mesma-de-governos-do-pt.ghtml,fato-ou-fake,2020-11-04,['fake'],1,fake,falso,False,falso,False,
https://g1.globo.com/fato-ou-fake/coronavirus/noticia/2020/11/03/e-fake-que-uso-de-mascara-aumenta-taxa-de-co2-no-cerebro-e-risco-de-trombose-e-altera-flora-da-boca-e-do-intestino.ghtml,fato-ou-fake,2020-11-03,['fake'],1,fake,falso,False,falso,False,
https://g1.globo.com/fato-ou-fake/coronavirus/noticia/2020/11/02/e-fake-que-imagens-mostrem-protesto-em-napoles-contra-vacina-chinesa.ghtml,fato-ou-fake,2020-11-02,['fake'],1,fake,falso,False,falso,False,
https://g1.globo.com/fato-ou-fake/noticia/2020/11/02/e-fake-que-fotos-mostrem-comicios-de-trump-e-biden-na-vespera-da-eleicao-americana.ghtml,fato-ou-fake,2020-11-02,['fake'],1,fake,falso,False,falso,False,
https://g1.globo.com/fato-ou-fake/noticia/2019/05/31/e-fake-que-japao-iniciou-producao-em-massa-de-bebes-em-uteros-artificiais.ghtml,fato-ou-fake,2019-05-31,['fake'],1,fake,falso,False,falso,False,
https://g1.globo.com/fato-ou-fake/noticia/2019/05/29/e-fake-que-escola-para-autistas-em-sao-goncalo-nao-tem-alunos-por-falta-de-procura-e-divulgacao.ghtml,fato-ou-fake,2019-05-29,['fake'],1,fake,falso,False,falso,False,
https://g1.globo.com/fato-ou-fake/noticia/2019/05/16/e-fake-que-governo-do-japao-vai-banir-fornos-micro-ondas-no-pais.ghtml,fato-ou-fake,2019-05-16,['fake'],1,fake,falso,False,falso,False,
https://g1.globo.com/fato-ou-fake/noticia/2019/05/13/e-fake-que-imagem-avalia-problemas-de-visao-a-partir-de-numeros-que-surgem-em-quadro.ghtml,fato-ou-fake,2019-05-13,['fake'],1,fake,falso,False,falso,False,
https://g1.globo.com/fato-ou-fake/noticia/2019/04/29/e-fake-que-boulos-deu-entrada-em-hospital-apos-overdose-em-boate.ghtml,fato-ou-fake,2019-04-29,['fake'],1,fake,falso,False,falso,False,
https://g1.globo.com/fato-ou-fake/noticia/2019/04/24/e-fake-que-diretor-do-hc-mandou-mensagem-com-dicas-para-evitar-gripe-e-que-tamiflu-e-feito-de-erva-doce.ghtml,fato-ou-fake,2019-04-24,['fake'],1,fake,falso,False,falso,False,
https://g1.globo.com/fato-ou-fake/noticia/2019/04/16/e-fake-que-fenilpropanolamina-esta-presente-em-22-medicamentos-vendidos-no-brasil.ghtml,fato-ou-fake,2019-04-16,['fake'],1,fake,falso,False,falso,False,
https://g1.globo.com/fato-ou-fake/coronavirus/noticia/2020/09/24/e-fake-que-argentina-e-o-segundo-pais-com-maior-numero-de-mortos-por-100-mil-pela-covid-19.ghtml,fato-ou-fake,2020-09-24,['fake'],1,fake,falso,False,falso,False,
https://g1.globo.com/fato-ou-fake/noticia/2020/09/22/veja-o-que-e-fato-ou-fake-no-discurso-de-bolsonaro-na-onu.ghtml,fato-ou-fake,2020-09-22,"['nao e bem assim', 'nao e bem assim', 'fato', 'fake', 'fake', 'fato', 'fake']",7,nao e bem assim|nao e bem assim|fato|fake|fake|fato|fake,verdadeiro fora de contexto ou exagerado|verdadeiro fora de contexto ou exagerado|verdadeiro|falso|falso|verdadeiro|falso,True,,False,
https://g1.globo.com/fato-ou-fake/coronavirus/noticia/2020/09/17/e-fake-que-governadora-do-rio-grande-do-norte-determinou-distanciamento-de-carros-para-conter-propagacao-do-coronavirus.ghtml,fato-ou-fake,2020-09-17,['fake'],1,fake,falso,False,falso,False,
https://g1.globo.com/fato-ou-fake/coronavirus/noticia/2020/09/15/e-fake-que-nenhum-morador-de-rua-morreu-de-covid-19.ghtml,fato-ou-fake,2020-09-15,['fake'],1,fake,falso,False,falso,False,
https://g1.globo.com/fato-ou-fake/coronavirus/noticia/2020/09/14/e-fake-foto-de-banhista-usando-mascara-de-protecao-contra-o-coronavirus-durante-mergulho.ghtml,fato-ou-fake,2020-09-14,['fake'],1,fake,falso,False,falso,False,
https://g1.globo.com/fato-ou-fake/coronavirus/noticia/2020/09/11/e-fake-que-argentina-venezuela-e-cuba-nao-adotaram-auxilio-a-populacao-mais-pobre-durante-a-pandemia-de-covid-19.ghtml,fato-ou-fake,2020-09-11,['fake'],1,fake,falso,False,falso,False,
https://g1.globo.com/fato-ou-fake/coronavirus/noticia/2020/09/10/e-fake-que-kits-de-testes-para-covid-19-foram-comprados-por-paises-ja-em-2017.ghtml,fato-ou-fake,2020-09-10,['fake'],1,fake,falso,False,falso,False,
https://g1.globo.com/fato-ou-fake/coronavirus/noticia/2020/09/09/e-fake-mensagem-atribuida-a-robert-f-kennedy-jr-sobre-efeitos-irreversiveis-causados-por-vacinas-contra-covid-19.ghtml,fato-ou-fake,2020-09-09,['fake'],1,fake,falso,False,falso,False,
https://g1.globo.com/fato-ou-fake/coronavirus/noticia/2020/09/08/e-fake-que-foto-mostre-maia-ao-lado-de-pezao-em-festa-no-meio-da-pandemia.ghtml,fato-ou-fake,2020-09-08,['fake'],1,fake,falso,False,falso,False,
https://g1.globo.com/fato-ou-fake/coronavirus/noticia/2020/09/04/e-fake-teste-que-manda-prender-respiracao-para-pessoa-se-certificar-se-tem-covid-19.ghtml,fato-ou-fake,2020-09-04,['fake'],1,fake,falso,False,falso,False,
https://g1.globo.com/fato-ou-fake/coronavirus/noticia/2020/09/03/e-fake-que-eua-e-china-consideram-cloroquina-100percent-eficiente-para-curar-a-covid-19.ghtml,fato-ou-fake,2020-09-03,['fake'],1,fake,falso,False,falso,False,
https://g1.globo.com/fato-ou-fake/coronavirus/noticia/2020/09/02/e-fake-que-pesquisa-revelou-que-so-6percent-das-mortes-atribuidas-a-covid-19-nos-estados-unidos-foram-mesmo-causadas-pelo-coronavirus.ghtml,fato-ou-fake,2020-09-02,['fake'],1,fake,falso,False,falso,False,
https://g1.globo.com/fato-ou-fake/noticia/2020/09/02/e-fake-que-deputadas-escreveram-carta-a-onu-pedindo-que-estupradores-nao-sejam-denunciados.ghtml,fato-ou-fake,2020-09-02,['fake'],1,fake,falso,False,falso,False,
https://g1.globo.com/fato-ou-fake/coronavirus/noticia/2020/09/01/e-fake-que-a-covid-e-um-plano-internacional-de-controle-e-reducao-da-populacao-lancado-em-2020.ghtml,fato-ou-fake,2020-09-01,['fake'],1,fake,falso,False,falso,False,
https://g1.globo.com/fato-ou-fake/coronavirus/noticia/2020/09/01/e-fake-que-jejum-prolongado-e-banho-frio-previnam-a-covid-19.ghtml,fato-ou-fake,2020-09-01,['fake'],1,fake,falso,False,falso,False,
https://g1.globo.com/fato-ou-fake/coronavirus/noticia/2020/09/01/e-fake-que-foto-de-praia-lotada-no-rio-publicada-em-jornal-e-antiga-e-foi-retirada-de-arquivo.ghtml,fato-ou-fake,2020-09-01,['fake'],1,fake,falso,False,falso,False,
https://g1.globo.com/fato-ou-fake/coronavirus/noticia/2020/06/30/e-fake-que-termometro-digital-infravermelho-cause-cancer-e-cegueira.ghtml,fato-ou-fake,2020-06-30,['fake'],1,fake,falso,False,falso,False,
https://g1.globo.com/fato-ou-fake/coronavirus/noticia/2020/06/29/e-fake-que-foto-mostre-motorista-ferido-a-pedrada-apos-passageiro-se-recusar-a-usar-mascara.ghtml,fato-ou-fake,2020-06-29,['fake'],1,fake,falso,False,falso,False,
https://g1.globo.com/fato-ou-fake/coronavirus/noticia/2020/06/25/e-fake-que-cloroquina-seja-distribuida-gratuitamente-por-toda-a-europa-para-tratar-a-covid-19.ghtml,fato-ou-fake,2020-06-25,['fake'],1,fake,falso,False,falso,False,
https://g1.globo.com/fato-ou-fake/coronavirus/noticia/2020/06/24/e-fake-que-uso-de-mascara-de-protecao-faca-mal-a-saude-tornando-o-sangue-mais-acido.ghtml,fato-ou-fake,2020-06-24,['fake'],1,fake,falso,False,falso,False,
https://g1.globo.com/fato-ou-fake/coronavirus/noticia/2020/06/24/e-fake-que-mistura-caseira-de-agua-sal-e-zinco-seja-eficaz-contra-o-novo-coronavirus.ghtml,fato-ou-fake,2020-06-24,['fake'],1,fake,falso,False,falso,False,
https://g1.globo.com/fato-ou-fake/coronavirus/noticia/2020/06/22/e-fake-que-video-mostre-medicos-comemorando-fim-da-pandemia-em-israel.ghtml,fato-ou-fake,2020-06-22,['fake'],1,fake,falso,False,falso,False,
https://g1.globo.com/fato-ou-fake/coronavirus/noticia/2020/06/22/e-fake-que-texto-sobre-pandemia-do-medo-foi-escrito-por-cs-lewis.ghtml,fato-ou-fake,2020-06-22,['fake'],1,fake,falso,False,falso,False,
https://g1.globo.com/fato-ou-fake/coronavirus/noticia/2020/06/22/e-fake-que-edicao-de-revista-publicada-em-2003-fale-do-novo-coronavirus.ghtml,fato-ou-fake,2020-06-22,['fake'],1,fake,falso,False,falso,False,
https://g1.globo.com/fato-ou-fake/coronavirus/noticia/2020/06/22/e-fake-que-doria-propos-que-idosos-sejam-os-primeiros-a-ser-testados-com-a-vacina-contra-o-coronavirus.ghtml,fato-ou-fake,2020-06-22,['fake'],1,fake,falso,False,falso,False,
https://g1.globo.com/fato-ou-fake/coronavirus/noticia/2020/06/17/e-fake-que-foto-mostre-amigdalas-de-paciente-com-covid-19.ghtml,fato-ou-fake,2020-06-17,['fake'],1,fake,falso,False,falso,False,
https://g1.globo.com/fato-ou-fake/coronavirus/noticia/2020/06/16/e-fake-que-mascaras-sao-inocuas-e-podem-causar-infeccao-na-garganta.ghtml,fato-ou-fake,2020-06-16,['fake'],1,fake,falso,False,falso,False,
https://g1.globo.com/fato-ou-fake/coronavirus/noticia/2020/06/16/e-fake-que-foto-mostre-criminosos-se-passando-por-eletricistas-no-meio-da-pandemia-do-coronavirus.ghtml,fato-ou-fake,2020-06-16,['fake'],1,fake,falso,False,falso,False,
https://g1.globo.com/fato-ou-fake/coronavirus/noticia/2020/06/15/e-fake-que-doria-firmou-contrato-com-farmaceutica-chinesa-em-2019-para-desenvolver-vacina-contra-o-coronavirus.ghtml,fato-ou-fake,2020-06-15,['fake'],1,fake,falso,False,falso,False,
https://g1.globo.com/fato-ou-fake/coronavirus/noticia/2020/06/10/e-fake-que-video-mostre-baile-funk-e-ninguem-com-mascara-em-favela-do-rio-apos-decisao-do-stf-de-proibir-operacoes-policiais.ghtml,fato-ou-fake,2020-06-10,['fake'],1,fake,falso,False,falso,False,
https://g1.globo.com/fato-ou-fake/coronavirus/noticia/2020/06/09/e-fake-que-ministro-interino-da-saude-ordenou-que-nao-conste-mais-suspeita-de-covid-19-nos-atestados-de-obito.ghtml,fato-ou-fake,2020-06-09,['fake'],1,fake,falso,False,falso,False,
https://g1.globo.com/fato-ou-fake/coronavirus/noticia/2020/06/09/e-fake-que-fernando-haddad-fez-festa-de-aniversario-com-varios-convidados-no-meio-da-quarentena.ghtml,fato-ou-fake,2020-06-09,['fake'],1,fake,falso,False,falso,False,
https://g1.globo.com/fato-ou-fake/coronavirus/noticia/2020/06/05/e-fake-que-hospital-de-campanha-do-anhembi-ficou-vazio.ghtml,fato-ou-fake,2020-06-05,['fake'],1,fake,falso,False,falso,False,
https://g1.globo.com/fato-ou-fake/coronavirus/noticia/2020/06/05/e-fake-que-video-mostre-pessoas-abandonando-as-mascaras-na-italia-e-que-cenas-revelem-o-fim-da-pandemia.ghtml,fato-ou-fake,2020-06-05,['fake'],1,fake,falso,False,falso,False,
https://g1.globo.com/fato-ou-fake/noticia/2020/06/05/e-fake-capa-da-revista-time-com-silhueta-de-hitler-e-de-trump-em-seu-bigode.ghtml,fato-ou-fake,2020-06-05,['fake'],1,fake,falso,False,falso,False,
https://g1.globo.com/fato-ou-fake/noticia/2019/11/11/e-fake-que-roger-abdelmassih-foi-solto-apos-decisao-do-stf-sobre-prisao-em-2a-instancia.ghtml,fato-ou-fake,2019-11-11,['fake'],1,fake,falso,False,falso,False,
https://g1.globo.com/fato-ou-fake/noticia/2020/05/26/e-fake-que-pms-de-sao-paulo-prestaram-continencia-a-manifestantes-pro-bolsonaro-e-descumpriram-ordem-de-doria-durante-ato.ghtml,fato-ou-fake,2020-05-26,['fake'],1,fake,falso,False,falso,False,
https://g1.globo.com/fato-ou-fake/coronavirus/noticia/2020/05/26/e-fake-que-formula-caseira-com-maca-inhame-e-agua-de-coco-proteja-do-coronavirus.ghtml,fato-ou-fake,2020-05-26,['fake'],1,fake,falso,False,falso,False,
https://g1.globo.com/fato-ou-fake/coronavirus/noticia/2020/05/26/e-fake-que-governador-de-alagoas-participou-de-evento-dias-depois-de-testar-positivo-para-a-covid-19.ghtml,fato-ou-fake,2020-05-26,['fake'],1,fake,falso,False,falso,False,
https://g1.globo.com/fato-ou-fake/coronavirus/noticia/2020/05/19/e-fake-que-hospital-central-da-policia-militar-no-rio-nao-tem-pacientes-internados-com-covid-19.ghtml,fato-ou-fake,2020-05-19,['fake'],1,fake,falso,False,falso,False,
https://g1.globo.com/fato-ou-fake/coronavirus/noticia/2020/05/19/e-fake-que-cha-da-casca-de-quina-quina-seja-eficaz-contra-o-coronavirus.ghtml,fato-ou-fake,2020-05-19,['fake'],1,fake,falso,False,falso,False,
https://g1.globo.com/fato-ou-fake/coronavirus/noticia/2020/05/18/e-fake-que-ministerio-da-saude-repassa-r-12-mil-a-hospitais-por-cada-morte-por-covid-19.ghtml,fato-ou-fake,2020-05-18,['fake'],1,fake,falso,False,falso,False,
https://g1.globo.com/fato-ou-fake/coronavirus/noticia/2020/05/18/e-fake-que-juiz-marcelo-bretas-fez-post-defendendo-uso-de-remedio-experimental-e-falando-em-hospitais-de-campanha-superfaturados.ghtml,fato-ou-fake,2020-05-18,['fake'],1,fake,falso,False,falso,False,
https://g1.globo.com/fato-ou-fake/coronavirus/noticia/2020/05/18/e-fake-que-videos-mostrem-pessoas-se-passando-por-agentes-de-saude-para-contaminar-a-populacao.ghtml,fato-ou-fake,2020-05-18,['fake'],1,fake,falso,False,falso,False,
https://g1.globo.com/fato-ou-fake/coronavirus/noticia/2020/05/15/e-fake-que-rede-de-hipermercados-makro-tenha-fechado-lojas-no-rio-por-conta-da-crise-do-coronavirus.ghtml,fato-ou-fake,2020-05-15,['fake'],1,fake,falso,False,falso,False,
https://g1.globo.com/fato-ou-fake/coronavirus/noticia/2020/05/15/e-fake-que-cha-de-boldo-combate-a-covid-19-em-tres-horas.ghtml,fato-ou-fake,2020-05-15,['fake'],1,fake,falso,False,falso,False,
https://g1.globo.com/fato-ou-fake/coronavirus/noticia/2020/05/15/e-fake-que-governador-de-pernambuco-proibiu-missas-online-durante-a-pandemia-do-coronavirus.ghtml,fato-ou-fake,2020-05-15,['fake'],1,fake,falso,False,falso,False,
https://g1.globo.com/fato-ou-fake/coronavirus/noticia/2020/05/14/e-fake-que-foto-mostre-corpos-de-vitimas-da-covid-19-enterrados-em-vala-comum-em-nova-york.ghtml,fato-ou-fake,2020-05-14,['fake'],1,fake,falso,False,falso,False,
https://g1.globo.com/fato-ou-fake/coronavirus/noticia/2020/05/07/e-fake-tabela-que-mostra-brasil-com-a-maior-taxa-de-recuperados-da-covid-19-no-mundo.ghtml,fato-ou-fake,2020-05-07,['fake'],1,fake,falso,False,falso,False,
https://g1.globo.com/fato-ou-fake/coronavirus/noticia/2020/05/06/e-fake-que-unidade-do-supermercado-mundial-foi-fechada-no-rio-apos-funcionarios-morrerem-de-covid-19.ghtml,fato-ou-fake,2020-05-06,['fake'],1,fake,falso,False,falso,False,
https://g1.globo.com/fato-ou-fake/coronavirus/noticia/2020/05/06/e-fake-que-curitiba-nao-tem-adotado-medidas-de-distanciamento-social-e-nao-registra-mortes-por-covid-19.ghtml,fato-ou-fake,2020-05-06,['fake'],1,fake,falso,False,falso,False,
https://g1.globo.com/fato-ou-fake/coronavirus/noticia/2020/05/05/e-fake-que-pesquisa-mostra-que-vapor-de-eucalipto-protege-ambientes-do-coronavirus.ghtml,fato-ou-fake,2020-05-05,['fake'],1,fake,falso,False,falso,False,
https://g1.globo.com/fato-ou-fake/coronavirus/noticia/2020/05/05/e-fake-que-papa-disse-para-todos-fazerem-a-oracao-estou-vacinado-com-o-sangue-de-cristo-e-nenhum-virus-pode-tocar-me.ghtml,fato-ou-fake,2020-05-05,['fake'],1,fake,falso,False,falso,False,
https://g1.globo.com/fato-ou-fake/coronavirus/noticia/2020/12/29/e-fake-que-ceo-da-pfizer-disse-que-nao-vai-tomar-a-propria-vacina.ghtml,fato-ou-fake,2020-12-29,['fake'],1,fake,falso,False,falso,False,
https://g1.globo.com/fato-ou-fake/coronavirus/noticia/2020/12/20/e-fake-que-enfermeira-morreu-no-tennessee-apos-tomar-vacina-contra-covid-19-e-desmaiar-em-publico.ghtml,fato-ou-fake,2020-12-20,['fake'],1,fake,falso,False,falso,False,
https://g1.globo.com/retrospectiva/2020/noticia/2020/12/17/fato-ou-fake-em-ano-de-pandemia-mais-de-mil-checagens-realizadas.ghtml,fato-ou-fake,2020-12-17,"['fato', 'nao e bem assim', 'fake']",3,fato|nao e bem assim|fake,verdadeiro|verdadeiro fora de contexto ou exagerado|falso,True,,False,
https://g1.globo.com/fato-ou-fake/coronavirus/noticia/2020/12/14/e-fake-que-imagens-de-primeira-vacinada-no-reino-unido-foram-feitas-dois-meses-antes-de-serem-divulgadas-ao-publico.ghtml,fato-ou-fake,2020-12-14,['fake'],1,fake,falso,False,falso,False,
https://g1.globo.com/fato-ou-fake/coronavirus/noticia/2020/12/14/e-fake-que-sp-gastara-para-vacinar-populacao-do-estado-mais-de-3-vezes-o-que-governo-federal-estima-gastar-em-todo-o-pais.ghtml,fato-ou-fake,2020-12-14,['fake'],1,fake,falso,False,falso,False,
https://g1.globo.com/fato-ou-fake/coronavirus/noticia/2020/12/10/e-fake-que-pandemia-do-novo-coronavirus-e-uma-farsa-e-que-se-assemelha-a-uma-temporada-ruim-de-gripe.ghtml,fato-ou-fake,2020-12-10,['fake'],1,fake,falso,False,falso,False,
https://g1.globo.com/fato-ou-fake/coronavirus/noticia/2020/12/10/e-fake-que-laboratorio-de-wuhan-e-pfizer-sejam-de-propriedade-da-farmaceutica-glaxo.ghtml,fato-ou-fake,2020-12-10,['fake'],1,fake,falso,False,falso,False,
https://g1.globo.com/fato-ou-fake/coronavirus/noticia/2020/12/08/e-fake-que-vacina-das-farmaceuticas-pfizer-e-biontech-para-covid-19-cause-infertilidade-em-mulheres.ghtml,fato-ou-fake,2020-12-08,['fake'],1,fake,falso,False,falso,False,
https://g1.globo.com/fato-ou-fake/noticia/2020/12/07/e-fake-que-ator-miguel-falabella-morreu-e-em-decorrencia-da-covid-19.ghtml,fato-ou-fake,2020-12-07,['fake'],1,fake,falso,False,falso,False,
https://g1.globo.com/fato-ou-fake/coronavirus/noticia/2020/12/03/e-fake-que-imagem-mostre-fornos-crematorios-enviados-da-china-para-a-argentina-por-conta-da-adocao-da-coronavac-no-pais.ghtml,fato-ou-fake,2020-12-03,['fake'],1,fake,falso,False,falso,False,
https://g1.globo.com/fato-ou-fake/coronavirus/noticia/2020/12/03/e-fake-que-escovas-de-dentes-de-pacientes-com-a-covid-19-podem-reter-o-coronavirus-ativo-e-reinfecta-los.ghtml,fato-ou-fake,2020-12-03,['fake'],1,fake,falso,False,falso,False,
https://g1.globo.com/fato-ou-fake/noticia/2019/07/26/e-fake-que-reforma-da-previdencia-retira-pensao-por-morte-de-dependentes-com-sindrome-de-down-e-autismo.ghtml,fato-ou-fake,2019-07-26,['fake'],1,fake,falso,False,falso,False,
https://g1.globo.com/fato-ou-fake/noticia/2019/07/26/e-fake-que-glenn-greenwald-foi-internado-as-pressas-apos-infarto-no-rio.ghtml,fato-ou-fake,2019-07-26,['fake'],1,fake,falso,False,falso,False,
https://g1.globo.com/fato-ou-fake/noticia/2019/07/19/e-fake-que-foto-com-selo-elenao-seja-de-mulher-que-empurrou-padre-marcelo-rossi.ghtml,fato-ou-fake,2019-07-19,['fake'],1,fake,falso,False,falso,False,
https://g1.globo.com/fato-ou-fake/noticia/2019/07/12/e-fake-que-haja-mais-de-400-casos-de-doenca-causada-pelo-consumo-de-tucunare-no-brasil.ghtml,fato-ou-fake,2019-07-12,['fake'],1,fake,falso,False,falso,False,
https://g1.globo.com/fato-ou-fake/noticia/2019/07/10/e-fake-que-tossir-pode-ajudar-a-sobreviver-a-um-infarto.ghtml,fato-ou-fake,2019-07-10,['fake'],1,fake,falso,False,falso,False,
https://g1.globo.com/fato-ou-fake/noticia/2019/07/05/e-fake-que-fotos-mostram-agua-fluorescente-no-mar-de-santos-sp.ghtml,fato-ou-fake,2019-07-05,['fake'],1,fake,falso,False,falso,False,
https://g1.globo.com/fato-ou-fake/noticia/2019/07/01/e-fake-que-governo-americano-libera-consumo-de-colesterol-e-afirma-que-excesso-nao-faz-mal-a-saude.ghtml,fato-ou-fake,2019-07-01,['fake'],1,fake,falso,False,falso,False,
https://g1.globo.com/fato-ou-fake/noticia/2018/11/24/e-fake-que-filha-de-che-guevara-comandou-mais-medicos.ghtml,fato-ou-fake,2018-11-24,['fake'],1,fake,falso,False,falso,False,
https://g1.globo.com/fato-ou-fake/noticia/2018/11/21/e-fake-que-ha-apenas-duas-faculdades-de-medicina-em-cuba-que-so-formam-300-medicos-por-ano.ghtml,fato-ou-fake,2018-11-21,['fake'],1,fake,falso,False,falso,False,
https://g1.globo.com/fato-ou-fake/noticia/2018/11/16/e-fake-que-general-mourao-fez-post-dizendo-que-livros-dirao-que-bolsonaro-sera-lembrado-por-libertar-8-mil-cubanos-da-escravidao.ghtml,fato-ou-fake,2018-11-16,['fake'],1,fake,falso,False,falso,False,
https://g1.globo.com/fato-ou-fake/noticia/2018/11/14/e-fake-texto-que-diz-que-usar-celular-no-escuro-causa-cancer-no-olho.ghtml,fato-ou-fake,2018-11-14,['fake'],1,fake,falso,False,falso,False,
https://g1.globo.com/fato-ou-fake/noticia/2018/11/08/e-fake-que-gleisi-hoffmann-quer-impedir-doacao-de-bolsonaro-a-santa-casa-de-juiz-de-fora.ghtml,fato-ou-fake,2018-11-08,['fake'],1,fake,falso,False,falso,False,
https://g1.globo.com/fato-ou-fake/noticia/2018/08/06/e-fake-texto-que-diz-que-nova-dipirona-importada-da-venezuela-contem-virus-mortal.ghtml,fato-ou-fake,2018-08-06,['fake'],1,fake,falso,False,falso,False,
https://g1.globo.com/fato-ou-fake/noticia/2018/12/11/e-fake-que-suco-de-quiabo-salva-cachorro-de-cinomose-e-parvovirose.ghtml,fato-ou-fake,2018-12-11,['fake'],1,fake,falso,False,falso,False,
https://g1.globo.com/fato-ou-fake/noticia/2018/12/10/declaracao-universal-dos-direitos-humanos-veja-frases-fake-sobre-o-tema-nos-70-anos-de-aniversario-do-documento.ghtml,fato-ou-fake,2018-12-10,"['fake', 'fake', 'fake', 'fake', 'fake']",5,fake|fake|fake|fake|fake,falso|falso|falso|falso|falso,False,falso,False,
https://g1.globo.com/fato-ou-fake/noticia/2018/12/05/e-fake-mensagem-que-diz-que-coco-quente-mata-cancer.ghtml,fato-ou-fake,2018-12-05,['fake'],1,fake,falso,False,falso,False,
https://g1.globo.com/fato-ou-fake/noticia/2018/10/27/e-fake-capa-da-veja-em-que-bolsonaro-diz-que-acabara-com-tudo-o-que-pt-fez.ghtml,fato-ou-fake,2018-10-27,['fake'],1,fake,falso,False,falso,False,
https://g1.globo.com/fato-ou-fake/noticia/2018/10/26/veja-o-que-e-fato-ou-fake-nas-falas-dos-candidatos-ao-governo-de-sp-no-debate-da-globo1.ghtml,fato-ou-fake,2018-10-26,"['nao e bem assim', 'nao e bem assim', 'fato', 'fake', 'fato', 'nao e bem assim', 'nao e bem assim', 'fato', 'fake', 'fato', 'nao e bem assim', 'nao e bem assim', 'nao e bem assim']",13,nao e bem assim|nao e bem assim|fato|fake|fato|nao e bem assim|nao e bem assim|fato|fake|fato|nao e bem assim|nao e bem assim|nao e bem assim,verdadeiro fora de contexto ou exagerado|verdadeiro fora de contexto ou exagerado|verdadeiro|falso|verdadeiro|verdadeiro fora de contexto ou exagerado|verdadeiro fora de contexto ou exagerado|verdadeiro|falso|verdadeiro|verdadeiro fora de contexto ou exagerado|verdadeiro fora de contexto ou exagerado|verdadeiro fora de contexto ou exagerado,True,,False,
https://g1.globo.com/fato-ou-fake/noticia/2018/10/18/e-fake-que-lula-foi-retratado-apanhando-de-policiais-em-uma-das-fotos-mais-famosas-da-ditadura.ghtml,fato-ou-fake,2018-10-18,"['fake', 'fake']",2,fake|fake,falso|falso,False,falso,False,
https://g1.globo.com/fato-ou-fake/noticia/2018/10/03/veja-o-que-e-fato-ou-fake-nas-falas-dos-candidatos-ao-governo-de-sp-no-debate-da-globo.ghtml,fato-ou-fake,2018-10-03,"['nao e bem assim', 'nao e bem assim', 'fato', 'fake', 'fake', 'fato', 'nao e bem assim', 'fato', 'nao e bem assim', 'fato', 'fake', 'nao e bem assim', 'fato', 'fato', 'fato', 'nao e bem assim', 'fato', 'fake', 'fato', 'fato', 'fato']",21,nao e bem assim|nao e bem assim|fato|fake|fake|fato|nao e bem assim|fato|nao e bem assim|fato|fake|nao e bem assim|fato|fato|fato|nao e bem assim|fato|fake|fato|fato|fato,verdadeiro fora de contexto ou exagerado|verdadeiro fora de contexto ou exagerado|verdadeiro|falso|falso|verdadeiro|verdadeiro fora de contexto ou exagerado|verdadeiro|verdadeiro fora de contexto ou exagerado|verdadeiro|falso|verdadeiro fora de contexto ou exagerado|verdadeiro|verdadeiro|verdadeiro|verdadeiro fora de contexto ou exagerado|verdadeiro|falso|verdadeiro|verdadeiro|verdadeiro,True,,True,"compilado periódico de agência: 21 vereditos num registro, acima do limite de 20. Não é mensagem que alguém receberia, logo não serve de estímulo de teste com usuário."
https://g1.globo.com/fato-ou-fake/noticia/2018/10/03/e-fake-que-roxo-em-olho-de-mulher-muda-de-lado-em-reportagem-da-globo.ghtml,fato-ou-fake,2018-10-03,['fake'],1,fake,falso,False,falso,False,
https://g1.globo.com/fato-ou-fake/noticia/2021/02/27/e-fake-que-video-mostre-posto-com-gasolina-a-r-262-no-paraguai-em-2021.ghtml,fato-ou-fake,2021-02-27,['fake'],1,fake,falso,False,falso,False,
https://g1.globo.com/fato-ou-fake/coronavirus/noticia/2021/02/26/e-fake-que-cloroquina-foi-recomendada-em-1918-como-tratamento-contra-a-gripe-espanhola.ghtml,fato-ou-fake,2021-02-26,['fake'],1,fake,falso,False,falso,False,
https://g1.globo.com/fato-ou-fake/coronavirus/noticia/2021/02/24/e-fake-mensagem-que-diz-que-vacinas-mantidas-a-80c-sao-agentes-para-infectar-celulas-e-transferir-material-genetico.ghtml,fato-ou-fake,2021-02-24,['fake'],1,fake,falso,False,falso,False,
https://g1.globo.com/fato-ou-fake/coronavirus/noticia/2021/02/19/e-fake-que-morte-de-medico-apos-primeira-dose-da-vacina-revele-ineficacia-da-coronavac.ghtml,fato-ou-fake,2021-02-19,['fake'],1,fake,falso,False,falso,False,
https://g1.globo.com/fato-ou-fake/noticia/2021/02/18/e-fake-que-suco-de-cebola-previna-ou-cure-problemas-na-prostata.ghtml,fato-ou-fake,2021-02-18,"['fake', 'fake']",2,fake|fake,falso|falso,False,falso,False,
https://g1.globo.com/fato-ou-fake/coronavirus/noticia/2021/02/15/e-fake-que-estudo-prove-que-mascaras-acumulam-microbios-capazes-de-causar-cancer.ghtml,fato-ou-fake,2021-02-15,['fake'],1,fake,falso,False,falso,False,
https://g1.globo.com/fato-ou-fake/coronavirus/noticia/2021/02/11/e-fake-que-idoso-morreu-em-decorrencia-de-vacina-contra-covid-19-em-guaratingueta.ghtml,fato-ou-fake,2021-02-11,['fake'],1,fake,falso,False,falso,False,
https://g1.globo.com/fato-ou-fake/coronavirus/noticia/2021/02/08/e-fake-que-anvisa-fez-post-anunciando-link-de-cadastro-para-vacina-contra-covid-19.ghtml,fato-ou-fake,2021-02-08,['fake'],1,fake,falso,False,falso,False,
https://g1.globo.com/fato-ou-fake/coronavirus/noticia/2021/02/05/e-fake-que-video-mostre-seringa-de-vacina-em-schwarzenegger-com-a-tampa-fechada-no-momento-da-aplicacao.ghtml,fato-ou-fake,2021-02-05,"['fake', 'fake']",2,fake|fake,falso|falso,False,falso,False,
https://g1.globo.com/fato-ou-fake/coronavirus/noticia/2021/02/05/e-fake-que-video-mostre-reportagem-sobre-idosa-morta-apos-vacina-contra-a-covid-19.ghtml,fato-ou-fake,2021-02-05,['fake'],1,fake,falso,False,falso,False,
https://g1.globo.com/fato-ou-fake/noticia/2021/02/04/e-fake-mensagem-que-fala-em-fevereiro-com-exatas-4-semanas-iguais-e-ciclo-lunar-completo-a-cada-823-anos.ghtml,fato-ou-fake,2021-02-04,['fake'],1,fake,falso,False,falso,False,
https://g1.globo.com/fato-ou-fake/noticia/2021/02/03/e-fake-que-video-mostre-biden-assinando-papeis-em-branco-logo-apos-a-posse-nos-eua.ghtml,fato-ou-fake,2021-02-03,['fake'],1,fake,falso,False,falso,False,
https://g1.globo.com/fato-ou-fake/coronavirus/noticia/2021/02/02/e-fake-que-vacina-contra-covid-19-e-inocua-porque-ainda-e-preciso-manter-distanciamento-social-e-mascara.ghtml,fato-ou-fake,2021-02-02,['fake'],1,fake,falso,False,falso,False,
https://g1.globo.com/fato-ou-fake/coronavirus/noticia/2021/02/02/e-fake-mensagem-que-circula-em-guarulhos-convocando-cadastro-em-ubs-para-receber-vacina.ghtml,fato-ou-fake,2021-02-02,['fake'],1,fake,falso,False,falso,False,
https://g1.globo.com/fato-ou-fake/coronavirus/noticia/2021/02/01/e-fake-que-foto-mostre-doria-sem-mascara-na-final-da-libertadores-no-maracana.ghtml,fato-ou-fake,2021-02-01,['fake'],1,fake,falso,False,falso,False,
https://g1.globo.com/fato-ou-fake/coronavirus/noticia/2021/02/01/e-fake-que-governo-de-sp-negou-vacinas-a-bauru-e-que-prefeita-so-obteve-doses-apos-reuniao-com-bolsonaro.ghtml,fato-ou-fake,2021-02-01,['fake'],1,fake,falso,False,falso,False,
https://g1.globo.com/fato-ou-fake/coronavirus/noticia/2021/02/01/e-fake-que-governo-irlandes-colocou-placa-luminosa-contra-mascaras-e-vacinas-em-pedagio.ghtml,fato-ou-fake,2021-02-01,['fake'],1,fake,falso,False,falso,False,
https://g1.globo.com/fato-ou-fake/noticia/2019/06/19/e-fake-que-video-mostra-como-descobrir-se-celular-esta-grampeado-com-apenas-um-codigo.ghtml,fato-ou-fake,2019-06-19,['fake'],1,fake,falso,False,falso,False,
https://g1.globo.com/fato-ou-fake/noticia/2019/06/10/e-fake-print-de-conversa-entre-moro-e-dallagnol-sobre-sentenca-de-lula.ghtml,fato-ou-fake,2019-06-10,['fake'],1,fake,falso,False,falso,False,
https://g1.globo.com/fato-ou-fake/noticia/2019/06/04/e-fake-que-video-mostre-menino-morto-apos-prender-respiracao-e-cair.ghtml,fato-ou-fake,2019-06-04,['fake'],1,fake,falso,False,falso,False,
https://www.boatos.org/saude/suco-beterraba-cura-cancer.html,boatos,2017-07-30,['boato'],1,boato,falso,False,falso,False,
https://www.boatos.org/brasil/lennoxx-vagas-grande-contratacao.html,boatos,2017-07-27,['boato'],1,boato,falso,False,falso,False,
https://www.boatos.org/religiao/papa-francisco-santos-jeans-tenis.html,boatos,2017-07-18,['boato'],1,boato,falso,False,falso,False,
https://www.boatos.org/politica/luciana-genro-fazenda-invadida-mst.html,boatos,2017-07-15,['boato'],1,boato,falso,False,falso,False,
https://www.boatos.org/saude/paulo-ubiratan-entrevista-saude.html,boatos,2017-07-13,['boato'],1,boato,falso,False,falso,False,
https://www.boatos.org/tecnologia/video-decretada-prisao-temer-virus.html,boatos,2017-07-06,['boato'],1,boato,falso,False,falso,False,
https://www.boatos.org/entretenimento/shiloh-filha-jolie-pitt-tratamento.html,boatos,2017-07-02,['boato'],1,boato,falso,False,falso,False,
https://www.boatos.org/religiao/temer-alianca-muculmanos-terrorista.html,boatos,2017-07-01,['boato'],1,boato,falso,False,falso,False,
https://www.boatos.org/saude/especialistas-dicas-curar-cancer.html,boatos,2018-02-28,['boato'],1,boato,falso,False,falso,False,
https://www.boatos.org/saude/virus-febre-amarela-mutacao.html,boatos,2018-02-27,['boato'],1,boato,falso,False,falso,False,
https://www.boatos.org/saude/pirulito-energetico-ataque-cardiaco.html,boatos,2018-02-26,['boato'],1,boato,falso,False,falso,False,
https://www.boatos.org/entretenimento/claudia-rodrigues-doenca-grave.html,boatos,2018-02-26,['boato'],1,boato,falso,False,falso,False,
https://www.boatos.org/entretenimento/sylvester-stallone-morreu-cancer.html,boatos,2018-02-19,['boato'],1,boato,falso,False,falso,False,
https://www.boatos.org/religiao/diabo-janela-igreja-video.html,boatos,2018-02-19,['boato'],1,boato,falso,False,falso,False,
https://www.boatos.org/politica/geddel-cancer-fazendas-lula-dilma.html,boatos,2018-02-17,['boato'],1,boato,falso,False,falso,False,
https://www.boatos.org/brasil/boatos-carnaval-enganaram-internautas.html,boatos,2018-02-09,['boato'],1,boato,falso,False,falso,False,
https://www.boatos.org/brasil/juiza-estaciona-balneario-camboriu.html,boatos,2018-02-05,['boato'],1,boato,falso,False,falso,False,
https://www.boatos.org/brasil/oms-reclassifica-jovem-idoso.html,boatos,2018-02-02,['boato'],1,boato,falso,False,falso,False,
https://www.boatos.org/saude/ivermectina-mata-covid-dois-dias-dose-unica.html,boatos,2020-07-31,['boato'],1,boato,falso,False,falso,False,
https://www.boatos.org/politica/marcelo-biar-psol-liderou-campanha-forca-covid-contra-bolsonaro.html,boatos,2020-07-30,['boato'],1,boato,falso,False,falso,False,
https://www.boatos.org/saude/stella-emanuel-verdade-hidroxicloroquina-cura-covid-mascaras-fazem-mal.html,boatos,2020-07-28,['boato'],1,boato,falso,False,falso,False,
https://www.boatos.org/entretenimento/maikelly-muhl-morre-apos-sofrer-acidente-carro-contrair-coronavirus.html,boatos,2020-07-28,['boato'],1,boato,falso,False,falso,False,
https://www.boatos.org/saude/cobaia-de-doria-passou-mal-com-vacina-da-china.html,boatos,2020-07-28,['boato'],1,boato,falso,False,falso,False,
https://www.boatos.org/entretenimento/carlos-henrique-schroeder-video-detonando-globo-antes-pedir-demissao.html,boatos,2020-07-27,['boato'],1,boato,falso,False,falso,False,
https://www.boatos.org/saude/vacina-chinesa-covid-feita-fetos-bebes-abortados.html,boatos,2020-07-27,['boato'],1,boato,falso,False,falso,False,
https://www.boatos.org/entretenimento/fernando-pessoa-escreveu-texto-cmeus-amigos-sao-todos-assim.html,boatos,2020-07-26,['boato'],1,boato,falso,False,falso,False,
https://www.boatos.org/mundo/argentina-nao-existe-mais-virou-china-comunista.html,boatos,2020-07-25,['boato'],1,boato,falso,False,falso,False,
https://www.boatos.org/saude/vacina-chinesa-testada-sp-nao-aplicada-voluntaria-farsa-doria.html,boatos,2020-07-25,['boato'],1,boato,falso,False,falso,False,
https://www.boatos.org/politica/doria-sem-mascara-primeiro-tomar-vacina-chinesa-contra-covid-19.html,boatos,2020-07-25,['boato'],1,boato,falso,False,falso,False,
https://www.boatos.org/religiao/foto-mostra-rosto-jesus-nuvem-compartilhada-todos-grupos.html,boatos,2020-07-24,['boato'],1,boato,falso,False,falso,False,
https://www.boatos.org/saude/medico-elsimar-coutinho-morreu-decorrencia-covid-19.html,boatos,2020-07-24,['boato'],1,boato,falso,False,falso,False,
https://www.boatos.org/saude/altas-taxas-vitamina-d-diminuem-mortalidade-covid.html,boatos,2020-07-23,['boato'],1,boato,falso,False,falso,False,
https://www.boatos.org/saude/empresa-chinesa-produz-vacina-contra-covid-19-vacinas-falsas.html,boatos,2020-07-23,['boato'],1,boato,falso,False,falso,False,
https://www.boatos.org/mundo/victorias-secret-cirque-soleil-decretaram-falencia-causa-pandemia-covid.html,boatos,2020-07-23,['boato'],1,boato,falso,False,falso,False,
https://www.boatos.org/saude/cascas-laranja-limao-contem-ivermectina-cloroquina-curam-covid-19.html,boatos,2020-07-22,['boato'],1,boato,falso,False,falso,False,
https://www.boatos.org/tecnologia/jbs-friboi-seara-maturatta-vagas-compartilhar-link-whatsapp.html,boatos,2020-07-22,['boato'],1,boato,falso,False,falso,False,
https://www.boatos.org/politica/governadores-escondem-respiradores-em-galpoes.html,boatos,2020-07-21,['boato'],1,boato,falso,False,falso,False,
https://www.boatos.org/brasil/nova-moeda-dim-substituir-real-final-2020.html,boatos,2020-07-21,['boato'],1,boato,falso,False,falso,False,
https://www.boatos.org/politica/troca-cedulas-50-100-reais-aprovada-sera-implementada-bolsonaro.html,boatos,2020-07-20,['boato'],1,boato,falso,False,falso,False,
https://www.boatos.org/brasil/registros-obitos-cartorio-mostram-2019-mais-mortes-2020.html,boatos,2020-07-20,['boato'],1,boato,falso,False,falso,False,
https://www.boatos.org/saude/teste-covid-19-cotonete-danos-cerebro-barreira-sangue-cerebral.html,boatos,2020-07-16,['boato'],1,boato,falso,False,falso,False,
https://www.boatos.org/brasil/araras-filmadas-lagoa-rodrigo-freitas-rio-de-janeiro-pandemia.html,boatos,2020-07-16,['boato'],1,boato,falso,False,falso,False,
https://www.boatos.org/saude/fiocruz-desenvolveu-vacina-de-oxford.html,boatos,2020-07-16,['boato'],1,boato,falso,False,falso,False,
https://www.boatos.org/brasil/china-comprou-sabesp-cptm-comgas-anel-mineradora-band-globo.html,boatos,2020-07-15,['boato'],1,boato,falso,False,falso,False,
https://www.boatos.org/saude/ivermectina-ajudou-africa-controlar-pandemia-covid-19.html,boatos,2020-07-15,['boato'],1,boato,falso,False,falso,False,
https://www.boatos.org/politica/aprovacao-bolsonaro-bate-recorde-datafolha.html,boatos,2020-07-15,['boato'],1,boato,falso,False,falso,False,
https://www.boatos.org/mundo/pneumonia-mais-letal-covid-19-surge-cazaquistao.html,boatos,2020-07-14,['boato'],1,boato,falso,False,falso,False,
https://www.boatos.org/politica/ibaneis-rocha-bebado-cai-e-arma-confusao-hospital.html,boatos,2020-07-14,['boato'],1,boato,falso,False,falso,False,
https://www.boatos.org/mundo/ministros-impediram-uso-hidroxicloroquina-processados-franca.html,boatos,2020-07-13,['boato'],1,boato,falso,False,falso,False,
https://www.boatos.org/brasil/policia-civil-orfanato-abandonado-rosana-sp-encontra-fantasma-video.html,boatos,2020-07-13,['boato'],1,boato,falso,False,falso,False,
https://www.boatos.org/religiao/bolivia-proibe-pessoas-falem-nome-jesus-video.html,boatos,2020-07-13,['boato'],1,boato,falso,False,falso,False,
https://www.boatos.org/entretenimento/foto-exposicao-salvador-o-cu-e-lindo-financiada-pt.html,boatos,2020-07-11,['boato'],1,boato,falso,False,falso,False,
https://www.boatos.org/tecnologia/adidas-doando-mascaras-reciclaveis-compartilhar-link-whatsapp.html,boatos,2020-07-10,['boato'],1,boato,falso,False,falso,False,
https://www.boatos.org/saude/hospitais-recomendam-vitamina-c-alimentos-ph-alto-limao-coronavirus.html,boatos,2020-07-09,['boato'],1,boato,falso,False,falso,False,
https://www.boatos.org/tecnologia/ganhe-diamantes-passes-creditos-free-fire-compartilhando-link-whatsapp.html,boatos,2020-07-09,['boato'],1,boato,falso,False,falso,False,
https://www.boatos.org/politica/mandetta-e-gilmar-mendes-em-portugal-na-pandemia.html,boatos,2020-07-08,['boato'],1,boato,falso,False,falso,False,
https://www.boatos.org/tecnologia/novex-creme-tratamento-cabelo-compartilhar-link-whatsapp.html,boatos,2020-07-08,['boato'],1,boato,falso,False,falso,False,
https://www.boatos.org/entretenimento/chico-pinheiro-demitido-globo-crise-emissora.html,boatos,2020-07-07,['boato'],1,boato,falso,False,falso,False,
https://www.boatos.org/mundo/british-airways-faliu-funcionarios-video-despedida.html,boatos,2020-07-06,['boato'],1,boato,falso,False,falso,False,
https://www.boatos.org/entretenimento/fernanda-torres-disse-dane-se-povo-virus-cumprir-missao-abreviar-governo.html,boatos,2020-07-05,['boato'],1,boato,falso,False,falso,False,
https://www.boatos.org/saude/agua-sanitaria-esgotos-evita-contagio-covid-19-autoridades-holandesas.html,boatos,2020-07-05,['boato'],1,boato,falso,False,falso,False,
https://www.boatos.org/brasil/tornado-passar-rio-de-janeiro-hoje-noite-apos-passar-regiao-sul.html,boatos,2020-07-04,['boato'],1,boato,falso,False,falso,False,
https://www.boatos.org/politica/rodrigo-constantino-acabou-ser-bloqueado-7-dias-facebook-publicou-lista-comunistas.html,boatos,2020-07-04,['boato'],1,boato,falso,False,falso,False,
https://www.boatos.org/mundo/dubai-comemora-fim-lockdown-pandemia-covid-19-video-incrivel.html,boatos,2020-07-03,['boato'],1,boato,falso,False,falso,False,
https://www.boatos.org/saude/revista-veja-prova-covid-19-novo-coronavirus-existia-desde-2003-video.html,boatos,2020-07-03,['boato'],1,boato,falso,False,falso,False,
https://www.boatos.org/politica/rui-costa-demitiu-dra-raissa-soares-video-cloroquina.html,boatos,2020-07-02,['boato'],1,boato,falso,False,falso,False,
https://www.boatos.org/saude/brasil-maior-numero-recuperados-covid-19-cloroquina.html,boatos,2020-07-02,['boato'],1,boato,falso,False,falso,False,
https://www.boatos.org/mundo/primeira-ministra-australia-fingiu-tomar-vacina-chinesa-covid-19-video.html,boatos,2020-07-02,['boato'],1,boato,falso,False,falso,False,
https://www.boatos.org/entretenimento/maju-bolsonaro-desgoverna-respondida-jornalista-marcia-rodrigues-rtp.html,boatos,2020-07-01,['boato'],1,boato,falso,False,falso,False,
https://www.boatos.org/politica/amazon-pagou-1-bilhao-doria-decretar-lockdown-sao-paulo-prejudicar-comercio.html,boatos,2021-03-31,['boato'],1,boato,falso,False,falso,False,
https://www.boatos.org/tecnologia/shopee-esta-dando-celular-galaxy-s21-em-site-no-whatsapp-boato.html,boatos,2021-03-30,['boato'],1,boato,falso,False,falso,False,
https://www.boatos.org/tecnologia/link-ganhar-dinheiro-baixando-kwai-golpe.html,boatos,2021-03-29,['boato'],1,boato,falso,False,falso,False,
https://www.boatos.org/politica/governador-sergipe-permite-confiscar-propriedade-privada-quem-descumprir-criticar-quarentena-decreto-40-798.html,boatos,2021-03-29,['boato'],1,boato,falso,False,falso,False,
https://www.boatos.org/saude/brasil-nao-teve-morte-por-dengue-2021.html,boatos,2021-03-28,['boato'],1,boato,falso,False,falso,False,
https://www.boatos.org/saude/cidades-sem-mortes-covid-tratamento-precoce.html,boatos,2021-03-28,['boato'],1,boato,falso,False,falso,False,
https://www.boatos.org/mundo/video-mostra-venezuela-guerra-civil-2021.html,boatos,2021-03-27,['boato'],1,boato,falso,False,falso,False,
https://www.boatos.org/saude/lockdown-araraquara-nao-funcionou-lotou-uti.html,boatos,2021-03-27,['boato'],1,boato,falso,False,falso,False,
https://www.boatos.org/brasil/delegado-alex-abdalla-quem-for-preso-descumprir-isolamento-social-processar-governador-policial.html,boatos,2021-03-26,['boato'],1,boato,falso,False,falso,False,
https://www.boatos.org/saude/cpf-cura-covid-19-prova-fraude-notificacao-obitos.html,boatos,2021-03-26,['boato'],1,boato,falso,False,falso,False,
https://www.boatos.org/mundo/oms-vai-recomendar-ivermectina-tratar-covid-19.html,boatos,2021-03-26,['boato'],1,boato,falso,False,falso,False,
https://www.boatos.org/saude/maxaranguape-zerou-obitos-internacoes-covid-19-tratamento-precoce-ivermectina.html,boatos,2021-03-25,['boato'],1,boato,falso,False,falso,False,
https://www.boatos.org/tecnologia/whatsapp-gold-video-gambarelli-sao-virus-bloqueiam-telefone-conta-bancaria.html,boatos,2021-03-24,['boato'],1,boato,falso,False,falso,False,
https://www.boatos.org/mundo/policiais-italianos-negam-agredir-populacao-tiram-capacete-protesto-contra-lockdown.html,boatos,2021-03-24,['boato'],1,boato,falso,False,falso,False,
https://www.boatos.org/saude/30-dos-vacinados-morrerao-dentro-tres-meses.html,boatos,2021-03-24,['boato'],1,boato,falso,False,falso,False,
https://www.boatos.org/saude/nebulizacao-com-hidroxicloroquina-cura-da-covid-19.html,boatos,2021-03-23,['boato'],1,boato,falso,False,falso,False,
https://www.boatos.org/brasil/leandro-karnal-escreve-texto-ironia-destino-albert-bourla-ceo-pfizer.html,boatos,2021-03-23,['boato'],1,boato,falso,False,falso,False,
https://www.boatos.org/saude/previsao-vacinacao-para-covid-19-ministerio-da-saude-ate-08-08-divulgada.html,boatos,2021-03-23,['boato'],1,boato,falso,False,falso,False,
https://www.boatos.org/religiao/irmao-lazaro-esta-vivo-homem-revela-em-video-ele-nao-morreu.html,boatos,2021-03-22,['boato'],1,boato,falso,False,falso,False,
https://www.boatos.org/saude/associacao-de-infectologia-termo-tratamento-precoce.html,boatos,2021-03-22,['boato'],1,boato,falso,False,falso,False,
https://www.boatos.org/politica/camilo-santana-governador-ceara-teatro-covid-19.html,boatos,2021-03-21,['boato'],1,boato,falso,False,falso,False,
https://www.boatos.org/religiao/irmao-lazaro-canta-ultimo-louvor-enfermeira-antes-ser-intubado-video.html,boatos,2021-03-21,['boato'],1,boato,falso,False,falso,False,
https://www.boatos.org/politica/vacina-brasileira-covid-19-mantida-segredo-bolsonaro-pazuello-fiocruz.html,boatos,2021-03-21,['boato'],1,boato,falso,False,falso,False,
https://www.boatos.org/saude/proxalutamida-comprovada-cientificamente-como-cura-covid-19.html,boatos,2021-03-20,['boato'],1,boato,falso,False,falso,False,
https://www.boatos.org/saude/vacinacao-em-massa-novas-variantes-covid-19.html,boatos,2021-03-20,['boato'],1,boato,falso,False,falso,False,
https://www.boatos.org/saude/fiocruz-construiu-parque-industrial-vacinas-pivfi-cientistas-israel-golpe-de-mestre.html,boatos,2021-03-19,['boato'],1,boato,falso,False,falso,False,
https://www.boatos.org/saude/camera-tv-aratu-grava-audio-despedida-antes-morrer-covid-19.html,boatos,2021-03-19,['boato'],1,boato,falso,False,falso,False,
https://www.boatos.org/saude/ivermectina-supera-vacinas-83-eficacia-contra-covid-19.html,boatos,2021-03-19,['boato'],1,boato,falso,False,falso,False,
https://www.boatos.org/politica/major-olimpio-nao-morreu-de-covid-19-morreu-avc-diz-assessor.html,boatos,2021-03-19,['boato'],1,boato,falso,False,falso,False,
https://www.boatos.org/saude/flutamida-comprovada-a-cura-da-covid-19.html,boatos,2021-03-18,['boato'],1,boato,falso,False,falso,False,
https://www.boatos.org/brasil/empresarios-de-belo-horizonte-juiz-de-fora-vicosa-curitiba-fortaleza-escrevem-carta-aberta-pregando-desobediencia-lockdown.html,boatos,2021-03-18,['boato'],1,boato,falso,False,falso,False,
https://www.boatos.org/saude/salada-de-pepino-com-sal-cura-covid-19.html,boatos,2021-03-18,['boato'],1,boato,falso,False,falso,False,
https://www.boatos.org/politica/mandetta-embolsou-r-5-bilhoes-compra-vacinas-contra-covid-19.html,boatos,2021-03-17,['boato'],1,boato,falso,False,falso,False,
https://www.boatos.org/saude/empresarios-cuiaba-vao-cuba-tomar-vacina-sputnik-v.html,boatos,2021-03-17,['boato'],1,boato,falso,False,falso,False,
https://www.boatos.org/saude/colocar-refrigerante-pepsi-coca-carne-porco-faz-larvas-aparecerem.html,boatos,2021-03-17,['boato'],1,boato,falso,False,falso,False,
https://www.boatos.org/politica/doria-cogita-cortar-fornecimento-de-luz-entre-0h-6h-em-sao-paulo-veja.html,boatos,2021-03-17,['boato'],1,boato,falso,False,falso,False,
https://www.boatos.org/politica/grandes-empreiteiras-doria-esquerda-forcam-funcionarios-gritar-fora-bolsonaro.html,boatos,2021-03-16,['boato'],1,boato,falso,False,falso,False,
https://www.boatos.org/saude/respirador-caseiro-feito-garrafa-pet-eficaz-contra-covid-19.html,boatos,2021-03-16,['boato'],1,boato,falso,False,falso,False,
https://www.boatos.org/saude/governadores-prefeitos-jogam-respiradores-mato-prejudicar-bolsonaro.html,boatos,2021-03-16,['boato'],1,boato,falso,False,falso,False,
https://www.boatos.org/tecnologia/assine-peticao-impeachment-bolsonaro-compartilhando-link-whatsapp.html,boatos,2021-03-15,['boato'],1,boato,falso,False,falso,False,
https://www.boatos.org/saude/mascaras-danos-neurologicos-irreversiveis.html,boatos,2021-03-14,['boato'],1,boato,falso,False,falso,False,
https://www.boatos.org/tecnologia/projeto-alimento-solidario-cesta-basica-vale-compras-site-whatsapp.html,boatos,2021-03-13,['boato'],1,boato,falso,False,falso,False,
https://www.boatos.org/religiao/vacina-espiritual-contra-covid-19-aplicada-casa-de-caridade-maria-de-nazare.html,boatos,2021-03-13,['boato'],1,boato,falso,False,falso,False,
https://www.boatos.org/brasil/empresarios-santos-uberaba-escrevem-carta-aberta-contra-lockdown.html,boatos,2021-03-12,['boato'],1,boato,falso,False,falso,False,
https://www.boatos.org/brasil/lockdown-total-distrito-federal-sera-decretado-por-ibaneis.html,boatos,2021-03-12,['boato'],1,boato,falso,False,falso,False,
https://www.boatos.org/politica/governadores-escondendo-vacinas-desestabilizar-bolsonaro.html,boatos,2021-03-11,['boato'],1,boato,falso,False,falso,False,
https://www.boatos.org/saude/saiu-randomizado-ivermectina-mostra-ate-90-eficacia.html,boatos,2021-03-11,['boato'],1,boato,falso,False,falso,False,
https://www.boatos.org/brasil/carta-aberta-empresarios-ribeirao-preto-sp-descumprimento-decreto.html,boatos,2021-03-10,['boato'],1,boato,falso,False,falso,False,
https://www.boatos.org/brasil/imposto-federal-gasolina-cobrado-nota-fiscal-deve-ser-devolvido.html,boatos,2021-03-10,['boato'],1,boato,falso,False,falso,False,
https://www.boatos.org/tecnologia/programa-renda-cidada-emergencial-inscricoes-abertas-whatsapp.html,boatos,2021-03-10,['boato'],1,boato,falso,False,falso,False,
https://www.boatos.org/brasil/comunismo-foi-instalado-supermercado-garibaldi-rio-grande-sul.html,boatos,2021-03-09,['boato'],1,boato,falso,False,falso,False,
https://www.boatos.org/religiao/papa-francisco-estou-vacinado-com-sangue-cristo-oracao.html,boatos,2021-03-08,['boato'],1,boato,falso,False,falso,False,
https://www.boatos.org/tecnologia/skol-iphone-12-pro-samsung-galaxy-s21-pesquisa-satisfacao-whatsapp.html,boatos,2021-03-08,['boato'],1,boato,falso,False,falso,False,
https://www.boatos.org/religiao/padre-fabio-de-melo-escreve-texto-pedido-oracao-para-proximas-24-horas.html,boatos,2021-03-08,['boato'],1,boato,falso,False,falso,False,
https://www.boatos.org/saude/rancho-queimado-zerou-mortes-covid-tratamento-precoce.html,boatos,2021-03-07,['boato'],1,boato,falso,False,falso,False,
https://www.boatos.org/politica/festa-casa-do-filho-joao-doria-realizada-durante-pandemia-video.html,boatos,2021-03-07,['boato'],1,boato,falso,False,falso,False,
https://www.boatos.org/saude/tv-portuguesa-mortes-covid-19-estados-verba.html,boatos,2021-03-06,['boato'],1,boato,falso,False,falso,False,
https://www.boatos.org/saude/hospital-servidores-rio-abriu-leitos-uti-criou-curso-nova-cepa-covid-19.html,boatos,2021-03-05,['boato'],1,boato,falso,False,falso,False,
https://www.boatos.org/mundo/vacina-pfizer-faz-mortalidade-covid-19-aumentar-em-israel.html,boatos,2021-03-05,['boato'],1,boato,falso,False,falso,False,
https://www.boatos.org/politica/zema-anuncia-em-2021-lockdown-todas-cidades-minas-gerais-fechamento-fronteiras.html,boatos,2021-03-05,['boato'],1,boato,falso,False,falso,False,
https://www.boatos.org/tecnologia/renner-da-iphone-12-pro-samsung-galaxy-s21-gratis-site-whatsapp.html,boatos,2021-03-05,['boato'],1,boato,falso,False,falso,False,
https://www.boatos.org/saude/carta-enviada-bolsonaro-certa-afirmar-que-covid-19-e-uma-farsa.html,boatos,2021-03-04,['boato'],1,boato,falso,False,falso,False,
https://www.boatos.org/saude/hospital-moinhos-de-vento-porto-alegre-vazio-tranquilo-video.html,boatos,2021-03-04,['boato'],1,boato,falso,False,falso,False,
https://www.boatos.org/saude/pf-encontra-caixas-malas-de-dinheiro-desviados-saude-imperatriz-ma.html,boatos,2021-03-04,['boato'],1,boato,falso,False,falso,False,
https://www.boatos.org/saude/coronavac-nao-funciona-contra-nova-cepa-covid-19-diz-estudo.html,boatos,2021-03-04,['boato'],1,boato,falso,False,falso,False,
https://www.boatos.org/saude/unimed-alerta-pico-pandemia-6-20-abril-2021.html,boatos,2021-03-03,['boato'],1,boato,falso,False,falso,False,
https://www.boatos.org/saude/26-pessoas-morreram-causa-vacinas-contra-covid-19-nas-ultimas-24-horas.html,boatos,2021-03-03,['boato'],1,boato,falso,False,falso,False,
https://www.boatos.org/saude/501-pessoas-morreram-apos-tomar-vacina-contra-covid-19-brasil.html,boatos,2021-03-02,['boato'],1,boato,falso,False,falso,False,
https://www.boatos.org/saude/anvisa-confirma-34-pessoas-morreram-causa-vacinas-contra-covid-19.html,boatos,2021-03-02,['boato'],1,boato,falso,False,falso,False,
https://www.boatos.org/mundo/agora-2021-oms-declara-suecia-sem-lockdown-e-modelo-a-ser-seguido.html,boatos,2021-03-02,['boato'],1,boato,falso,False,falso,False,
https://www.boatos.org/tecnologia/o-boticario-da-mascaras-gratis-compartilhar-link-no-whatsapp.html,boatos,2021-03-01,['boato'],1,boato,falso,False,falso,False,
https://www.boatos.org/tecnologia/hospital-do-cancer-ganhar-1-euro-10-pessoas-repassarem-foto-flores.html,boatos,2021-03-01,['boato'],1,boato,falso,False,falso,False,
https://www.boatos.org/tecnologia/garoto-perde-dedos-celular-carregando.html,boatos,2016-11-27,['boato'],1,boato,falso,False,falso,False,
https://www.boatos.org/politica/myriam-rios-campanha-sexo-anal.html,boatos,2016-11-23,['boato'],1,boato,falso,False,falso,False,
https://www.boatos.org/tecnologia/celular-estoura-milho-de-pipoca.html,boatos,2016-11-22,['boato'],1,boato,falso,False,falso,False,
https://www.boatos.org/mundo/casal-gay-cerveja-cigarro-bebe.html,boatos,2016-11-21,['boato'],1,boato,falso,False,falso,False,
https://www.boatos.org/brasil/lei-quebrar-celular-conversa.html,boatos,2016-11-21,['boato'],1,boato,falso,False,falso,False,
https://www.boatos.org/brasil/ligacao-comando-vermelho-clona-telefone.html,boatos,2016-11-20,['boato'],1,boato,falso,False,falso,False,
https://www.boatos.org/tecnologia/video-prenderam-lula-virus.html,boatos,2016-11-17,['boato'],1,boato,falso,False,falso,False,
https://www.boatos.org/brasil/abalroamento-moto-atropelamento.html,boatos,2016-11-16,['boato'],1,boato,falso,False,falso,False,
https://www.boatos.org/tecnologia/videochamadas-whatsapp-wi-fi-convite.html,boatos,2016-11-16,['boato'],1,boato,falso,False,falso,False,
https://www.boatos.org/tecnologia/estado-islamico-domina-franca-virus.html,boatos,2016-11-12,['boato'],1,boato,falso,False,falso,False,
https://www.boatos.org/entretenimento/caio-castro-morreu-acidente-carro.html,boatos,2016-11-11,['boato'],1,boato,falso,False,falso,False,
https://www.boatos.org/brasil/bolsa-familia-renda-extra.html,boatos,2016-11-11,['boato'],1,boato,falso,False,falso,False,
https://www.boatos.org/brasil/apartamento-fogo-carregador-celular.html,boatos,2016-11-09,['boato'],1,boato,falso,False,falso,False,
https://www.boatos.org/tecnologia/whatsapp-liberando-sinal-internet.html,boatos,2016-11-08,['boato'],1,boato,falso,False,falso,False,
https://www.boatos.org/saude/crianca-morre-pula-pula-pulmao.html,boatos,2016-11-06,['boato'],1,boato,falso,False,falso,False,
https://www.boatos.org/tecnologia/boatos-surgiram-audios-whatsapp.html,boatos,2016-11-05,['boato'],1,boato,falso,False,falso,False,
https://www.boatos.org/mundo/vitima-ebola-ressuscita-zumbi.html,boatos,2016-11-04,['boato'],1,boato,falso,False,falso,False,
https://www.boatos.org/brasil/krista-marie-filha-cancer.html,boatos,2016-11-01,['boato'],1,boato,falso,False,falso,False,
https://www.boatos.org/saude/superbacterias-podem-causar-pandemia-mundial-aponta-boato-alarmista.html,boatos,2013-12-26,['boato'],1,boato,falso,False,falso,False,
https://www.boatos.org/saude/foto-falsa-mulher-da-a-luz-em-frente-a-maternidade-bom-pastor.html,boatos,2013-12-23,['boato'],1,boato,falso,False,falso,False,
https://www.boatos.org/politica/foto-falsa-mostra-bebes-colocados-em-caixa-de-papelao-em-hospital-do-para.html,boatos,2013-12-23,['boato'],1,boato,falso,False,falso,False,
https://www.boatos.org/saude/lenda-dr-simoncini-descobriu-que-bicarbonato-de-sodio-cura-cancer.html,boatos,2013-12-15,['boato'],1,boato,falso,False,falso,False,
https://www.boatos.org/brasil/ligue-156-boato-fala-de-falso-servico-que-cancela-multa-rodizio.html,boatos,2013-12-13,['boato'],1,boato,falso,False,falso,False,
https://www.boatos.org/saude/hoax-empresas-usam-fetos-de-bebes-abortados-para-dar-sabor-aos-alimentos.html,boatos,2013-12-12,['boato'],1,boato,falso,False,falso,False,
https://www.boatos.org/saude/informacao-falsa-hiv-e-inofensivo-e-nao-transmite-aids.html,boatos,2013-12-11,['boato'],1,boato,falso,False,falso,False,
https://www.boatos.org/tecnologia/virus-mulher-descobre-traicao-marido-com-amiga-e-senta-porrada.html,boatos,2013-12-04,['boato'],1,boato,falso,False,falso,False,
https://www.boatos.org/entretenimento/paul-walker-esta-vivo-boato-diz-que-ator-nao-morreu-em-acidente.html,boatos,2013-12-03,['boato'],1,boato,falso,False,falso,False,
https://www.boatos.org/brasil/maceio-desaparecer-rachaduras-pinheiro.html,boatos,2019-03-31,['boato'],1,boato,falso,False,falso,False,
https://www.boatos.org/politica/gleisi-hoffmann-apoio-greve-caminhoneiros.html,boatos,2019-03-29,['boato'],1,boato,falso,False,falso,False,
https://www.boatos.org/saude/comprovado-alimentos-transgenicos-cancer.html,boatos,2019-03-27,['boato'],1,boato,falso,False,falso,False,
https://www.boatos.org/saude/laboratorio-lavoisier-exames-r-4.html,boatos,2019-03-27,['boato'],1,boato,falso,False,falso,False,
https://www.boatos.org/saude/fraldas-de-graca-farmacia-popular.html,boatos,2019-03-11,['boato'],1,boato,falso,False,falso,False,
https://www.boatos.org/politica/juan-guaido-responde-bolsonaro-twitter.html,boatos,2019-03-10,['boato'],1,boato,falso,False,falso,False,
https://www.boatos.org/saude/bolsonaro-tecnica-cancer-mama-brasil.html,boatos,2019-03-09,['boato'],1,boato,falso,False,falso,False,
https://www.boatos.org/entretenimento/danilo-gentili-anular-carnaval.html,boatos,2019-03-07,['boato'],1,boato,falso,False,falso,False,
https://www.boatos.org/brasil/mst-laboratorio-vacina-meningite.html,boatos,2019-03-06,['boato'],1,boato,falso,False,falso,False,
https://www.boatos.org/politica/homem-seguranca-lula-atacou-manuela.html,boatos,2019-03-03,['boato'],1,boato,falso,False,falso,False,
https://www.boatos.org/politica/lula-proibiu-aplicacao-vacina-meningite.html,boatos,2019-03-03,['boato'],1,boato,falso,False,falso,False,
https://www.boatos.org/mundo/maduro-manda-fechar-igrejas-venezuela.html,boatos,2019-03-01,['boato'],1,boato,falso,False,falso,False,
https://www.boatos.org/tecnologia/ataque-cibernetico-grande-reset-mundial-vao-acontecer-2021.html,boatos,2020-12-31,['boato'],1,boato,falso,False,falso,False,
https://www.boatos.org/opiniao/os-cinco-textos-mais-lidos-do-boatos-org-em-2020-e-outros-dados.html,boatos,2020-12-31,['boato'],1,boato,falso,False,falso,False,
https://www.boatos.org/opiniao/o-melhor-de-2020-no-boatos-org-por-edgard-matsuki.html,boatos,2020-12-30,['boato'],1,boato,falso,False,falso,False,
https://www.boatos.org/mundo/homem-morreu-ataque-cardiaco-israel-causa-vacina-covid-19.html,boatos,2020-12-30,['boato'],1,boato,falso,False,falso,False,
https://www.boatos.org/opiniao/o-melhor-do-boatos-org-em-2020-por-carol-lira.html,boatos,2020-12-29,['boato'],1,boato,falso,False,falso,False,
https://www.boatos.org/mundo/kiwi-testa-positivo-covid-19-prova-pandemia-farsa.html,boatos,2020-12-29,['boato'],1,boato,falso,False,falso,False,
https://www.boatos.org/tecnologia/huawei-da-presente-de-ano-novo-site-whatsapp.html,boatos,2020-12-28,['boato'],1,boato,falso,False,falso,False,
https://www.boatos.org/opiniao/melhor-boatos-raiane-gonoli.html,boatos,2020-12-28,['boato'],1,boato,falso,False,falso,False,
https://www.boatos.org/opiniao/o-melhor-do-boatos-org-em-2020-por-kyene-becker.html,boatos,2020-12-27,['boato'],1,boato,falso,False,falso,False,
https://www.boatos.org/brasil/oswaldo-eustaquio-esta-paraplegico-apos-cair-prisao.html,boatos,2020-12-25,['boato'],1,boato,falso,False,falso,False,
https://www.boatos.org/entretenimento/walter-moinho-pintura-a-vida-em-2022-previa-pessoas-isoladas.html,boatos,2020-12-25,['boato'],1,boato,falso,False,falso,False,
https://www.boatos.org/saude/vacina-covid-19-vendida-camelos-madureira-rio.html,boatos,2020-12-24,['boato'],1,boato,falso,False,falso,False,
https://www.boatos.org/mundo/associacao-americana-medicos-libera-hidroxicloroquina.html,boatos,2020-12-23,['boato'],1,boato,falso,False,falso,False,
https://www.boatos.org/brasil/papai-noel-fica-pendurado-helicoptero.html,boatos,2020-12-22,['boato'],1,boato,falso,False,falso,False,
https://www.boatos.org/mundo/prefeito-de-londres-finge-tomar-vacina-foto.html,boatos,2020-12-22,['boato'],1,boato,falso,False,falso,False,
https://www.boatos.org/mundo/vacina-covid-19-112800-relatos-efeitos-colaterais-cdc.html,boatos,2020-12-22,['boato'],1,boato,falso,False,falso,False,
https://www.boatos.org/brasil/indulto-de-natal-libera-27-mil-presos-temporariamente-ruas.html,boatos,2020-12-22,['boato'],1,boato,falso,False,falso,False,
https://www.boatos.org/mundo/vacina-contra-covid-19-infectou-pessoas-hiv-australia.html,boatos,2020-12-21,['boato'],1,boato,falso,False,falso,False,
https://www.boatos.org/saude/seringa-falsa-com-agulha-retratil-usada-vacinas-contra-covid-19.html,boatos,2020-12-20,['boato'],1,boato,falso,False,falso,False,
https://www.boatos.org/mundo/tiffany-dover-enfermeira-desmaiou-tomar-vacina-morreu.html,boatos,2020-12-20,['boato'],1,boato,falso,False,falso,False,
https://www.boatos.org/mundo/enfermeira-desmaiou-gravemente-causa-efeito-vacina-covid-19.html,boatos,2020-12-19,['boato'],1,boato,falso,False,falso,False,
https://www.boatos.org/saude/stf-proibiu-vacinacao-obrigatoria-venezuelanos-pedido-psol-2018.html,boatos,2020-12-19,['boato'],1,boato,falso,False,falso,False,
https://www.boatos.org/politica/doria-sucateou-ceagesp-para-privatizar-e-vender-para-a-china-boato.html,boatos,2020-12-18,['boato'],1,boato,falso,False,falso,False,
https://www.boatos.org/saude/coca-cola-testa-positivo-covid-19-testes-sao-falsos.html,boatos,2020-12-18,['boato'],1,boato,falso,False,falso,False,
https://www.boatos.org/mundo/china-comprou-1-bilhao-vacinas-australia-nao-usar-coronavac.html,boatos,2020-12-17,['boato'],1,boato,falso,False,falso,False,
https://www.boatos.org/saude/medico-belgica-vacinas-nao-tem-comprovacao-mudam-dna-controlam-pessoas-5g.html,boatos,2020-12-17,['boato'],1,boato,falso,False,falso,False,
https://www.boatos.org/mundo/26-idosos-tomaram-vacina-contra-covid-19-reino-unido-morreram.html,boatos,2020-12-16,['boato'],1,boato,falso,False,falso,False,
https://www.boatos.org/saude/coronavirus-h1n1-hiv-vacina-chip-plasma-reduzir-populacao.html,boatos,2020-12-16,['boato'],1,boato,falso,False,falso,False,
https://www.boatos.org/mundo/washington-post-faz-denuncia-contra-doria-china-nao-quer-coronavac.html,boatos,2020-12-15,['boato'],1,boato,falso,False,falso,False,
https://www.boatos.org/saude/ivermectina-aniquila-covid-19-usada-preventivamente.html,boatos,2020-12-15,['boato'],1,boato,falso,False,falso,False,
https://www.boatos.org/saude/chineses-nao-usam-mascaras-butantan-brasil.html,boatos,2020-12-14,['boato'],1,boato,falso,False,falso,False,
https://www.boatos.org/saude/doria-gastar-22-bilhoes-vacina-china.html,boatos,2020-12-13,['boato'],1,boato,falso,False,falso,False,
https://www.boatos.org/saude/peru-suspende-testes-coronavac-apos-vacina-causar-paralisia-pernas.html,boatos,2020-12-13,['boato'],1,boato,falso,False,falso,False,
https://www.boatos.org/mundo/sargento-guarda-bolivariana-atira-coronel-desobedece-maduro-venezuela.html,boatos,2020-12-11,['boato'],1,boato,falso,False,falso,False,
https://www.boatos.org/brasil/cariocas-fazem-romaria-presidente-dutra-para-se-vacinar-sao-paulo.html,boatos,2020-12-10,['boato'],1,boato,falso,False,falso,False,
https://www.boatos.org/saude/maior-infectologista-brasil-alerta-pressa-doses-efeitos-colaterais-vacina-chinesa.html,boatos,2020-12-10,['boato'],1,boato,falso,False,falso,False,
https://www.boatos.org/saude/sinovac-pagou-propina-doria-trazer-vacina-brasil-washington-post.html,boatos,2020-12-09,['boato'],1,boato,falso,False,falso,False,
https://www.boatos.org/mundo/boris-johnson-virus-injetado-vacina.html,boatos,2020-12-09,['boato'],1,boato,falso,False,falso,False,
https://www.boatos.org/saude/secretario-saude-escreve-mensagem-chegamos-pico-da-covid-19.html,boatos,2020-12-08,['boato'],1,boato,falso,False,falso,False,
https://www.boatos.org/esporte/neymar-cai-durante-desfile-de-moda-dubai-mostra-video.html,boatos,2020-12-08,['boato'],1,boato,falso,False,falso,False,
https://www.boatos.org/entretenimento/c-s-lewis-escreveu-texto-diabo-pandemia-1941.html,boatos,2020-12-08,['boato'],1,boato,falso,False,falso,False,
https://www.boatos.org/saude/media-mortes-dia-coronavirus-histeria-coletiva.html,boatos,2020-12-06,['boato'],1,boato,falso,False,falso,False,
https://www.boatos.org/mundo/laboratorio-wuhan-glaxo-pfizer-financiado-soros-gates.html,boatos,2020-12-05,['boato'],1,boato,falso,False,falso,False,
https://www.boatos.org/tecnologia/virus-martinelli-whatsapp-gold-hackear-seu-celular.html,boatos,2020-12-04,['boato'],1,boato,falso,False,falso,False,
https://www.boatos.org/politica/boulos-esta-internado-albert-einstein-covid-19.html,boatos,2020-12-03,['boato'],1,boato,falso,False,falso,False,
https://www.boatos.org/mundo/nom-agenda-globalista-2030-acaba-propriedade-privada.html,boatos,2020-12-03,['boato'],1,boato,falso,False,falso,False,
https://www.boatos.org/tecnologia/amazon-premios-roda-da-sorte-whatsapp.html,boatos,2020-12-02,['boato'],1,boato,falso,False,falso,False,
https://www.boatos.org/saude/dra-christiane-borthrup-alertar-vacina-muda-dna-transforma-antenas-5g.html,boatos,2020-12-02,['boato'],1,boato,falso,False,falso,False,
https://www.boatos.org/saude/campanha-falsa-site-cancer-de-mama-precisa-de-cliques-para-nao-acabar.html,boatos,2014-10-16,['boato'],1,boato,falso,False,falso,False,
https://www.boatos.org/religiao/bebe-cristao-estado-islamico.html,boatos,2014-10-03,['boato'],1,boato,falso,False,falso,False,
https://www.boatos.org/ciencia/lorota-existe-vida-apos-morte-dizem-cientistas-alemaes.html,boatos,2014-10-01,['boato'],1,boato,falso,False,falso,False,
https://www.boatos.org/entretenimento/alexandre-frota-feliciano-namorados.html,boatos,2016-05-28,['boato'],1,boato,falso,False,falso,False,
https://www.boatos.org/politica/lula-esta-muito-ruim-foi-para-hospital.html,boatos,2016-05-19,['boato'],1,boato,falso,False,falso,False,
https://www.boatos.org/brasil/idosa-sem-memoria-no-hospital-souza.html,boatos,2016-05-19,['boato'],1,boato,falso,False,falso,False,
https://www.boatos.org/politica/temer-manda-cancelar-bilhoes-cuba.html,boatos,2016-05-17,['boato'],1,boato,falso,False,falso,False,
https://www.boatos.org/entretenimento/magreza-de-angelina-jolie.html,boatos,2016-05-17,['boato'],1,boato,falso,False,falso,False,
https://www.boatos.org/politica/richard-dawkins-cobra-salvando-peixe.html,boatos,2016-05-11,['boato'],1,boato,falso,False,falso,False,
https://www.boatos.org/brasil/jaime-trindade-araujo-esta-perdido.html,boatos,2016-05-10,['boato'],1,boato,falso,False,falso,False,
https://www.boatos.org/brasil/senhor-morre-em-posto-de-saude.html,boatos,2016-05-09,['boato'],1,boato,falso,False,falso,False,
https://www.boatos.org/entretenimento/sergio-reis-doa-todo-salario.html,boatos,2016-05-06,['boato'],1,boato,falso,False,falso,False,
https://www.boatos.org/religiao/marcos-pereira-luis-celula-no-corpo.html,boatos,2016-05-05,['boato'],1,boato,falso,False,falso,False,
https://www.boatos.org/politica/bancarios-se-suicidaram-governo-fhc.html,boatos,2016-05-05,['boato'],1,boato,falso,False,falso,False,
https://www.boatos.org/politica/dilma-gastou-us-47mil-em-restaurante-de-nova-york-boato.html,boatos,2016-05-04,['boato'],1,boato,falso,False,falso,False,
https://www.boatos.org/politica/dilma-faz-doacao-de-r-176-bi-para-cuba.html,boatos,2016-05-02,['boato'],1,boato,falso,False,falso,False,
https://www.boatos.org/tecnologia/google-escreve-palavra-goolpe.html,boatos,2016-05-01,['boato'],1,boato,falso,False,falso,False,
https://www.boatos.org/saude/cadeiras-de-rodas-gratuitas-no-clube.html,boatos,2016-04-28,['boato'],1,boato,falso,False,falso,False,
https://www.boatos.org/brasil/doacao-de-200-latas-de-leite-nan.html,boatos,2016-04-27,['boato'],1,boato,falso,False,falso,False,
https://www.boatos.org/saude/vacina-da-gripe-h1n1-e-um-veneno-mortal.html,boatos,2016-04-24,['boato'],1,boato,falso,False,falso,False,
https://www.boatos.org/tecnologia/telefone-011-3770-4110-hackeia.html,boatos,2016-04-21,['boato'],1,boato,falso,False,falso,False,
https://www.boatos.org/politica/temer-propoe-fim-do-aumento-do-salario-minimo-boato.html,boatos,2016-04-21,['boato'],1,boato,falso,False,falso,False,
https://www.boatos.org/saude/vacina-contra-h1n1-causa-narcolepsia-boato.html,boatos,2016-04-13,['boato'],1,boato,falso,False,falso,False,
https://www.boatos.org/politica/integrante-do-mst-tira-foto-com-dilma.html,boatos,2016-04-13,['boato'],1,boato,falso,False,falso,False,
https://www.boatos.org/entretenimento/angelina-jolie-esta-com-35-kilos-entre-vida-e-morte-boato.html,boatos,2016-04-08,['boato'],1,boato,falso,False,falso,False,
https://www.boatos.org/saude/homem-pega-cancer-nos-olhos.html,boatos,2016-03-29,['boato'],1,boato,falso,False,falso,False,
https://www.boatos.org/saude/prevencao-contra-h1n1-por-vinay-goyal.html,boatos,2016-03-28,['boato'],1,boato,falso,False,falso,False,
https://www.boatos.org/saude/gatos-morrem-apos-comerem-whiskas.html,boatos,2016-03-24,['boato'],1,boato,falso,False,falso,False,
https://www.boatos.org/politica/morre-luiz-fernando-pezao-governador-do-rj-boato.html,boatos,2016-03-17,['boato'],1,boato,falso,False,falso,False,
https://www.boatos.org/brasil/celular-explode-na-cara-de-homem-boato.html,boatos,2016-03-11,['boato'],1,boato,falso,False,falso,False,
https://www.boatos.org/brasil/jovem-contamina-mais-de-300-homens.html,boatos,2016-03-10,['boato'],1,boato,falso,False,falso,False,
https://www.boatos.org/tecnologia/whatsapp-sera-bloqueado-na-proxima-atualizacao-boato.html,boatos,2016-03-04,['boato'],1,boato,falso,False,falso,False,
https://www.boatos.org/entretenimento/50-cent-emagreceu-apos-fumar-maconha-boato.html,boatos,2016-03-03,['boato'],1,boato,falso,False,falso,False,
https://www.boatos.org/saude/zoonose-foi-assaltada-e-levaram-uniformes.html,boatos,2016-03-03,['boato'],1,boato,falso,False,falso,False,
https://www.boatos.org/saude/tomar-paracetamol-causa-morte-em-dengue.html,boatos,2016-03-02,['boato'],1,boato,falso,False,falso,False,
https://www.boatos.org/brasil/pm-divulga-alerta-sobre-casal-de-sequestradores-afirma-boato.html,boatos,2015-03-27,['boato'],1,boato,falso,False,falso,False,
https://www.boatos.org/brasil/governo-dara-pensao-a-loucos-que-conversam-com-cachorros-diz-boato.html,boatos,2015-03-22,['boato'],1,boato,falso,False,falso,False,
https://www.boatos.org/mundo/putin-morreu-boatos-sobre-morte-do-presidente-russo-circulam-na-web.html,boatos,2015-03-17,['boato'],1,boato,falso,False,falso,False,
https://www.boatos.org/saude/hoax-laranjas-vem-da-libia-contaminadas-com-virus-da-aids.html,boatos,2015-03-09,['boato'],1,boato,falso,False,falso,False,
https://www.boatos.org/entretenimento/jack-nicholson-esta-com-mal-de-alzheimer-diz-boato.html,boatos,2015-03-07,['boato'],1,boato,falso,False,falso,False,
https://www.boatos.org/mundo/lorota-massagista-americana-gasta-r-47-mil-para-ter-tres-seios.html,boatos,2014-09-24,['boato'],1,boato,falso,False,falso,False,
https://www.boatos.org/mundo/lenda-urbana-hunza-o-povoado-vegetariano-que-vive-mais-de-120-anos.html,boatos,2014-09-20,['boato'],1,boato,falso,False,falso,False,
https://www.boatos.org/mundo/video-falso-duende-aparece-em-filmagem-de-bebe-na-argentina.html,boatos,2014-09-20,['boato'],1,boato,falso,False,falso,False,
https://www.boatos.org/tecnologia/jogo-consciencia-cancer-da-mama-2014-espalha-boatos-facebook.html,boatos,2014-09-09,['boato'],1,boato,falso,False,falso,False,
https://www.boatos.org/saude/mito-consumir-alimentos-microondas-saude.html,boatos,2013-10-29,['boato'],1,boato,falso,False,falso,False,
https://www.boatos.org/mundo/noticia-falsa-mulher-gravida-11-filhos-bate-recorde-mundial.html,boatos,2013-10-24,['boato'],1,boato,falso,False,falso,False,
https://www.boatos.org/brasil/boato-fazenda-angolana-fornece-beagles-instituto-royal.html,boatos,2013-10-21,['boato'],1,boato,falso,False,falso,False,
https://www.boatos.org/saude/hoax-vacina-cancer-descoberta-venezuela-jacinto-convit.html,boatos,2013-10-08,['boato'],1,boato,falso,False,falso,False,
https://www.boatos.org/religiao/galinha-pintadinha-diabo-boato-fala-mensagem-subliminar-desenho.html,boatos,2013-10-06,['boato'],1,boato,falso,False,falso,False,
https://www.boatos.org/saude/oleo-de-coco-cura-alzheimer-aponta-boato.html,boatos,2015-01-31,['boato'],1,boato,falso,False,falso,False,
https://www.boatos.org/brasil/novas-regras-detran-ja-estao-valendo-diz-mensagem-falsa.html,boatos,2015-01-24,['boato'],1,boato,falso,False,falso,False,
https://www.boatos.org/politica/boato-diz-que-lula-faz-tratamento-sigiloso-contra-um-novo-cancer.html,boatos,2015-01-06,['boato'],1,boato,falso,False,falso,False,
https://www.boatos.org/mundo/boato-putin-era-alvo-de-rebeldes-russos-que-derrubaram-aviao-da-malaysian.html,boatos,2014-07-28,['boato'],1,boato,falso,False,falso,False,
https://www.boatos.org/mundo/video-falso-calouro-se-suicida-ao-vivo-em-programa-de-talentos.html,boatos,2014-07-21,['boato'],1,boato,falso,False,falso,False,
https://www.boatos.org/politica/video-que-mostra-dilma-sendo-humilhada-na-europa-e-falso.html,boatos,2014-07-18,['boato'],1,boato,falso,False,falso,False,
https://www.boatos.org/esporte/messi-autista-e-boato-argentino-nao-tem-sindrome-de-asperger.html,boatos,2014-07-15,['boato'],1,boato,falso,False,falso,False,
https://www.boatos.org/entretenimento/gretchen-morreu-rainha-bumbum-e-vitima-de-boatos-na-internet.html,boatos,2014-07-02,['boato'],1,boato,falso,False,falso,False,
https://www.boatos.org/mundo/video-falso-criatura-estranha-escala-predio-na-russia.html,boatos,2013-11-22,['boato'],1,boato,falso,False,falso,False,
https://www.boatos.org/saude/hoax-sobre-ex-paquita-patricia-usa-foto-de-luciana-vendramini.html,boatos,2013-11-19,['boato'],1,boato,falso,False,falso,False,
https://www.boatos.org/brasil/informacao-errada-bebe-segura-dedo-medico-aborto.html,boatos,2013-11-11,['boato'],1,boato,falso,False,falso,False,
https://www.boatos.org/saude/cores-quadrados-pasta-dente-nao-indicam-produto-natural.html,boatos,2013-11-08,['boato'],1,boato,falso,False,falso,False,
https://www.boatos.org/saude/hoax-graviola-cura-cancer-e-e-mais-eficiente-que-quimioterapia.html,boatos,2014-05-27,['boato'],1,boato,falso,False,falso,False,
https://www.boatos.org/saude/boato-medica-cubana-faz-diagnostico-de-virose-bacteriana-amapa.html,boatos,2014-05-23,['boato'],1,boato,falso,False,falso,False,
https://www.boatos.org/entretenimento/ney-latorraca-morreu-boato-fala-de-morte-apos-cirurgia.html,boatos,2014-05-14,['boato'],1,boato,falso,False,falso,False,
https://www.boatos.org/brasil/analise-boato-da-mulher-que-roubava-criancas-acaba-em-tragedia-em-sp.html,boatos,2014-05-09,['boato'],1,boato,falso,False,falso,False,
https://www.boatos.org/politica/embaixador-da-china-diz-que-dilma-cedeu-costa-brasileira-para-pesca-chinesa-por-25-anos-boato.html,boatos,2020-08-31,['boato'],1,boato,falso,False,falso,False,
https://www.boatos.org/saude/medico-italiano-roberto-petrella-acerta-alerta-vacina-contra-covid-19-farsa-coronavirus.html,boatos,2020-08-30,['boato'],1,boato,falso,False,falso,False,
https://www.boatos.org/mundo/george-soros-promete-ajudar-argentina-quarentena-prejudicar-bolsonaro.html,boatos,2020-08-30,['boato'],1,boato,falso,False,falso,False,
https://www.boatos.org/brasil/menina-perdida-fala-campo-grande-chora-procura-pais.html,boatos,2020-08-29,['boato'],1,boato,falso,False,falso,False,
https://www.boatos.org/tecnologia/rei-bahrein-dubai-robo-guarda-costas-video.html,boatos,2020-08-28,['boato'],1,boato,falso,False,falso,False,
https://www.boatos.org/tecnologia/cadastro-renda-brasil-auxilio-gas-mesa-brasil-conta-pra-mim-governo-whatsapp.html,boatos,2020-08-27,['boato'],1,boato,falso,False,falso,False,
https://www.boatos.org/saude/medicos-oferecem-enterro-graca-covid-19-atestado-obito.html,boatos,2020-08-26,['boato'],1,boato,falso,False,falso,False,
https://www.boatos.org/saude/centro-epidemiologia-milao-texto-tratamento-covid-19-fevereiro-agosto.html,boatos,2020-08-24,['boato'],1,boato,falso,False,falso,False,
https://www.boatos.org/saude/diretora-covid-19-reabertura-escolas-rio.html,boatos,2020-08-24,['boato'],1,boato,falso,False,falso,False,
https://www.boatos.org/saude/agua-gelada-faz-mal-figado-coracao-causa-cancer-dr-drauzio-varella.html,boatos,2020-08-23,['boato'],1,boato,falso,False,falso,False,
https://www.boatos.org/politica/joao-de-deus-diz-ministros-stf-pediam-dinheiro-encontros-garotas-ele.html,boatos,2020-08-23,['boato'],1,boato,falso,False,falso,False,
https://www.boatos.org/mundo/filha-vladimir-putin-morre-tomar-vacina-russa-covid-19.html,boatos,2020-08-21,['boato'],1,boato,falso,False,falso,False,
https://www.boatos.org/politica/stf-dinheiro-roubado-devolvido-cinco-anos.html,boatos,2020-08-20,['boato'],1,boato,falso,False,falso,False,
https://www.boatos.org/saude/ceo-novartis-hidroxicloroquina-mata-covid-doar-130-milhoes-doses.html,boatos,2020-08-20,['boato'],1,boato,falso,False,falso,False,
https://www.boatos.org/tecnologia/argentina-esta-conseguindo-um-video-sobre-covid-19-hackeara-seu-telefone.html,boatos,2020-08-19,['boato'],1,boato,falso,False,falso,False,
https://www.boatos.org/saude/bill-gates-vacina-covid-alterar-dna-pessoas.html,boatos,2020-08-18,['boato'],1,boato,falso,False,falso,False,
https://www.boatos.org/saude/termometro-na-testa-raio-destruidor-da-glandula-pineal.html,boatos,2020-08-18,['boato'],1,boato,falso,False,falso,False,
https://www.boatos.org/politica/doria-esta-tomando-cloroquina-tratar-covid-19.html,boatos,2020-08-18,['boato'],1,boato,falso,False,falso,False,
https://www.boatos.org/saude/usp-comprovou-pessoas-isolamento-confinamento-vulneraveis-covid.html,boatos,2020-08-17,['boato'],1,boato,falso,False,falso,False,
https://www.boatos.org/mundo/video-fogo-aeroporto-dubai-emirados-arabes-unidos-2020.html,boatos,2020-08-17,['boato'],1,boato,falso,False,falso,False,
https://www.boatos.org/mundo/japao-fogos-artificio-abertura-jogos-olimpicos.html,boatos,2020-08-16,['boato'],1,boato,falso,False,falso,False,
https://www.boatos.org/saude/alho-vinagre-maca-cura-covid-19-matam-coronavirus.html,boatos,2020-08-16,['boato'],1,boato,falso,False,falso,False,
https://www.boatos.org/tecnologia/sim-swap-fraud-novo-golpe-bandidos-pressione-tecla-1-celular.html,boatos,2020-08-15,['boato'],1,boato,falso,False,falso,False,
https://www.boatos.org/tecnologia/mensagens-bom-dia-usadas-ataques-ciberneticos-hackers-china.html,boatos,2020-08-15,['boato'],1,boato,falso,False,falso,False,
https://www.boatos.org/religiao/freira-verdade-denunciar-vacinas-plano-papa-bill-gates-exterminar-populacao.html,boatos,2020-08-15,['boato'],1,boato,falso,False,falso,False,
https://www.boatos.org/entretenimento/luis-ernesto-lacombe-texto-estamos-aprendendo-covid-19-virus-muito-louco.html,boatos,2020-08-14,['boato'],1,boato,falso,False,falso,False,
https://www.boatos.org/saude/china-comprou-vacina-empresa-sueca-vacina-sao-paulo-nao-funciona.html,boatos,2020-08-14,['boato'],1,boato,falso,False,falso,False,
https://www.boatos.org/politica/stf-impediu-bolsonaro-combater-pandemia-covid-19-brasil.html,boatos,2020-08-13,['boato'],1,boato,falso,False,falso,False,
https://www.boatos.org/saude/governador-secretario-saude-bahia-liberam-uso-cloroquina-covid.html,boatos,2020-08-13,['boato'],1,boato,falso,False,falso,False,
https://www.boatos.org/politica/doria-tomou-vacina-chinesa-contra-covid-19-mesmo-assim-foi-infectado.html,boatos,2020-08-13,['boato'],1,boato,falso,False,falso,False,
https://www.boatos.org/saude/termometro-infravermelho-dano-glandula-pineal-medir-temperatura-testa.html,boatos,2020-08-13,['boato'],1,boato,falso,False,falso,False,
https://www.boatos.org/entretenimento/camila-pitanga-mentiu-pegou-malaria-tomar-cloroquina-covid-19.html,boatos,2020-08-12,['boato'],1,boato,falso,False,falso,False,
https://www.boatos.org/saude/mesmo-pandemia-julho-2020-menos-mortes-julho-2019.html,boatos,2020-08-12,['boato'],1,boato,falso,False,falso,False,
https://www.boatos.org/ciencia/sarah-gilbert-filhos-testam-vacina-oxford-para-setembro.html,boatos,2020-08-12,['boato'],1,boato,falso,False,falso,False,
https://www.boatos.org/saude/vacina-mrna-covid-altera-dna-dano-genetico-irreversivel.html,boatos,2020-08-11,['boato'],1,boato,falso,False,falso,False,
https://www.boatos.org/saude/tratamento-azitromicina-ivermectina-annita-vitamina-c-recomendado-covid.html,boatos,2020-08-10,['boato'],1,boato,falso,False,falso,False,
https://www.boatos.org/saude/prefeitos-esvaziam-comprimidos-cloroquina-provar-que-remedio-nao-funciona.html,boatos,2020-08-10,['boato'],1,boato,falso,False,falso,False,
https://www.boatos.org/saude/oms-china-passaporte-de-imunidade-covid-19.html,boatos,2020-08-10,['boato'],1,boato,falso,False,falso,False,
https://www.boatos.org/politica/lula-coronavirus-covid-19-exame-confirmado-hospital-adventista.html,boatos,2020-08-09,['boato'],1,boato,falso,False,falso,False,
https://www.boatos.org/brasil/fbi-cia-descobrem-professor-espiao-governo-chines-brasil.html,boatos,2020-08-08,['boato'],1,boato,falso,False,falso,False,
https://www.boatos.org/saude/aplicacao-ozonio-ozonioterapia-cura-covid-19-coronavirus.html,boatos,2020-08-07,['boato'],1,boato,falso,False,falso,False,
https://www.boatos.org/mundo/benjamin-netanyahu-disse-hezbollah-escondeu-misseis-porto-de-beirute-libano.html,boatos,2020-08-06,['boato'],1,boato,falso,False,falso,False,
https://www.boatos.org/saude/santa-casa-cuiaba-distribui-capsulas-ivermectina-vazias.html,boatos,2020-08-05,['boato'],1,boato,falso,False,falso,False,
https://www.boatos.org/politica/prefeito-bh-alexandre-kalil-e-hostilizado-restaurante-nova-lima-pandemia.html,boatos,2020-08-05,['boato'],1,boato,falso,False,falso,False,
https://www.boatos.org/saude/foto-mostra-nanochip-5g-vacina-china-aplicado-pessoas.html,boatos,2020-08-04,['boato'],1,boato,falso,False,falso,False,
https://www.boatos.org/saude/vacina-covid-modificar-dna-pessoas-transformar-seres-geneticamente-modificados.html,boatos,2020-08-04,['boato'],1,boato,falso,False,falso,False,
https://www.boatos.org/brasil/senhor-chegou-pindamonhangaba-sp-procura-sua-mae-maria-aparecida-das-neves.html,boatos,2020-08-03,['boato'],1,boato,falso,False,falso,False,
https://www.boatos.org/mundo/1-milhao-participam-protesto-denunciando-pandemia-falsa-berlim.html,boatos,2020-08-03,['boato'],1,boato,falso,False,falso,False,
https://www.boatos.org/saude/medicos-por-la-verdad-falam-a-verdade-covid-19.html,boatos,2020-08-02,['boato'],1,boato,falso,False,falso,False,
https://www.boatos.org/saude/covid-19-significa-certificado-identificacao-vacina-inteligencia-artificial-vacina-monitorar.html,boatos,2020-08-01,['boato'],1,boato,falso,False,falso,False,
https://www.boatos.org/tecnologia/tecnologia-5g-morte-passaros-radiacao.html,boatos,2019-06-29,['boato'],1,boato,falso,False,falso,False,
https://www.boatos.org/esporte/maguila-abandonado-familia-asilo.html,boatos,2019-06-26,['boato'],1,boato,falso,False,falso,False,
https://www.boatos.org/mundo/homem-foi-enterrado-vivo-26-dias-tumulo-sobreviveu.html,boatos,2019-06-26,['boato'],1,boato,falso,False,falso,False,
https://www.boatos.org/saude/drauzio-varella-nobel-medicina-silicone-alzheimer.html,boatos,2019-06-23,['boato'],1,boato,falso,False,falso,False,
https://www.boatos.org/opiniao/apos-seis-anos-desmentindo-boatos-precisamos-e-vamos-comecar-a-falar-sobre-fake-news.html,boatos,2019-06-23,['boato'],1,boato,falso,False,falso,False,
https://www.boatos.org/brasil/oficina-automaquiagem-mulher-cancer-nenhuma-inscrita.html,boatos,2019-06-19,['boato'],1,boato,falso,False,falso,False,
https://www.boatos.org/brasil/primordial-vagas-para-trabalhar-nova-fabrica.html,boatos,2019-06-16,['boato'],1,boato,falso,False,falso,False,
https://www.boatos.org/tecnologia/esquerda-apoio-ao-sergio-moro-hackeando-direita.html,boatos,2019-06-13,['boato'],1,boato,falso,False,falso,False,
https://www.boatos.org/saude/vigilancia-sanitaria-cloro-ralos.html,boatos,2019-06-08,['boato'],1,boato,falso,False,falso,False,
https://www.boatos.org/tecnologia/youtuber-dom-hard-choque-celular-morre.html,boatos,2019-06-07,['boato'],1,boato,falso,False,falso,False,
https://www.boatos.org/brasil/validade-cnh-passou-10-anos-pontuacao-40.html,boatos,2019-06-05,['boato'],1,boato,falso,False,falso,False,
https://www.boatos.org/brasil/hospital-vital-brazil-sera-fechado-sao-paulo.html,boatos,2019-06-03,['boato'],1,boato,falso,False,falso,False,
https://www.boatos.org/brasil/jovem-morreu-forca-imitar-hulk.html,boatos,2019-06-03,['boato'],1,boato,falso,False,falso,False,
https://www.boatos.org/entretenimento/agnaldo-timoteo-morre-82-anos-salvador.html,boatos,2019-06-01,['boato'],1,boato,falso,False,falso,False,
https://www.boatos.org/tecnologia/izabely-005-centavos-mensagem-whatsapp.html,boatos,2019-04-28,['boato'],1,boato,falso,False,falso,False,
https://www.boatos.org/brasil/instituto-nise-silveira-fechado.html,boatos,2019-04-28,['boato'],1,boato,falso,False,falso,False,
https://www.boatos.org/saude/planta-aranto-cura-cancer.html,boatos,2019-04-18,['boato'],1,boato,falso,False,falso,False,
https://www.boatos.org/politica/general-hamilton-mourao-sofre-infarto.html,boatos,2019-04-16,['boato'],1,boato,falso,False,falso,False,
https://www.boatos.org/brasil/bayer-contrata-64-anos-boa-idade.html,boatos,2019-04-13,['boato'],1,boato,falso,False,falso,False,
https://www.boatos.org/brasil/juliana-rodrigues-garota-xingou-bobs-espancada.html,boatos,2019-04-10,['boato'],1,boato,falso,False,falso,False,
https://www.boatos.org/mundo/vitimas-ciclone-praia-beira-mocambique.html,boatos,2019-04-02,['boato'],1,boato,falso,False,falso,False,
https://www.boatos.org/saude/alho-assado-cura-previne-cancer.html,boatos,2019-04-02,['boato'],1,boato,falso,False,falso,False,
https://www.boatos.org/saude/medico-bacteria-conjuntivite-viral.html,boatos,2018-03-28,['boato'],1,boato,falso,False,falso,False,
https://www.boatos.org/brasil/balas-ursinho-droga-brasil.html,boatos,2018-03-23,['boato'],1,boato,falso,False,falso,False,
https://www.boatos.org/saude/acucar-limao-oleo-cancer.html,boatos,2018-03-21,['boato'],1,boato,falso,False,falso,False,
https://www.boatos.org/saude/torsilax-proibido-causa-infarto.html,boatos,2018-03-21,['boato'],1,boato,falso,False,falso,False,
https://www.boatos.org/brasil/renovacao-cnh-curso-prova-teorica.html,boatos,2018-03-20,['boato'],1,boato,falso,False,falso,False,
https://www.boatos.org/saude/surto-conjuntivite-america-do-sul.html,boatos,2018-03-19,['boato'],1,boato,falso,False,falso,False,
https://www.boatos.org/religiao/gisele-palhares-assassinada-claudio-duarte.html,boatos,2018-03-17,['boato'],1,boato,falso,False,falso,False,
https://www.boatos.org/saude/surto-gripe-abril.html,boatos,2018-03-16,['boato'],1,boato,falso,False,falso,False,
https://www.boatos.org/brasil/policia-rodoviaria-federal-monitoramento-drones.html,boatos,2018-03-15,['boato'],1,boato,falso,False,falso,False,
https://www.boatos.org/brasil/governo-bolsa-crack-usuarios-drogas.html,boatos,2018-03-13,['boato'],1,boato,falso,False,falso,False,
https://www.boatos.org/saude/lonomia-obliqua-nao-soro-cascavel.html,boatos,2018-03-10,['boato'],1,boato,falso,False,falso,False,
https://www.boatos.org/entretenimento/day-mccarthy-sofreu-acidente.html,boatos,2018-03-07,['boato'],1,boato,falso,False,falso,False,
https://www.boatos.org/esporte/russia-maconha-cocaina-estadios-copa.html,boatos,2018-03-02,['boato'],1,boato,falso,False,falso,False,
https://www.boatos.org/tecnologia/adote-cao-raca-whatsapp.html,boatos,2017-12-28,['boato'],1,boato,falso,False,falso,False,
https://www.boatos.org/entretenimento/pabllo-vittar-lei-rouanet-2018.html,boatos,2017-12-25,['boato'],1,boato,falso,False,falso,False,
https://www.boatos.org/religiao/pastor-julio-cesar-assassinado.html,boatos,2017-12-23,['boato'],1,boato,falso,False,falso,False,
https://www.boatos.org/politica/maluf-flagrado-dirigindo-ferrari.html,boatos,2017-12-22,['boato'],1,boato,falso,False,falso,False,
https://www.boatos.org/brasil/caiu-casa-mega-sena-fraude.html,boatos,2017-12-19,['boato'],1,boato,falso,False,falso,False,
https://www.boatos.org/saude/celulite-bacteriana-transmitida-mosquito.html,boatos,2017-12-19,['boato'],1,boato,falso,False,falso,False,
https://www.boatos.org/tecnologia/recarga-realizada-sucesso-gratis.html,boatos,2017-12-13,['boato'],1,boato,falso,False,falso,False,
https://www.boatos.org/saude/cancer-vitamina-b17-doenca.html,boatos,2017-12-10,['boato'],1,boato,falso,False,falso,False,
https://www.boatos.org/ciencia/cheirar-pum-prolonga-vida.html,boatos,2017-12-09,['boato'],1,boato,falso,False,falso,False,
https://www.boatos.org/politica/tiririca-renuncia-mandato-deputado.html,boatos,2017-12-07,['boato'],1,boato,falso,False,falso,False,
https://www.boatos.org/tecnologia/bebe-cancer-sangue-whatsapp-paga.html,boatos,2017-12-06,['boato'],1,boato,falso,False,falso,False,
https://www.boatos.org/entretenimento/aracy-balabanian-morre-rio.html,boatos,2017-12-05,['boato'],1,boato,falso,False,falso,False,
https://www.boatos.org/tecnologia/premio-messenger-facebook.html,boatos,2017-12-05,['boato'],1,boato,falso,False,falso,False,
https://www.boatos.org/tecnologia/nao-atenda-celular-carregando-samsung.html,boatos,2017-12-03,['boato'],1,boato,falso,False,falso,False,
https://www.boatos.org/brasil/celular-carregando-explodiu-rosto.html,boatos,2017-12-03,['boato'],1,boato,falso,False,falso,False,
https://www.boatos.org/entretenimento/7-boatos-silvio-santos.html,boatos,2017-12-02,['boato'],1,boato,falso,False,falso,False,
https://www.boatos.org/religiao/padre-pedofilo-perdoado-igreja-catolica.html,boatos,2018-07-31,['boato'],1,boato,falso,False,falso,False,
https://www.boatos.org/saude/limao-mata-cancer-medico.html,boatos,2018-07-29,['boato'],1,boato,falso,False,falso,False,
https://www.boatos.org/brasil/repassem-video-mulher-espancando-bebes.html,boatos,2018-07-28,['boato'],1,boato,falso,False,falso,False,
https://www.boatos.org/ciencia/corante-fanta-laranja-guardanapo-papel.html,boatos,2018-07-24,['boato'],1,boato,falso,False,falso,False,
https://www.boatos.org/saude/abelhas-morreram-milho-transgenico.html,boatos,2018-07-20,['boato'],1,boato,falso,False,falso,False,
https://www.boatos.org/tecnologia/momo-demonio-numero-telefone-internet.html,boatos,2018-07-19,['boato'],1,boato,falso,False,falso,False,
https://www.boatos.org/brasil/telefone-375-371-381-roubam-dados.html,boatos,2018-07-18,['boato'],1,boato,falso,False,falso,False,
https://www.boatos.org/brasil/senhora-alzheimer-perdida-upa.html,boatos,2018-07-17,['boato'],1,boato,falso,False,falso,False,
https://www.boatos.org/tecnologia/video-papa-dancando-samba-virus-delegado.html,boatos,2018-07-17,['boato'],1,boato,falso,False,falso,False,
https://www.boatos.org/mundo/pedofilos-aceitos-comunidade-lgbt.html,boatos,2018-07-16,['boato'],1,boato,falso,False,falso,False,
https://www.boatos.org/esporte/7-fake-news-bombaram-copa.html,boatos,2018-07-15,['boato'],1,boato,falso,False,falso,False,
https://www.boatos.org/saude/adultos-vacina-sarampo-vacinado.html,boatos,2018-07-15,['boato'],1,boato,falso,False,falso,False,
https://www.boatos.org/esporte/barcelona-luciano-bucar-70-milhoes.html,boatos,2018-07-13,['boato'],1,boato,falso,False,falso,False,
https://www.boatos.org/saude/arroz-dana-contaminado-paquistao.html,boatos,2018-07-11,['boato'],1,boato,falso,False,falso,False,
https://www.boatos.org/saude/medicos-enzimas-cancer-vacinas-mortos.html,boatos,2018-07-07,['boato'],1,boato,falso,False,falso,False,
https://www.boatos.org/esporte/philippe-coutinho-vasco-vergonha.html,boatos,2018-07-03,['boato'],1,boato,falso,False,falso,False,
https://www.boatos.org/saude/mel-nao-estraga-cura-doencas.html,boatos,2018-07-02,['boato'],1,boato,falso,False,falso,False,
https://www.boatos.org/brasil/mulher-assaltada-hospital-simoes-filho.html,boatos,2018-07-02,['boato'],1,boato,falso,False,falso,False,
https://www.boatos.org/religiao/menina-fantasma-shopping-difusora.html,boatos,2018-07-01,['boato'],1,boato,falso,False,falso,False,
https://www.boatos.org/entretenimento/william-bonner-internado-covid-19.html,boatos,2020-05-31,['boato'],1,boato,falso,False,falso,False,
https://www.boatos.org/politica/bolsonaro-copo-de-leite-brindar-supremacistas-brancos-nazismo.html,boatos,2020-05-31,['boato'],1,boato,falso,False,falso,False,
https://www.boatos.org/mundo/china-distribuir-vacina-contra-coronavirus-graca-para-mundo.html,boatos,2020-05-30,['boato'],1,boato,falso,False,falso,False,
https://www.boatos.org/politica/sigilo-telefonico-lula-adelio-mantidos-bolsonaro-quebrado.html,boatos,2020-05-29,['boato'],1,boato,falso,False,falso,False,
https://www.boatos.org/religiao/jovem-adventista-video-pregacao-antes-de-morrer-covid-19.html,boatos,2020-05-28,['boato'],1,boato,falso,False,falso,False,
https://www.boatos.org/politica/dilma-escolas-podem-voltar-aulas-rodizio-alunos-professores.html,boatos,2020-05-28,['boato'],1,boato,falso,False,falso,False,
https://www.boatos.org/entretenimento/genival-lacerda-morreu-hoje-89-anos-recife-avc.html,boatos,2020-05-28,['boato'],1,boato,falso,False,falso,False,
https://www.boatos.org/politica/manifestantes-pro-bolsonaro-faixa-somos-todos-hemorroidas.html,boatos,2020-05-27,['boato'],1,boato,falso,False,falso,False,
https://www.boatos.org/politica/bolsonaro-confirma-possivel-cancer-pele-desabafo.html,boatos,2020-05-27,['boato'],1,boato,falso,False,falso,False,
https://www.boatos.org/tecnologia/havan-cestas-basicas-coronavirus-compartilhar-link-whatsapp.html,boatos,2020-05-27,['boato'],1,boato,falso,False,falso,False,
https://www.boatos.org/saude/robert-ray-redfield-jr-chefe-clinica-universidade-maryland-cdc-17-dicas-covid-19.html,boatos,2020-05-27,['boato'],1,boato,falso,False,falso,False,
https://www.boatos.org/brasil/hidroxicloroquina-inventada-medico-paraense-gaspar-vianna.html,boatos,2020-05-26,['boato'],1,boato,falso,False,falso,False,
https://www.boatos.org/entretenimento/felipe-neto-disse-culpa-pedofilia-criancas-gostosas.html,boatos,2020-05-26,['boato'],1,boato,falso,False,falso,False,
https://www.boatos.org/politica/policia-militar-de-sao-paulo-continencia-manifestantes-pro-bolsonaro.html,boatos,2020-05-26,['boato'],1,boato,falso,False,falso,False,
https://www.boatos.org/saude/maca-inhame-cru-agua-coco-previnem-curam-coronavirus.html,boatos,2020-05-25,['boato'],1,boato,falso,False,falso,False,
https://www.boatos.org/brasil/viacao-itapemirim-decreta-falencia-quarentena-coronavirus.html,boatos,2020-05-25,['boato'],1,boato,falso,False,falso,False,
https://www.boatos.org/brasil/bar-brahma-centro-de-sao-paulo-fechar-definitivamente-isolamento-social.html,boatos,2020-05-25,['boato'],1,boato,falso,False,falso,False,
https://www.boatos.org/politica/renan-filho-furou-quarentena-festa-trabalho.html,boatos,2020-05-25,['boato'],1,boato,falso,False,falso,False,
https://www.boatos.org/politica/marcelo-crivella-abrir-escolas-rio-de-janeiro-partir-1o-de-junho.html,boatos,2020-05-24,['boato'],1,boato,falso,False,falso,False,
https://www.boatos.org/saude/respiridina-casca-da-laranja-cura-coronavirus-bacteria.html,boatos,2020-05-24,['boato'],1,boato,falso,False,falso,False,
https://www.boatos.org/brasil/governo-pm-ceara-proibiram-bandeira-brasil-estado.html,boatos,2020-05-23,['boato'],1,boato,falso,False,falso,False,
https://www.boatos.org/politica/governador-piaui-wellington-dias-participa-festa-quarentena-coronavirus.html,boatos,2020-05-23,['boato'],1,boato,falso,False,falso,False,
https://www.boatos.org/brasil/enfermeira-flagrada-paciente-covid-19-hospital-amazonas-video.html,boatos,2020-05-22,['boato'],1,boato,falso,False,falso,False,
https://www.boatos.org/brasil/fotos-mostram-mofo-shopping-brasil-ar-condicionado-desligado.html,boatos,2020-05-22,['boato'],1,boato,falso,False,falso,False,
https://www.boatos.org/entretenimento/filho-william-bonner-fatima-bernardes-solicitou-recebeu-auxilio-emergencial.html,boatos,2020-05-22,['boato'],1,boato,falso,False,falso,False,
https://www.boatos.org/politica/lockdown-sao-paulo-entre-01-06-2020-e-15-06-2020-decretado-doria-diario-oficial.html,boatos,2020-05-21,['boato'],1,boato,falso,False,falso,False,
https://www.boatos.org/saude/cremesp-protocolo-tratamento-covid-19-hidroxicloroquina.html,boatos,2020-05-21,['boato'],1,boato,falso,False,falso,False,
https://www.boatos.org/saude/feira-de-santana-homem-parada-cardiaca-enterrado-vivo-medicos-coronavirus.html,boatos,2020-05-21,['boato'],1,boato,falso,False,falso,False,
https://www.boatos.org/politica/profissionais-de-saude-dao-as-costas-bruno-covas.html,boatos,2020-05-20,['boato'],1,boato,falso,False,falso,False,
https://www.boatos.org/politica/doria-antecipa-natal-reveillon-semana-que-vem-coronavirus.html,boatos,2020-05-20,['boato'],1,boato,falso,False,falso,False,
https://www.boatos.org/mundo/cientista-descobriu-vacina-cura-coronavirus-foi-morto-casa.html,boatos,2020-05-20,['boato'],1,boato,falso,False,falso,False,
https://www.boatos.org/politica/nelson-teich-nao-ser-ministro-saude-pais-presidente-coloca-ignorancia-a-frente-ciencia.html,boatos,2020-05-19,['boato'],1,boato,falso,False,falso,False,
https://www.boatos.org/saude/melancia-vendida-brasil-contaminada-chineses-coronavirus.html,boatos,2020-05-19,['boato'],1,boato,falso,False,falso,False,
https://www.boatos.org/ciencia/praia-de-botafogo-ficou-limpa-na-quarentena.html,boatos,2020-05-19,['boato'],1,boato,falso,False,falso,False,
https://www.boatos.org/entretenimento/video-filha-julia-roberts-hazel-cantando.html,boatos,2020-05-18,['boato'],1,boato,falso,False,falso,False,
https://www.boatos.org/mundo/vacina-ino-4800-bill-gates-um-selo-chip-5g-pele.html,boatos,2020-05-18,['boato'],1,boato,falso,False,falso,False,
https://www.boatos.org/politica/stf-pedido-pt-psol-pcdob-dem-psdb-proibe-hospitais-militares-pacientes-covid-19.html,boatos,2020-05-18,['boato'],1,boato,falso,False,falso,False,
https://www.boatos.org/entretenimento/regina-duarte-carta-artistas-nota-repudio.html,boatos,2020-05-17,['boato'],1,boato,falso,False,falso,False,
https://www.boatos.org/saude/nelson-teich-pediu-demissao-ministerio-da-saude-por-recebido-ameacas.html,boatos,2020-05-17,['boato'],1,boato,falso,False,falso,False,
https://www.boatos.org/politica/china-invadir-brasil-bolsonaro-tenta-agir.html,boatos,2020-05-16,['boato'],1,boato,falso,False,falso,False,
https://www.boatos.org/politica/rui-costa-recebeu-r-370-milhoes-declarou-r-45-milhoes-investiga-policia-federal.html,boatos,2020-05-16,['boato'],1,boato,falso,False,falso,False,
https://www.boatos.org/mundo/australia-implantacao-microchip-humanos-vacinas.html,boatos,2020-05-16,['boato'],1,boato,falso,False,falso,False,
https://www.boatos.org/politica/mp-acaba-pedir-prisao-wilson-witzel-governador-rio-de-janeiro.html,boatos,2020-05-15,['boato'],1,boato,falso,False,falso,False,
https://www.boatos.org/religiao/governo-pernambuco-proibe-transmissao-missas-cultos-religiosos-online.html,boatos,2020-05-15,['boato'],1,boato,falso,False,falso,False,
https://www.boatos.org/tecnologia/programa-fome-zero-cestas-basicas-compartilhar-link-whatsapp.html,boatos,2020-05-15,['boato'],1,boato,falso,False,falso,False,
https://www.boatos.org/brasil/lei-seca-anunciada-governador-sao-paulo-rio-de-janeiro-pe-ma-pr.html,boatos,2020-05-14,['boato'],1,boato,falso,False,falso,False,
https://www.boatos.org/tecnologia/lbv-dando-cestas-basicas-kits-de-limpeza-compartilhar-link-whatsapp.html,boatos,2020-05-14,['boato'],1,boato,falso,False,falso,False,
https://www.boatos.org/politica/governo-pernambuco-comprou-140-jeep-renegade-sem-licitacao-bloqueios-quarentena.html,boatos,2020-05-14,['boato'],1,boato,falso,False,falso,False,
https://www.boatos.org/brasil/restaurante-galetos-fechou-por-causa-do-isolamento-social.html,boatos,2020-05-14,['boato'],1,boato,falso,False,falso,False,
https://www.boatos.org/tecnologia/carrefour-cupom-r-300-ajudar-populacao-pandemia-covid-19.html,boatos,2020-05-14,['boato'],1,boato,falso,False,falso,False,
https://www.boatos.org/saude/plandemic-revela-verdade-falsa-pandemia-covid-19-mafia-vacinas.html,boatos,2020-05-13,['boato'],1,boato,falso,False,falso,False,
https://www.boatos.org/brasil/makro-fecha-portas-rio-de-janeiro-pandemia-isolamento-social.html,boatos,2020-05-13,['boato'],1,boato,falso,False,falso,False,
https://www.boatos.org/saude/nao-usar-mascara-limpar-compras-mercado-pegar-coronavirus.html,boatos,2020-05-12,['boato'],1,boato,falso,False,falso,False,
https://www.boatos.org/brasil/sr-mario-luis-perdeu-identidade-e-auxilio-emergencial.html,boatos,2020-05-12,['boato'],1,boato,falso,False,falso,False,
https://www.boatos.org/saude/italia-foi-cura-coronavirus-descobriu-bacteria-causa-mortes.html,boatos,2020-05-12,['boato'],1,boato,falso,False,falso,False,
https://www.boatos.org/saude/gargarejo-limao-bicarbonato-de-sodio-agua-morna-mata-coronavirus-garganta.html,boatos,2020-05-10,['boato'],1,boato,falso,False,falso,False,
https://www.boatos.org/saude/hospital-campanha-unicamp-desmontado-falta-pacientes-covid-19-campinas.html,boatos,2020-05-09,['boato'],1,boato,falso,False,falso,False,
https://www.boatos.org/saude/homem-enterrado-vivo-aumentar-numero-mortes-covid-19.html,boatos,2020-05-09,['boato'],1,boato,falso,False,falso,False,
https://www.boatos.org/politica/joao-doria-aumentar-valor-imposto-itcmd-4-8.html,boatos,2020-05-08,['boato'],1,boato,falso,False,falso,False,
https://www.boatos.org/saude/dr-paolo-zanotto-texto-assassinato-conspiracao-disfarcado-de-estudo-cientifico-cloroquina.html,boatos,2020-05-08,['boato'],1,boato,falso,False,falso,False,
https://www.boatos.org/politica/doria-admitiu-ha-duplicidade-numero-mortos-coronavirus.html,boatos,2020-05-08,['boato'],1,boato,falso,False,falso,False,
https://www.boatos.org/saude/registro-civil-cartorios-comprovam-nao-ha-epidemia-covid-19-brasil.html,boatos,2020-05-08,['boato'],1,boato,falso,False,falso,False,
https://www.boatos.org/brasil/onca-parda-no-morro-da-urca-isolamento-social.html,boatos,2020-05-07,['boato'],1,boato,falso,False,falso,False,
https://www.boatos.org/brasil/idosa-levada-viva-saco-necroterio-hospital-belem.html,boatos,2020-05-07,['boato'],1,boato,falso,False,falso,False,
https://www.boatos.org/tecnologia/governo-aluguel-social-teve-renda-afetada-compartilhou-link-whatsapp.html,boatos,2020-05-07,['boato'],1,boato,falso,False,falso,False,
https://www.boatos.org/saude/mortes-manaus-cairam-depois-bolsonaro-mandou-teich-visitar-hospitais-pf-amazonas-26-caixoes-pedras.html,boatos,2020-05-06,['boato'],1,boato,falso,False,falso,False,
https://www.boatos.org/politica/ciro-nogueira-firmino-filho-quebrar-bolsonaro-covid-19-piaui.html,boatos,2020-05-05,['boato'],1,boato,falso,False,falso,False,
https://www.boatos.org/politica/maria-do-rosario-tenta-costurar-mascara-sem-linha.html,boatos,2020-05-05,['boato'],1,boato,falso,False,falso,False,
https://www.boatos.org/religiao/divaldo-franco-divulga-mensagem-urgente-diz-brasil-corre-risco.html,boatos,2020-05-04,['boato'],1,boato,falso,False,falso,False,
https://www.boatos.org/mundo/china-cancelou-transacoes-dolar-bolsa-valores-abalou-mundo.html,boatos,2020-05-04,['boato'],1,boato,falso,False,falso,False,
https://www.boatos.org/politica/governador-para-helder-barbalho-escondeu-cloroquina-galpao.html,boatos,2020-05-04,['boato'],1,boato,falso,False,falso,False,
https://www.boatos.org/saude/caixao-serragem-pedras-covid-19.html,boatos,2020-05-03,['boato'],1,boato,falso,False,falso,False,
https://www.boatos.org/politica/carlos-ayres-britto-diz-carta-moro-enviado-esquerda-derrubar-bolsonaro.html,boatos,2020-05-03,['boato'],1,boato,falso,False,falso,False,
https://www.boatos.org/saude/autopsias-bergamo-italia-covid-19-nao-e-principal-causa-morte.html,boatos,2020-05-02,['boato'],1,boato,falso,False,falso,False,
https://www.boatos.org/brasil/adelio-bispo-covid-19-foto-sendo-internado.html,boatos,2020-05-01,['boato'],1,boato,falso,False,falso,False,
https://www.boatos.org/religiao/fabio-de-melo-vai-se-casar-e-vira-pastor.html,boatos,2016-06-17,['boato'],1,boato,falso,False,falso,False,
https://www.boatos.org/saude/fenilpropalamina-em-antigripais.html,boatos,2016-06-16,['boato'],1,boato,falso,False,falso,False,
https://www.boatos.org/entretenimento/jovem-ator-da-globo-e-assassinado.html,boatos,2016-06-16,['boato'],1,boato,falso,False,falso,False,
https://www.boatos.org/politica/fatima-bezerra-wi-fi-em-presidios.html,boatos,2016-06-13,['boato'],1,boato,falso,False,falso,False,
https://www.boatos.org/politica/dilma-passa-mal-nternada.html,boatos,2016-06-10,['boato'],1,boato,falso,False,falso,False,
https://www.boatos.org/brasil/gari-passa-concurso-receita-federal.html,boatos,2016-06-09,['boato'],1,boato,falso,False,falso,False,
https://www.boatos.org/tecnologia/whatsapp-abolido-video-estupro.html,boatos,2016-06-08,['boato'],1,boato,falso,False,falso,False,
https://www.boatos.org/esporte/michael-schumacher-morre-aos-47-anos.html,boatos,2016-06-06,['boato'],1,boato,falso,False,falso,False,
https://www.boatos.org/tecnologia/americanas-distribui-tv-lacre.html,boatos,2016-06-02,['boato'],1,boato,falso,False,falso,False,
https://www.boatos.org/politica/damares-alves-cerveja-bock.html,boatos,2019-01-30,['boato'],1,boato,falso,False,falso,False,
https://www.boatos.org/politica/michelle-bolsonaro-animais-brumadinho.html,boatos,2019-01-28,['boato'],1,boato,falso,False,falso,False,
https://www.boatos.org/politica/janaina-paschoal-texto-imprensa.html,boatos,2019-01-24,['boato'],1,boato,falso,False,falso,False,
https://www.boatos.org/saude/doacao-imbruvica-remedio-leucemia-cancer.html,boatos,2019-01-21,['boato'],1,boato,falso,False,falso,False,
https://www.boatos.org/saude/medicos-gelo-picada-escorpiao.html,boatos,2019-01-20,['boato'],1,boato,falso,False,falso,False,
https://www.boatos.org/politica/moro-mandou-retirar-tomadas-cadeias.html,boatos,2019-01-16,['boato'],1,boato,falso,False,falso,False,
https://www.boatos.org/brasil/homem-enterrado-vivo-retirado-tumulo.html,boatos,2019-01-13,['boato'],1,boato,falso,False,falso,False,
https://www.boatos.org/saude/leite-reprocessado-quadrados-coloridos.html,boatos,2019-01-11,['boato'],1,boato,falso,False,falso,False,
https://www.boatos.org/saude/hospital-militar-labio-leporino.html,boatos,2019-01-11,['boato'],1,boato,falso,False,falso,False,
https://www.boatos.org/entretenimento/faustao-chama-bolsonaro-imbecil.html,boatos,2019-01-07,['boato'],1,boato,falso,False,falso,False,
https://www.boatos.org/politica/paula-esposa-mourao-curriculo.html,boatos,2019-01-06,['boato'],1,boato,falso,False,falso,False,
https://www.boatos.org/tecnologia/correntes-sao-enviadas-por-hackers.html,boatos,2016-12-22,['boato'],1,boato,falso,False,falso,False,
https://www.boatos.org/politica/prisao-aecio-neves-virus.html,boatos,2016-12-21,['boato'],1,boato,falso,False,falso,False,
https://www.boatos.org/brasil/sem-parar-multas-velocidade.html,boatos,2016-12-16,['boato'],1,boato,falso,False,falso,False,
https://www.boatos.org/saude/beber-agua-estomago-vazio.html,boatos,2016-12-12,['boato'],1,boato,falso,False,falso,False,
https://www.boatos.org/mundo/caminhao-criancas-orgaos-mexico.html,boatos,2016-12-09,['boato'],1,boato,falso,False,falso,False,
https://www.boatos.org/saude/fabrica-clandestina-coca-bangu.html,boatos,2016-12-02,['boato'],1,boato,falso,False,falso,False,
https://www.boatos.org/tecnologia/video-aviao-queda-virus.html,boatos,2016-12-01,['boato'],1,boato,falso,False,falso,False,
https://www.boatos.org/saude/medico-vacina-surto-mortal-gripe.html,boatos,2018-04-30,['boato'],1,boato,falso,False,falso,False,
https://www.boatos.org/entretenimento/7-golpes-promocoes-boticario.html,boatos,2018-04-28,['boato'],1,boato,falso,False,falso,False,
https://www.boatos.org/saude/cha-graviola-cura-cancer-oncologista.html,boatos,2018-04-27,['boato'],1,boato,falso,False,falso,False,
https://www.boatos.org/religiao/papa-francisco-paredes-hospitais.html,boatos,2018-04-24,['boato'],1,boato,falso,False,falso,False,
https://www.boatos.org/brasil/turistas-assalto-ceu-parapente-rio.html,boatos,2018-04-22,['boato'],1,boato,falso,False,falso,False,
https://www.boatos.org/brasil/jornal-a-tarde-novas-multas.html,boatos,2018-04-21,['boato'],1,boato,falso,False,falso,False,
https://www.boatos.org/saude/medica-unimed-populacao-atingida-gripe.html,boatos,2018-04-20,['boato'],1,boato,falso,False,falso,False,
https://www.boatos.org/politica/cuba-envia-medicos-siria-2018.html,boatos,2018-04-19,['boato'],1,boato,falso,False,falso,False,
https://www.boatos.org/tecnologia/mark-zuckerberg-bff-verificar-facebook.html,boatos,2018-04-18,['boato'],1,boato,falso,False,falso,False,
https://www.boatos.org/saude/crianca-morreu-planta-amoena-comigo.html,boatos,2018-04-17,['boato'],1,boato,falso,False,falso,False,
https://www.boatos.org/politica/fotos-gleisi-hoffmann-pt.html,boatos,2018-04-15,['boato'],1,boato,falso,False,falso,False,
https://www.boatos.org/saude/limonada-quente-mata-cancer.html,boatos,2018-04-14,['boato'],1,boato,falso,False,falso,False,
https://www.boatos.org/saude/furar-dedo-agulha-salva-avc-derrame.html,boatos,2018-04-12,['boato'],1,boato,falso,False,falso,False,
https://www.boatos.org/saude/casal-gripe-hn1n3-h1n3-rio-claro.html,boatos,2018-04-11,['boato'],1,boato,falso,False,falso,False,
https://www.boatos.org/religiao/diabo-porta-igreja-culto-foto.html,boatos,2018-04-10,['boato'],1,boato,falso,False,falso,False,
https://www.boatos.org/saude/7-informacoes-falsas-gripe.html,boatos,2018-04-06,['boato'],1,boato,falso,False,falso,False,
https://www.boatos.org/saude/virus-h2n3-matando-brasil.html,boatos,2018-04-06,['boato'],1,boato,falso,False,falso,False,
https://www.boatos.org/saude/cha-erva-doce-cura-h1n1-formula-tamiflu.html,boatos,2018-04-06,['boato'],1,boato,falso,False,falso,False,
https://www.boatos.org/religiao/coca-cola-abril-loucura.html,boatos,2018-04-05,['boato'],1,boato,falso,False,falso,False,
https://www.boatos.org/saude/diretor-hc-hospital-clinicas-gripe-h3n2.html,boatos,2018-04-03,['boato'],1,boato,falso,False,falso,False,
https://www.boatos.org/saude/presidente-santa-casa-porto-alegre-h3n2.html,boatos,2018-04-03,['boato'],1,boato,falso,False,falso,False,
https://www.boatos.org/tecnologia/sofia-compartilhamento-video-whatsapp.html,boatos,2018-04-02,['boato'],1,boato,falso,False,falso,False,
https://www.boatos.org/saude/enfermeira-nova-ordem-mundial-desligando-oxigenio.html,boatos,2021-02-28,['boato'],1,boato,falso,False,falso,False,
https://www.boatos.org/tecnologia/unimed-vagas-para-pessoas-sem-experiencia-site-whatsapp.html,boatos,2021-02-27,['boato'],1,boato,falso,False,falso,False,
https://www.boatos.org/esporte/mariana-gross-comemora-flamengo-aglomeracao.html,boatos,2021-02-27,['boato'],1,boato,falso,False,falso,False,
https://www.boatos.org/saude/tratamento-precoce-cloroquina-buzios-rj-zerar-casos-covid-19.html,boatos,2021-02-26,['boato'],1,boato,falso,False,falso,False,
https://www.boatos.org/saude/nebulizacao-caseira-bicarbonato-sodio-agua-oxigenada-previne-cura-covid-19.html,boatos,2021-02-25,['boato'],1,boato,falso,False,falso,False,
https://www.boatos.org/brasil/habibs-faliu-vai-fechar-lojas-anuncia-que-passa-o-ponto.html,boatos,2021-02-24,['boato'],1,boato,falso,False,falso,False,
https://www.boatos.org/politica/daniel-silveira-fotos-com-luciano-huck-cristiano-ronaldo.html,boatos,2021-02-20,['boato'],1,boato,falso,False,falso,False,
https://www.boatos.org/mundo/americanos-morreram-por-causa-da-vacina.html,boatos,2021-02-20,['boato'],1,boato,falso,False,falso,False,
https://www.boatos.org/brasil/ana-6-anos-trazida-motorista-van-esta-procurando-familia.html,boatos,2021-02-19,['boato'],1,boato,falso,False,falso,False,
https://www.boatos.org/saude/761-idosos-morreram-asilo-por-causa-vacina-contra-covid-19.html,boatos,2021-02-19,['boato'],1,boato,falso,False,falso,False,
https://www.boatos.org/saude/idosos-morreram-canela-rs-causa-vacina-chinesa-contra-covid-19.html,boatos,2021-02-18,['boato'],1,boato,falso,False,falso,False,
https://www.boatos.org/politica/hospital-infantil-darcy-vargas-sera-demolido-terreno-vendido-por-doria.html,boatos,2021-02-18,['boato'],1,boato,falso,False,falso,False,
https://www.boatos.org/saude/idosa-dedos-amputados-reacao-vacina-contra-covid-19.html,boatos,2021-02-16,['boato'],1,boato,falso,False,falso,False,
https://www.boatos.org/tecnologia/carrefour-iphone-12-pro-responder-pesquisa-compartilhar-link.html,boatos,2021-02-15,['boato'],1,boato,falso,False,falso,False,
https://www.boatos.org/saude/diretor-presidente-anvisa-diz-populacao-corre-risco-grave-ao-tomar-vacinas.html,boatos,2021-02-15,['boato'],1,boato,falso,False,falso,False,
https://www.boatos.org/mundo/russia-autopsia-paciente-covid-19-descobriu-golpe-global-5g-veneno.html,boatos,2021-02-13,['boato'],1,boato,falso,False,falso,False,
https://www.boatos.org/saude/todos-animais-vacina-mrna-morreram-reinfeccao.html,boatos,2021-02-13,['boato'],1,boato,falso,False,falso,False,
https://www.boatos.org/saude/medico-michael-yeadon-ex-vice-pfizer-vacina-agente-transfeccao-celulas-material-genetico.html,boatos,2021-02-12,['boato'],1,boato,falso,False,falso,False,
https://www.boatos.org/saude/china-nao-teve-fase-3-coronavac-porque-brasileiros-sejam-cobaias.html,boatos,2021-02-11,['boato'],1,boato,falso,False,falso,False,
https://www.boatos.org/saude/datas-vacinacao-para-idosos-em-marco-1o-de-marco-74-anos-2-de-marco-73-anos-etc.html,boatos,2021-02-10,['boato'],1,boato,falso,False,falso,False,
https://www.boatos.org/saude/estudo-usp-comprova-eficacia-hidroxicloroquina-azitromicina-contra-covid.html,boatos,2021-02-09,['boato'],1,boato,falso,False,falso,False,
https://www.boatos.org/saude/seringas-soro-fisiologico-estao-sendo-aplicadas-idosos-brasil.html,boatos,2021-02-09,['boato'],1,boato,falso,False,falso,False,
https://www.boatos.org/tecnologia/rafael-nunes-ministerio-publico-da-saude-agendamento-vacinacao-whatsapp.html,boatos,2021-02-08,['boato'],1,boato,falso,False,falso,False,
https://www.boatos.org/saude/seringas-vazias-para-vender-vacinas-no-mercado-negro.html,boatos,2021-02-07,['boato'],1,boato,falso,False,falso,False,
https://www.boatos.org/saude/coca-cola-tem-nivel-de-acucar-531-cerveja-tem-nivel-45-video.html,boatos,2021-02-07,['boato'],1,boato,falso,False,falso,False,
https://www.boatos.org/saude/indigena-morreu-por-causa-de-vacina-coronavac.html,boatos,2021-02-07,['boato'],1,boato,falso,False,falso,False,
https://www.boatos.org/saude/calendario-de-vacinacao-de-marco-rio-de-janeiro-pessoas-55-74-anos.html,boatos,2021-02-05,['boato'],1,boato,falso,False,falso,False,
https://www.boatos.org/esporte/sete-jogadores-bayern-lewandowski-testaram-positivo-para-covid-19.html,boatos,2021-02-04,['boato'],1,boato,falso,False,falso,False,
https://www.boatos.org/tecnologia/facebook-admitiu-errou-censurar-hidroxicloroquina.html,boatos,2021-02-04,['boato'],1,boato,falso,False,falso,False,
https://www.boatos.org/esporte/bayern-desiste-de-participar-mundial-de-clubes-covid-19.html,boatos,2021-02-03,['boato'],1,boato,falso,False,falso,False,
https://www.boatos.org/saude/datas-vacinacao-pessoas-sp-0-75-anos-sao-divulgadas.html,boatos,2021-02-03,['boato'],1,boato,falso,False,falso,False,
https://www.boatos.org/tecnologia/prefeitura-abre-inscricoes-programa-vale-mercado-2021-whatsapp.html,boatos,2021-02-02,['boato'],1,boato,falso,False,falso,False,
https://www.boatos.org/tecnologia/link-do-cep-para-saber-onde-se-vacinar-subpav-org-clona-seu-celular.html,boatos,2021-02-02,['boato'],1,boato,falso,False,falso,False,
https://www.boatos.org/saude/estudo-internacional-recente-paises-usam-hidroxicloroquina-taxa-mortalidade-79-menor.html,boatos,2021-02-02,['boato'],1,boato,falso,False,falso,False,
https://www.boatos.org/mundo/biden-distribui-leite-condensado-ivermectina-quem-vacina-nos-eua.html,boatos,2021-02-01,['boato'],1,boato,falso,False,falso,False,
https://www.boatos.org/politica/irmao-de-wilson-lima-ameaca-medica.html,boatos,2021-02-01,['boato'],1,boato,falso,False,falso,False,
https://www.boatos.org/brasil/balela-vitima-quebra-os-dentes-de-assaltante-e-tem-que-pagar-protese.html,boatos,2014-12-19,['boato'],1,boato,falso,False,falso,False,
https://www.boatos.org/brasil/alerta-falso-procura-se-filha-vilsao-professor-de-jiu-jitsu.html,boatos,2014-12-17,['boato'],1,boato,falso,False,falso,False,
https://www.boatos.org/tecnologia/alerta-falso-nao-atenda-ligacoes-84-9131-6949-ele-clona-seu-celular.html,boatos,2014-12-06,['boato'],1,boato,falso,False,falso,False,
https://www.boatos.org/brasil/mentira-estuprador-com-hiv-ataca-mulheres-apos-pedir-agua.html,boatos,2014-12-06,['boato'],1,boato,falso,False,falso,False,
https://www.boatos.org/mundo/populacao-china-vacinada-contra-covid-19-nao-precisou-fazer-lockdown.html,boatos,2020-09-30,['boato'],1,boato,falso,False,falso,False,
https://www.boatos.org/politica/pt-segundo-lugar-ranking-maiores-organizacoes-criminosas-da-historia.html,boatos,2020-09-29,['boato'],1,boato,falso,False,falso,False,
https://www.boatos.org/tecnologia/sacudir-celular-facebook-denunciar-abuso.html,boatos,2020-09-29,['boato'],1,boato,falso,False,falso,False,
https://www.boatos.org/religiao/isadora-damasio-11-anos-internada-tromboflebite-pede-oracoes-grupo.html,boatos,2020-09-28,['boato'],1,boato,falso,False,falso,False,
https://www.boatos.org/entretenimento/cesar-tralli-flagrado-sem-mascara-andando-patins-pandemia.html,boatos,2020-09-27,['boato'],1,boato,falso,False,falso,False,
https://www.boatos.org/saude/vacina-chinesa-causa-dano-genetico-causou-reacoes-adversas-graves-grande-numero-voluntarios.html,boatos,2020-09-27,['boato'],1,boato,falso,False,falso,False,
https://www.boatos.org/brasil/abono-extra-r-2-mil-para-aposentados-bpc-inss-liberado-governo.html,boatos,2020-09-26,['boato'],1,boato,falso,False,falso,False,
https://www.boatos.org/ciencia/lonomia-mais-venenosa-cascavel-nao-existe-soro.html,boatos,2020-09-23,['boato'],1,boato,falso,False,falso,False,
https://www.boatos.org/religiao/papa-francisco-familia-lugar-de-perdao-nao-existe-familia-perfeita.html,boatos,2020-09-23,['boato'],1,boato,falso,False,falso,False,
https://www.boatos.org/brasil/chineses-comprando-hoteis-porto-seguro-faliram-quarentena.html,boatos,2020-09-22,['boato'],1,boato,falso,False,falso,False,
https://www.boatos.org/saude/medicos-uti-santa-casa-hospital-militar-escrevem-mensagem-covid-19.html,boatos,2020-09-21,['boato'],1,boato,falso,False,falso,False,
https://www.boatos.org/saude/populacao-mundial-imune-karl-friston.html,boatos,2020-09-20,['boato'],1,boato,falso,False,falso,False,
https://www.boatos.org/politica/lula-flagrado-e-xingado-em-bar-durante-quarentena.html,boatos,2020-09-15,['boato'],1,boato,falso,False,falso,False,
https://www.boatos.org/brasil/lista-de-empresas-compradas-china-invasao-silenciosa-imperio-chines.html,boatos,2020-09-14,['boato'],1,boato,falso,False,falso,False,
https://www.boatos.org/saude/anvisa-liberou-ivermectina-mudou-dose-covid-19.html,boatos,2020-09-13,['boato'],1,boato,falso,False,falso,False,
https://www.boatos.org/mundo/medico-mais-jovem-mundo-joshua-beckford-14-anos.html,boatos,2020-09-12,['boato'],1,boato,falso,False,falso,False,
https://www.boatos.org/saude/vacina-contra-covid-19-matou-tres-jovens-18-16-13-anos-destruiu-familia.html,boatos,2020-09-11,['boato'],1,boato,falso,False,falso,False,
https://www.boatos.org/mundo/video-tenia-retirada-boca-mulher-carne-porco-crua.html,boatos,2020-09-11,['boato'],1,boato,falso,False,falso,False,
https://www.boatos.org/politica/lei-13246-criada-bolsonaro-acaba-dia-das-bruxas-brasil.html,boatos,2020-09-11,['boato'],1,boato,falso,False,falso,False,
https://www.boatos.org/politica/efetivo-reserva-exercito-marinha-aeronautica-convocado-mesario-eleicoes.html,boatos,2020-09-10,['boato'],1,boato,falso,False,falso,False,
https://www.boatos.org/brasil/china-acabou-estoque-de-plastico-brasil.html,boatos,2020-09-09,['boato'],1,boato,falso,False,falso,False,
https://www.boatos.org/tecnologia/bebe-morrendo-cancer-mae-pede-compartilhe-foto-cinco-grupos-facebook.html,boatos,2020-09-08,['boato'],1,boato,falso,False,falso,False,
https://www.boatos.org/politica/rodrigo-maia-festa-aniversario-pezao-pandemia.html,boatos,2020-09-08,['boato'],1,boato,falso,False,falso,False,
https://www.boatos.org/mundo/sistema-financeiro-quantico-qsf-implantado-2020-mundo-todo.html,boatos,2020-09-07,['boato'],1,boato,falso,False,falso,False,
https://www.boatos.org/mundo/video-danca-de-robos-disneylandia-china.html,boatos,2020-09-07,['boato'],1,boato,falso,False,falso,False,
https://www.boatos.org/mundo/povo-europeu-mascaras-lixo.html,boatos,2020-09-07,['boato'],1,boato,falso,False,falso,False,
https://www.boatos.org/saude/robert-f-kennedy-jr-texto-aponta-vacina-mrna-contra-covid-19-dna.html,boatos,2020-09-06,['boato'],1,boato,falso,False,falso,False,
https://www.boatos.org/politica/ministro-stf-cancer-pancreas-trocado-bolsonaro.html,boatos,2020-09-05,['boato'],1,boato,falso,False,falso,False,
https://www.boatos.org/saude/conseguir-prender-respiracao-a-b-video-livre-covid-19.html,boatos,2020-09-05,['boato'],1,boato,falso,False,falso,False,
https://www.boatos.org/brasil/via-040-vagas-emprego-duplicacao-br-365.html,boatos,2020-09-04,['boato'],1,boato,falso,False,falso,False,
https://www.boatos.org/saude/videos-verdade-fora-da-midia-falam-a-verdade-vacina-termometro.html,boatos,2020-09-02,['boato'],1,boato,falso,False,falso,False,
https://www.boatos.org/politica/foto-mostra-bolsonaro-sem-cicatriz-da-facada.html,boatos,2020-09-02,['boato'],1,boato,falso,False,falso,False,
https://www.boatos.org/saude/pl-3982-2020-prisao-quem-negar-tomar-vacina-covid-19.html,boatos,2020-09-02,['boato'],1,boato,falso,False,falso,False,
https://www.boatos.org/brasil/foto-antiga-praia-ipanema-publicada-estadao-atual-boato.html,boatos,2020-09-01,['boato'],1,boato,falso,False,falso,False,
https://www.boatos.org/saude/medico-alemao-walter-weber-mascaras-pcr-erro-vacina-dna.html,boatos,2020-09-01,['boato'],1,boato,falso,False,falso,False,
https://www.boatos.org/saude/6-das-mortes-de-coronavirus-foram-por-covid-pesquisa.html,boatos,2020-09-01,['boato'],1,boato,falso,False,falso,False,
https://www.boatos.org/brasil/mulher-queima-microondas-telefone-celular.html,boatos,2019-07-29,['boato'],1,boato,falso,False,falso,False,
https://www.boatos.org/politica/advogados-lula-mesmos-adelio-hackers-glenn.html,boatos,2019-07-28,['boato'],1,boato,falso,False,falso,False,
https://www.boatos.org/politica/glenn-greenwald-internado-infarto-cocaina.html,boatos,2019-07-26,['boato'],1,boato,falso,False,falso,False,
https://www.boatos.org/politica/rui-costa-posto-de-saude-bahia-manda-retirar.html,boatos,2019-07-26,['boato'],1,boato,falso,False,falso,False,
https://www.boatos.org/brasil/triunfo-contrata-170-profissionais-rodovia.html,boatos,2019-07-25,['boato'],1,boato,falso,False,falso,False,
https://www.boatos.org/politica/glenn-greenwald-tem-prisao-decretada-pf.html,boatos,2019-07-24,['boato'],1,boato,falso,False,falso,False,
https://www.boatos.org/saude/governo-suspende-distribuicao-gratuita-remedios.html,boatos,2019-07-21,['boato'],1,boato,falso,False,falso,False,
https://www.boatos.org/brasil/petroleo-encontrado-mato-grosso-bolsonaro.html,boatos,2019-07-15,['boato'],1,boato,falso,False,falso,False,
https://www.boatos.org/politica/reforma-previdencia-pensao-deficientes.html,boatos,2019-07-13,['boato'],1,boato,falso,False,falso,False,
https://www.boatos.org/saude/homem-verme-olho-gnatostomiase-tucunare.html,boatos,2019-07-12,['boato'],1,boato,falso,False,falso,False,
https://www.boatos.org/politica/foto-militares-lula-correr-ditadura.html,boatos,2019-07-10,['boato'],1,boato,falso,False,falso,False,
https://www.boatos.org/brasil/idoso-perdido-marques-caravelas-barra.html,boatos,2019-07-08,['boato'],1,boato,falso,False,falso,False,
https://www.boatos.org/politica/medico-goias-matando-pacientes-esquerdistas.html,boatos,2019-07-03,['boato'],1,boato,falso,False,falso,False,
https://www.boatos.org/esporte/jorge-jesus-tecnico-flamengo-doa-r-1-milhao-inca.html,boatos,2019-11-29,['boato'],1,boato,falso,False,falso,False,
https://www.boatos.org/entretenimento/caminhada-respeito-video-homenagem-eua-gugu-liberato.html,boatos,2019-11-28,['boato'],1,boato,falso,False,falso,False,
https://www.boatos.org/tecnologia/boneca-androide-chinesa-parece-crianca-real-video.html,boatos,2019-11-26,['boato'],1,boato,falso,False,falso,False,
https://www.boatos.org/mundo/donald-trump-hospital-foi-envenenado.html,boatos,2019-11-20,['boato'],1,boato,falso,False,falso,False,
https://www.boatos.org/brasil/bebe-nasce-rabo-santarem-para-foto.html,boatos,2019-11-19,['boato'],1,boato,falso,False,falso,False,
https://www.boatos.org/saude/todos-cadastro-sus-verba-saude-so-numero-cadastrados.html,boatos,2019-11-17,['boato'],1,boato,falso,False,falso,False,
https://www.boatos.org/tecnologia/novo-extra-inaugurado-cidade-vagas-emprego-whatsapp.html,boatos,2019-11-15,['boato'],1,boato,falso,False,falso,False,
https://www.boatos.org/tecnologia/walmart-big-bompreco-vagas-emprego-whatsapp.html,boatos,2019-11-12,['boato'],1,boato,falso,False,falso,False,
https://www.boatos.org/brasil/alexandre-nardoni-roger-abdelmassih-braco-direito-do-pcc-soltos-decisao-stf-lula.html,boatos,2019-11-10,['boato'],1,boato,falso,False,falso,False,
https://www.boatos.org/saude/doces-turquia-comprimidos-causam-paralisia.html,boatos,2019-11-09,['boato'],1,boato,falso,False,falso,False,
https://www.boatos.org/tecnologia/casas-bahia-sorteia-premios-diarios-site-whatsapp-black-friday.html,boatos,2019-11-08,['boato'],1,boato,falso,False,falso,False,
https://www.boatos.org/mundo/lorota-pilula-de-gliter-cria-coco-colorido.html,boatos,2015-04-23,['boato'],1,boato,falso,False,falso,False,
https://www.boatos.org/saude/morre-primeira-pessoa-por-ingestao-de-ogm-aponta-noticia-falsa.html,boatos,2015-04-07,['boato'],1,boato,falso,False,falso,False,
https://www.boatos.org/politica/noticia-falsa-jean-wyllys-propoe-licenca-maternidade-para-quem-realizar-aborto.html,boatos,2015-04-02,['boato'],1,boato,falso,False,falso,False,
https://www.boatos.org/tecnologia/bracelete-cicret-que-projeta-celular-nao-existe.html,boatos,2015-04-02,['boato'],1,boato,falso,False,falso,False,
https://www.boatos.org/brasil/comida-da-cadeia-e-melhor-que-comida-da-escola-afirma-hoax.html,boatos,2015-04-01,['boato'],1,boato,falso,False,falso,False,
https://www.boatos.org/religiao/vaticano-confirma-papa-francisco-coronavirus.html,boatos,2020-02-29,['boato'],1,boato,falso,False,falso,False,
https://www.boatos.org/saude/bombeiro-alerta-coronavirus-espalhou-minas-gerais-hospital-construido.html,boatos,2020-02-29,['boato'],1,boato,falso,False,falso,False,
https://www.boatos.org/mundo/medica-tcheca-alemanha-imigrantes-muculmanos-acabaram-pais.html,boatos,2020-02-29,['boato'],1,boato,falso,False,falso,False,
https://www.boatos.org/tecnologia/homem-morre-choque-celular-carro.html,boatos,2020-02-28,['boato'],1,boato,falso,False,falso,False,
https://www.boatos.org/saude/renato-ribeiro-diretor-hc-recomenda-cha-erva-doce-vitamina-c-coronavirus.html,boatos,2020-02-28,['boato'],1,boato,falso,False,falso,False,
https://www.boatos.org/saude/alcool-gel-nao-mata-coronavirus-vinagre.html,boatos,2020-02-27,['boato'],1,boato,falso,False,falso,False,
https://www.boatos.org/politica/video-bolsonaro-convocando-para-manifestacoes-15-de-marco-2015.html,boatos,2020-02-27,['boato'],1,boato,falso,False,falso,False,
https://www.boatos.org/entretenimento/livro-the-eyes-darkness-dean-koontz-previu-coronavirus.html,boatos,2020-02-27,['boato'],1,boato,falso,False,falso,False,
https://www.boatos.org/saude/beber-agua-cha-quente-mata-coronavirus-nao-sobrevive-26-oc.html,boatos,2020-02-26,['boato'],1,boato,falso,False,falso,False,
https://www.boatos.org/saude/respire-fundo-10-segundos-teste-coronavirus-fibrose-pulmao.html,boatos,2020-02-26,['boato'],1,boato,falso,False,falso,False,
https://www.boatos.org/politica/cid-gomes-atingido-balas-borracha-armou-farsa.html,boatos,2020-02-23,['boato'],1,boato,falso,False,falso,False,
https://www.boatos.org/mundo/morcegos-crisantemo-filmados-telhado-china-principal-fonte-coronavirus.html,boatos,2020-02-23,['boato'],1,boato,falso,False,falso,False,
https://www.boatos.org/saude/possivel-medir-pressao-sem-aparelho-mao-parede.html,boatos,2020-02-22,['boato'],1,boato,falso,False,falso,False,
https://www.boatos.org/politica/rui-costa-governador-bahia-promove-festa-luxuosa-carnaval-dinheiro-publico.html,boatos,2020-02-22,['boato'],1,boato,falso,False,falso,False,
https://www.boatos.org/saude/pedra-rins-gigante-homem-hgv-video.html,boatos,2020-02-20,['boato'],1,boato,falso,False,falso,False,
https://www.boatos.org/tecnologia/nova-havan-cidade-vagas-emprego-contrata-sem-experiencia.html,boatos,2020-02-19,['boato'],1,boato,falso,False,falso,False,
https://www.boatos.org/mundo/china-mata-20-mil-pacientes-coronavirus-autorizacao.html,boatos,2020-02-19,['boato'],1,boato,falso,False,falso,False,
https://www.boatos.org/religiao/video-papa-dancando-samba-virusrouba-dados-celular.html,boatos,2020-02-18,['boato'],1,boato,falso,False,falso,False,
https://www.boatos.org/politica/ex-presidente-lula-cancer-laringe-novamente.html,boatos,2020-02-18,['boato'],1,boato,falso,False,falso,False,
https://www.boatos.org/brasil/laura-sita-jovem-16-anos-desaparecida-sao-paulo.html,boatos,2020-02-15,['boato'],1,boato,falso,False,falso,False,
https://www.boatos.org/mundo/reflexo-crianca-parado-espelho-video.html,boatos,2020-02-14,['boato'],1,boato,falso,False,falso,False,
https://www.boatos.org/mundo/china-vende-carne-humana-enlatada-coronavirus.html,boatos,2020-02-14,['boato'],1,boato,falso,False,falso,False,
https://www.boatos.org/saude/banana-cura-depressao-serie-doencas.html,boatos,2020-02-13,['boato'],1,boato,falso,False,falso,False,
https://www.boatos.org/saude/medico-oncologista-rafael-sato-recomenda-limao-cancer.html,boatos,2020-02-13,['boato'],1,boato,falso,False,falso,False,
https://www.boatos.org/saude/plastico-bolha-coronavirus-ar-vem-china.html,boatos,2020-02-11,['boato'],1,boato,falso,False,falso,False,
https://www.boatos.org/saude/cha-folhas-abacate-hortela-cura-previne-coronavirus.html,boatos,2020-02-10,['boato'],1,boato,falso,False,falso,False,
https://www.boatos.org/saude/vitamina-c-com-zinco-vitamina-d-curam-previnem-coronavirus.html,boatos,2020-02-09,['boato'],1,boato,falso,False,falso,False,
https://www.boatos.org/saude/bill-gates-dono-patente-coronavirus.html,boatos,2020-02-07,['boato'],1,boato,falso,False,falso,False,
https://www.boatos.org/saude/uisque-mel-ajudam-combater-novo-coronavirus.html,boatos,2020-02-07,['boato'],1,boato,falso,False,falso,False,
https://www.boatos.org/saude/cha-erva-doce-cura-novo-coronavirus-diretor-hc.html,boatos,2020-02-07,['boato'],1,boato,falso,False,falso,False,
https://www.boatos.org/saude/desinfetante-lysol-cura-novo-coronavirus-doenca-conhecida.html,boatos,2020-02-06,['boato'],1,boato,falso,False,falso,False,
https://www.boatos.org/mundo/homem-china-come-sopa-feto-fotos.html,boatos,2020-02-06,['boato'],1,boato,falso,False,falso,False,
https://www.boatos.org/saude/cientistas-descobrem-cocaina-mata-coronavirus.html,boatos,2020-02-05,['boato'],1,boato,falso,False,falso,False,
https://www.boatos.org/politica/rodrigo-maia-clarissa-garotinho-prefeitura-rio.html,boatos,2020-02-04,['boato'],1,boato,falso,False,falso,False,
https://www.boatos.org/mundo/morcegos-serpentes-cachorros-feira-china.html,boatos,2020-02-03,['boato'],1,boato,falso,False,falso,False,
https://www.boatos.org/tecnologia/celular-libera-radiacao-que-faz-bombril-palha-de-aco-pegar-fogo-video.html,boatos,2020-02-02,['boato'],1,boato,falso,False,falso,False,
https://www.boatos.org/saude/paula-mello-campos-produto-sorriso-perfeito.html,boatos,2020-02-02,['boato'],1,boato,falso,False,falso,False,
https://www.boatos.org/saude/fanta-uva-fanta-laranja-coca-cola-causaram-problemas-rins-tumores-23-pessoas.html,boatos,2020-02-01,['boato'],1,boato,falso,False,falso,False,
https://www.boatos.org/religiao/crianca-nasce-morta-ressuscita-louvor-cristao.html,boatos,2020-02-01,['boato'],1,boato,falso,False,falso,False,
https://www.boatos.org/brasil/informacao-errada-cras-vai-doar-500-cadeiras-de-rodas.html,boatos,2015-07-30,['boato'],1,boato,falso,False,falso,False,
https://www.boatos.org/saude/bela-gil-afirma-que-curcuma-pode-substituir-a-pasta-dental.html,boatos,2015-07-28,['boato'],1,boato,falso,False,falso,False,
https://www.boatos.org/mundo/informacao-falsa-tubarao-que-atacou-fanning-era-criado-em-cativeiro.html,boatos,2015-07-24,['boato'],1,boato,falso,False,falso,False,
https://www.boatos.org/saude/caso-de-botulismo-com-a-salsicha-pif-paf-e-confirmado-diz-hoax.html,boatos,2015-07-09,['boato'],1,boato,falso,False,falso,False,
https://www.boatos.org/entretenimento/luciano-huck-doou-r2-mi-para-santa-casa-diz-historia-falsa.html,boatos,2015-07-02,['boato'],1,boato,falso,False,falso,False,
https://www.boatos.org/saude/noticia-falsa-pf-descobre-que-medicos-cubanos-usam-diploma-falso.html,boatos,2014-11-15,['boato'],1,boato,falso,False,falso,False,
https://www.boatos.org/tecnologia/alerta-falso-crianca-morre-apos-colocar-carregador-de-celular-na-boca.html,boatos,2014-11-01,['boato'],1,boato,falso,False,falso,False,
https://www.boatos.org/brasil/quem-trabalhou-entre-1998-2016.html,boatos,2017-05-30,['boato'],1,boato,falso,False,falso,False,
https://www.boatos.org/entretenimento/marcelo-rezende-morreu-bacci.html,boatos,2017-05-28,['boato'],1,boato,falso,False,falso,False,
https://www.boatos.org/brasil/homem-bateu-mae-espancado.html,boatos,2017-05-27,['boato'],1,boato,falso,False,falso,False,
https://www.boatos.org/saude/apos-vacina-gripe-veneno-mortal.html,boatos,2017-05-25,['boato'],1,boato,falso,False,falso,False,
https://www.boatos.org/brasil/stf-quem-rouba-celular.html,boatos,2017-05-24,['boato'],1,boato,falso,False,falso,False,
https://www.boatos.org/saude/cancer-fungo-bicarbonato-de-sodio.html,boatos,2017-05-23,['boato'],1,boato,falso,False,falso,False,
https://www.boatos.org/saude/boca-aberta-larvas-moscas-video.html,boatos,2017-05-21,['boato'],1,boato,falso,False,falso,False,
https://www.boatos.org/brasil/cachorro-desfigura-ladrao.html,boatos,2017-05-20,['boato'],1,boato,falso,False,falso,False,
https://www.boatos.org/saude/aspartame-causa-alzheimer.html,boatos,2017-05-17,['boato'],1,boato,falso,False,falso,False,
https://www.boatos.org/saude/cha-copo-plastico-comida-sacola-cancer.html,boatos,2017-05-17,['boato'],1,boato,falso,False,falso,False,
https://www.boatos.org/entretenimento/marcelo-rezende-coma-amem.html,boatos,2017-05-16,['boato'],1,boato,falso,False,falso,False,
https://www.boatos.org/saude/crianca-morre-fazer-trancas.html,boatos,2017-05-16,['boato'],1,boato,falso,False,falso,False,
https://www.boatos.org/politica/7-boatos-sobre-o-juiz-sergio-moro.html,boatos,2017-05-13,['boato'],1,boato,falso,False,falso,False,
https://www.boatos.org/brasil/aninha-moura-passando-aids.html,boatos,2017-05-12,['boato'],1,boato,falso,False,falso,False,
https://www.boatos.org/politica/bolo-casamento-governador-goias.html,boatos,2017-05-10,['boato'],1,boato,falso,False,falso,False,
https://www.boatos.org/entretenimento/silvio-santos-morreu.html,boatos,2017-05-10,['boato'],1,boato,falso,False,falso,False,
https://www.boatos.org/religiao/fabio-melo-eu-cresci.html,boatos,2017-05-10,['boato'],1,boato,falso,False,falso,False,
https://www.boatos.org/tecnologia/jelysson-diretor-whatsapp-vai-cobrar.html,boatos,2017-05-06,['boato'],1,boato,falso,False,falso,False,
https://www.boatos.org/tecnologia/paulo-gama-tdr-whatsapp-pago.html,boatos,2017-05-06,['boato'],1,boato,falso,False,falso,False,
https://www.boatos.org/tecnologia/mensagem-fim-whatsapp-virus-boato.html,boatos,2017-05-05,['boato'],1,boato,falso,False,falso,False,
https://www.boatos.org/saude/vacina-diabetes-anunciada.html,boatos,2017-05-04,['boato'],1,boato,falso,False,falso,False,
https://www.boatos.org/saude/farinha-de-trigo-serve-queimaduras.html,boatos,2017-05-04,['boato'],1,boato,falso,False,falso,False,
https://www.boatos.org/brasil/pessoas-aids-baleia-azul.html,boatos,2017-05-02,['boato'],1,boato,falso,False,falso,False,
https://www.boatos.org/brasil/hoax-bandidos-usam-droga-burundanga-escopolamina-para-assaltos.html,boatos,2014-06-12,['boato'],1,boato,falso,False,falso,False,
https://www.boatos.org/tecnologia/hoax-ajude-bebe-que-nasceu-com-cranio-na-barriga-compartilhando-foto.html,boatos,2014-06-10,['boato'],1,boato,falso,False,falso,False,
https://www.boatos.org/mundo/imagem-falsa-estranha-criatura-e-encontrada-na-america-latina.html,boatos,2014-06-10,['boato'],1,boato,falso,False,falso,False,
https://www.boatos.org/religiao/hoax-menina-nasce-com-maos-coladas-anuncia-volta-de-jesus-e-morre.html,boatos,2014-06-04,['boato'],1,boato,falso,False,falso,False,
https://www.boatos.org/saude/paracetamol-crianca-coma-manchas.html,boatos,2017-03-31,['boato'],1,boato,falso,False,falso,False,
https://www.boatos.org/saude/tapioca-veneno-cianeto-pode-matar.html,boatos,2017-03-29,['boato'],1,boato,falso,False,falso,False,
https://www.boatos.org/brasil/mae-bate-filho-roubando-presa.html,boatos,2017-03-28,['boato'],1,boato,falso,False,falso,False,
https://www.boatos.org/entretenimento/sandy-alessandra-drauzio-auzio.html,boatos,2017-03-24,['boato'],1,boato,falso,False,falso,False,
https://www.boatos.org/saude/venda-pacoca-proibida-brasil-cancer.html,boatos,2017-03-22,['boato'],1,boato,falso,False,falso,False,
https://www.boatos.org/saude/vacina-febre-amarela-mata.html,boatos,2017-03-22,['boato'],1,boato,falso,False,falso,False,
https://www.boatos.org/entretenimento/arlindo-cruz-morreu-boato.html,boatos,2017-03-20,['boato'],1,boato,falso,False,falso,False,
https://www.boatos.org/saude/vacina-febre-amarela-cegueira.html,boatos,2017-03-20,['boato'],1,boato,falso,False,falso,False,
https://www.boatos.org/saude/boi-sequestro-morto-estrada-carne-podre.html,boatos,2017-03-20,['boato'],1,boato,falso,False,falso,False,
https://www.boatos.org/politica/tiririca-salario-deputado-federal.html,boatos,2017-03-15,['boato'],1,boato,falso,False,falso,False,
https://www.boatos.org/brasil/fantasma-aparece-iml-cuiaba.html,boatos,2017-03-14,['boato'],1,boato,falso,False,falso,False,
https://www.boatos.org/tecnologia/nao-atenda-celular-011-clona.html,boatos,2017-03-13,['boato'],1,boato,falso,False,falso,False,
https://www.boatos.org/entretenimento/silvio-santos-mensagem-cancer.html,boatos,2017-03-10,['boato'],1,boato,falso,False,falso,False,
https://www.boatos.org/saude/carne-bovina-cancer-tumor.html,boatos,2017-03-09,['boato'],1,boato,falso,False,falso,False,
https://www.boatos.org/politica/marcela-temer-traindo-michel.html,boatos,2017-03-06,['boato'],1,boato,falso,False,falso,False,
https://www.boatos.org/saude/alertas-falsos-efeitos-colaterais-remedios-vacinas-exames.html,boatos,2017-03-04,['boato'],1,boato,falso,False,falso,False,
https://www.boatos.org/saude/delfinopolis-surto-febre-amarela.html,boatos,2017-03-03,['boato'],1,boato,falso,False,falso,False,
https://www.boatos.org/saude/droga-mata-tres-dias-chega-brasil.html,boatos,2017-03-03,['boato'],1,boato,falso,False,falso,False,
https://www.boatos.org/saude/epidemia-vaca-louca-brasil-carne.html,boatos,2017-03-02,['boato'],1,boato,falso,False,falso,False,
https://www.boatos.org/politica/fake-news-eleicoes-2018.html,boatos,2018-10-29,['boato'],1,boato,falso,False,falso,False,
https://www.boatos.org/politica/carro-bomba-atentado-bolsonaro.html,boatos,2018-10-27,['boato'],1,boato,falso,False,falso,False,
https://www.boatos.org/politica/urnas-eletronicas-horario-verao.html,boatos,2018-10-23,['boato'],1,boato,falso,False,falso,False,
https://www.boatos.org/politica/assessora-haddad-abandona-campanha.html,boatos,2018-10-18,['boato'],1,boato,falso,False,falso,False,
https://www.boatos.org/politica/bolsonaro-cancer-terminal.html,boatos,2018-10-17,['boato'],1,boato,falso,False,falso,False,
https://www.boatos.org/tecnologia/samu-upa-vagas-whatsapp.html,boatos,2018-10-17,['boato'],1,boato,falso,False,falso,False,
https://www.boatos.org/tecnologia/camisetas-outubro-rosa-gratis-whatsapp.html,boatos,2018-10-17,['boato'],1,boato,falso,False,falso,False,
https://www.boatos.org/politica/haddad-cortella-drauzio-ciro-barbosa.html,boatos,2018-10-16,['boato'],1,boato,falso,False,falso,False,
https://www.boatos.org/politica/medico-bolsonaro-texto-defesa.html,boatos,2018-10-12,['boato'],1,boato,falso,False,falso,False,
https://www.boatos.org/tecnologia/bebe-leucemia-r-1-whatsapp.html,boatos,2018-10-10,['boato'],1,boato,falso,False,falso,False,
https://www.boatos.org/politica/ratinho-entrevista-bolsonaro-debate.html,boatos,2018-10-02,['boato'],1,boato,falso,False,falso,False,
https://www.boatos.org/saude/cirurgia-catarata-benjamin-constant.html,boatos,2017-04-29,['boato'],1,boato,falso,False,falso,False,
https://www.boatos.org/tecnologia/nao-leve-celular-cabeca-radiacao-boato.html,boatos,2017-04-27,['boato'],1,boato,falso,False,falso,False,
https://www.boatos.org/tecnologia/whatsapp-sair-ar-baleia-azul.html,boatos,2017-04-26,['boato'],1,boato,falso,False,falso,False,
https://www.boatos.org/brasil/telefones-clonados-baleia-azul-031.html,boatos,2017-04-21,['boato'],1,boato,falso,False,falso,False,
https://www.boatos.org/mundo/tap-portugal-bilhetes-gratis.html,boatos,2017-04-20,['boato'],1,boato,falso,False,falso,False,
https://www.boatos.org/tecnologia/nao-instale-jogo-baleia-azul.html,boatos,2017-04-17,['boato'],1,boato,falso,False,falso,False,
https://www.boatos.org/brasil/jovem-morre-baleia-azul-brasil.html,boatos,2017-04-10,['boato'],1,boato,falso,False,falso,False,
https://www.boatos.org/politica/jose-mujica-morre.html,boatos,2017-04-01,['boato'],1,boato,falso,False,falso,False,
https://www.boatos.org/brasil/aquario-sessao-azul-30-03-2020-ingressos-gratuitos.html,boatos,2020-01-31,['boato'],1,boato,falso,False,falso,False,
https://www.boatos.org/mundo/foto-mostra-pessoas-caidas-praca-china-coronavirus.html,boatos,2020-01-30,['boato'],1,boato,falso,False,falso,False,
https://www.boatos.org/mundo/jornalista-alemao-filma-pessoas-caidas-ruas-china-milhares-morreram-coronavirus.html,boatos,2020-01-30,['boato'],1,boato,falso,False,falso,False,
https://www.boatos.org/saude/video-feira-comida-animais-vivos-wuhan-china.html,boatos,2020-01-30,['boato'],1,boato,falso,False,falso,False,
https://www.boatos.org/saude/cafe-moido-vacuo-feito-sangue-boi.html,boatos,2020-01-29,['boato'],1,boato,falso,False,falso,False,
https://www.boatos.org/mundo/departamento-saude-canada-boletim-dicas-coronavirus.html,boatos,2020-01-29,['boato'],1,boato,falso,False,falso,False,
https://www.boatos.org/politica/bolsonaro-pode-cancelar-carnaval-brasil-coronavirus.html,boatos,2020-01-29,['boato'],1,boato,falso,False,falso,False,
https://www.boatos.org/mundo/sopa-morcego-wuhan-china-causa-coronavirus.html,boatos,2020-01-28,['boato'],1,boato,falso,False,falso,False,
https://www.boatos.org/saude/diretor-do-hc-preocupado-nova-gripe-recomenda-cha-de-erva-doce.html,boatos,2020-01-27,['boato'],1,boato,falso,False,falso,False,
https://www.boatos.org/saude/comecar-banho-lavando-cabeca-cabelo-causar-avc.html,boatos,2020-01-27,['boato'],1,boato,falso,False,falso,False,
https://www.boatos.org/saude/cebola-cortada-geladeira-faz-mal-ima-bacterias-gripe.html,boatos,2020-01-27,['boato'],1,boato,falso,False,falso,False,
https://www.boatos.org/saude/coronavirus-10-mil-casos-confirmados-brasil-28-milhoes-mundo.html,boatos,2020-01-26,['boato'],1,boato,falso,False,falso,False,
https://www.boatos.org/mundo/coronavirus-28-milhoes-infectados-matou-112-mil-pessoas-china.html,boatos,2020-01-26,['boato'],1,boato,falso,False,falso,False,
https://www.boatos.org/saude/fenilpropanolamina-medicamentos-antigripais-brasil.html,boatos,2020-01-25,['boato'],1,boato,falso,False,falso,False,
https://www.boatos.org/tecnologia/bateria-celular-explode-fogo-casa-video.html,boatos,2020-01-25,['boato'],1,boato,falso,False,falso,False,
https://www.boatos.org/tecnologia/maculopatia-cancer-olho-causada-telefone-celular-escuro.html,boatos,2020-01-25,['boato'],1,boato,falso,False,falso,False,
https://www.boatos.org/brasil/ampliacao-rodizio-veiculos-sao-paulo-2020-incluir-diversas-avenidas.html,boatos,2020-01-24,['boato'],1,boato,falso,False,falso,False,
https://www.boatos.org/saude/cerveja-backer-adulterada-dietilenoglicol-ambev.html,boatos,2020-01-22,['boato'],1,boato,falso,False,falso,False,
https://www.boatos.org/saude/energeticos-derretem-alimentos-fazem-mal-a-saude-video.html,boatos,2020-01-22,['boato'],1,boato,falso,False,falso,False,
https://www.boatos.org/religiao/papa-francisco-defende-patria-grande-capital-panama.html,boatos,2020-01-20,['boato'],1,boato,falso,False,falso,False,
https://www.boatos.org/mundo/pneu-nao-fura-vendido-japao-fim-borracheiros.html,boatos,2020-01-19,['boato'],1,boato,falso,False,falso,False,
https://www.boatos.org/brasil/hospital-do-cancer-flores-cada-10-pessoas-ganham-1-euro.html,boatos,2020-01-19,['boato'],1,boato,falso,False,falso,False,
https://www.boatos.org/saude/benzeno-ar-condicionado-carros-cancer-leucemia-aborto.html,boatos,2020-01-17,['boato'],1,boato,falso,False,falso,False,
https://www.boatos.org/brasil/lotes-cerveja-glacial-estao-contaminados-substancia-toxica.html,boatos,2020-01-16,['boato'],1,boato,falso,False,falso,False,
https://www.boatos.org/saude/dono-bar-stadt-jever-audio-cerveja-ambev.html,boatos,2020-01-15,['boato'],1,boato,falso,False,falso,False,
https://www.boatos.org/saude/limao-copo-cerveja-veneno-pode-matar.html,boatos,2020-01-15,['boato'],1,boato,falso,False,falso,False,
https://www.boatos.org/saude/biologa-fiocruz-audio-agua-rio-de-janeiro-contaminada.html,boatos,2020-01-14,['boato'],1,boato,falso,False,falso,False,
https://www.boatos.org/brasil/doacao-cinco-filhotes-caes-orfaos-teresopolis.html,boatos,2020-01-13,['boato'],1,boato,falso,False,falso,False,
https://www.boatos.org/saude/virus-ebola-surto-leptospirose-belo-horizonte-minas-gerais.html,boatos,2020-01-11,['boato'],1,boato,falso,False,falso,False,
https://www.boatos.org/saude/frango-recebe-esteroides-antibioticos-hormonios-causa-cancer.html,boatos,2020-01-10,['boato'],1,boato,falso,False,falso,False,
https://www.boatos.org/saude/lista-marcas-cerveja-conservantes-quimicos.html,boatos,2020-01-10,['boato'],1,boato,falso,False,falso,False,
https://www.boatos.org/brasil/cedae-alerta-ninguem-consumir-agua-torneira-filtro.html,boatos,2020-01-09,['boato'],1,boato,falso,False,falso,False,
https://www.boatos.org/saude/maxalgina-dipirona-venezuela-contaminada-virus-marborde.html,boatos,2020-01-08,['boato'],1,boato,falso,False,falso,False,
https://www.boatos.org/politica/irmao-adelio-bispo-posa-foto-lula.html,boatos,2020-01-07,['boato'],1,boato,falso,False,falso,False,
https://www.boatos.org/saude/erramos-cerveja-envenenada-intoxicou-pessoas.html,boatos,2020-01-05,['boato'],1,boato,falso,False,falso,False,
https://www.boatos.org/saude/carne-urubu-vendida-galinha-caipira-feira-manaus-brasil.html,boatos,2020-01-05,['boato'],1,boato,falso,False,falso,False,
https://www.boatos.org/saude/hoax-menina-morre-apos-usar-tatuagem-de-henna-paquistao.html,boatos,2014-02-22,['boato'],1,boato,falso,False,falso,False,
https://www.boatos.org/tecnologia/hoax-diz-que-novo-whatsapp-plus-e-um-virus-que-danifica-celular.html,boatos,2014-02-21,['boato'],1,boato,falso,False,falso,False,
https://www.boatos.org/saude/boato-governo-brasileiro-obriga-medica-cubana-gravida-abortar.html,boatos,2014-02-13,['boato'],1,boato,falso,False,falso,False,
https://www.boatos.org/esporte/morre-michael-schumacher-noticia-falsa-se-espalha-em-redes-sociais.html,boatos,2014-02-05,['boato'],1,boato,falso,False,falso,False,
https://www.boatos.org/tecnologia/alerta-falso-raios-cosmicos-podem-fazer-aparelhos-explodirem-essa-madrugada.html,boatos,2015-05-29,['boato'],1,boato,falso,False,falso,False,
https://www.boatos.org/politica/declaracao-de-maria-do-rosario-sobre-morte-de-jaime-gold-e-falsa.html,boatos,2015-05-26,['boato'],1,boato,falso,False,falso,False,
https://www.boatos.org/saude/alerta-falso-vacina-contra-a-gripe-tem-nivel-de-mercurio-letal.html,boatos,2015-05-13,['boato'],1,boato,falso,False,falso,False,
https://www.boatos.org/tecnologia/carregador-de-celular-com-chip-rouba-dados-de-telefone-diz-boato.html,boatos,2015-05-03,['boato'],1,boato,falso,False,falso,False,
https://www.boatos.org/saude/nao-beba-fanta-uva-fanta-laranja-e-coca-cola-aponta-alerta-falso.html,boatos,2015-05-01,['boato'],1,boato,falso,False,falso,False,
https://www.boatos.org/saude/mamografia-gratis-hospital-mario-penna.html,boatos,2017-08-30,['boato'],1,boato,falso,False,falso,False,
https://www.boatos.org/saude/remedios-estao-fazendo-mal.html,boatos,2017-08-26,['boato'],1,boato,falso,False,falso,False,
https://www.boatos.org/saude/dipirona-s500-virus-marburg.html,boatos,2017-08-23,['boato'],1,boato,falso,False,falso,False,
https://www.boatos.org/tecnologia/orkut-voltou-desbloqueou-perfis.html,boatos,2017-08-18,['boato'],1,boato,falso,False,falso,False,
https://www.boatos.org/politica/ex-presidente-lula-residencia-assaltada.html,boatos,2017-08-15,['boato'],1,boato,falso,False,falso,False,
https://www.boatos.org/brasil/coca-81-vagas-nao-precisa-experiencia.html,boatos,2017-08-08,['boato'],1,boato,falso,False,falso,False,
https://www.boatos.org/brasil/papacapim-mensagem-compartilhada.html,boatos,2017-08-08,['boato'],1,boato,falso,False,falso,False,
https://www.boatos.org/saude/homem-morre-pum-namorada-boato.html,boatos,2017-08-06,['boato'],1,boato,falso,False,falso,False,
https://www.boatos.org/saude/nova-droga-dofe-usada-olhos.html,boatos,2017-08-05,['boato'],1,boato,falso,False,falso,False,
https://www.boatos.org/mundo/novas-medidas-venezuela-cuba.html,boatos,2017-08-05,['boato'],1,boato,falso,False,falso,False,
https://www.boatos.org/brasil/nataline-filha-cristine-doacao-whatsapp.html,boatos,2017-08-04,['boato'],1,boato,falso,False,falso,False,
https://www.boatos.org/tecnologia/ganhe-creditos-celular-metodo.html,boatos,2017-08-02,['boato'],1,boato,falso,False,falso,False,
https://www.boatos.org/saude/criancas-vacinas-mais-saudaveis.html,boatos,2017-08-02,['boato'],1,boato,falso,False,falso,False,
https://www.boatos.org/brasil/bandidos-de-quem-e-o-carro-assaltos.html,boatos,2017-08-01,['boato'],1,boato,falso,False,falso,False,
https://www.boatos.org/opiniao/o-melhor-do-boatos-org-em-2015-por-hellen-bizerra.html,boatos,2015-12-31,['boato'],1,boato,falso,False,falso,False,
https://www.boatos.org/saude/microcefalia-foi-causada-por-vacina-vencida-de-rubeola-diz-balela.html,boatos,2015-12-10,['boato'],1,boato,falso,False,falso,False,
https://www.boatos.org/saude/zika-virus-esta-atingindo-criancas-ate-sete-anos.html,boatos,2015-12-04,['boato'],1,boato,falso,False,falso,False,
https://www.boatos.org/saude/homem-toma-24-latas-de-red-bull-e-seu-coracao-incha-para-fora-do-peito-boato.html,boatos,2016-02-20,['boato'],1,boato,falso,False,falso,False,
https://www.boatos.org/entretenimento/7-boatos-de-morte-de-celebridades-so-este-ano.html,boatos,2016-02-18,['boato'],1,boato,falso,False,falso,False,
https://www.boatos.org/entretenimento/morre-claudia-rodrigues-aos-44-anos-no-rio-boato.html,boatos,2016-02-16,['boato'],1,boato,falso,False,falso,False,
https://www.boatos.org/saude/propolis-espanta-mosquito-da-zika-e-dengue-boato.html,boatos,2016-02-15,['boato'],1,boato,falso,False,falso,False,
https://www.boatos.org/saude/zika-e-uma-farsa-microcefalia-foi-causada-por-larvicida.html,boatos,2016-02-15,['boato'],1,boato,falso,False,falso,False,
https://www.boatos.org/religiao/bebe-nasceu-com-apenas-um-olho-e-anunciou-o-fim-do-mundo-boato.html,boatos,2016-02-12,['boato'],1,boato,falso,False,falso,False,
https://www.boatos.org/saude/losna-cura-cancer-em-16-horas-boato.html,boatos,2016-02-10,['boato'],1,boato,falso,False,falso,False,
https://www.boatos.org/saude/7-boatos-sobre-zika-dengue-microcefalia-e-aedes-aegypti.html,boatos,2016-02-10,['boato'],1,boato,falso,False,falso,False,
https://www.boatos.org/saude/zika-virus-foi-criado-para-controle-da-populacao-boato.html,boatos,2016-02-09,['boato'],1,boato,falso,False,falso,False,
https://www.boatos.org/entretenimento/morre-neuza-borges-atriz-aos-74-anos-no-rio-boato.html,boatos,2016-02-09,['boato'],1,boato,falso,False,falso,False,
https://www.boatos.org/saude/mosquito-transgenicos-causaram-zika-virus-boato.html,boatos,2016-02-08,['boato'],1,boato,falso,False,falso,False,
https://www.boatos.org/mundo/principe-africano-procura-brasileiras-para-casar-boato.html,boatos,2016-02-03,['boato'],1,boato,falso,False,falso,False,
https://www.boatos.org/entretenimento/claudia-rodrigues-diz-que-tem-medo-e-pede-oracoes.html,boatos,2016-02-03,['boato'],1,boato,falso,False,falso,False,
https://www.boatos.org/saude/causa-da-microcefalia-e-vacina-para-gestantes.html,boatos,2016-02-02,['boato'],1,boato,falso,False,falso,False,
https://www.boatos.org/mundo/noticia-de-que-microchip-sera-obrigatorio-para-todos-os-bebes-e-falsa.html,boatos,2014-01-26,['boato'],1,boato,falso,False,falso,False,
https://www.boatos.org/mundo/historia-viajante-tempo-andrew-carlssin-e-falsa.html,boatos,2014-01-20,['boato'],1,boato,falso,False,falso,False,
https://www.boatos.org/politica/noticia-falsa-senado-aprova-bolsa-prostituicao-de-r-2-mil-por-mes.html,boatos,2014-01-14,['boato'],1,boato,falso,False,falso,False,
https://www.boatos.org/tecnologia/link-de-acidente-em-montanha-russa-espalha-nos-eua-facebook.html,boatos,2014-01-08,['boato'],1,boato,falso,False,falso,False,
https://www.boatos.org/mundo/video-de-acidente-em-montanha-russa-de-parque-em-orlando-e-falso.html,boatos,2014-01-07,['boato'],1,boato,falso,False,falso,False,
https://www.boatos.org/tecnologia/boato-facebook-doara-5-centavos-compartilhamento-fotos-criancas-doentes.html,boatos,2013-09-19,['boato'],1,boato,falso,False,falso,False,
https://www.boatos.org/saude/perigo-hoax-mamografia-causar-cancer-tireoide.html,boatos,2013-09-11,['boato'],1,boato,falso,False,falso,False,
https://www.boatos.org/tecnologia/hoax-cnn-alerta-virus-atualizacao-windows-live.html,boatos,2013-09-09,['boato'],1,boato,falso,False,falso,False,
https://www.boatos.org/saude/hoax-batom-chumbo-causa-cancer.html,boatos,2013-09-03,['boato'],1,boato,falso,False,falso,False,
https://www.boatos.org/tecnologia/compartilhe-video-bebe-com-cancer-que-danca-doacao-whatsapp.html,boatos,2019-09-29,['boato'],1,boato,falso,False,falso,False,
https://www.boatos.org/saude/agua-quente-abacaxi-cura-cancer.html,boatos,2019-09-29,['boato'],1,boato,falso,False,falso,False,
https://www.boatos.org/esporte/rai-assume-que-e-gay-morar-zeca-camargo.html,boatos,2019-09-20,['boato'],1,boato,falso,False,falso,False,
https://www.boatos.org/politica/bolsonaro-ultrassom-destroi-celulas-cancerigenas-israel.html,boatos,2019-09-20,['boato'],1,boato,falso,False,falso,False,
https://www.boatos.org/brasil/menina-14-anos-padre-suicidio-petrolina-pe.html,boatos,2019-09-18,['boato'],1,boato,falso,False,falso,False,
https://www.boatos.org/brasil/bombeiros-defesa-civil-retirem-eletrodomesticos-tomadas-calor.html,boatos,2019-09-17,['boato'],1,boato,falso,False,falso,False,
https://www.boatos.org/politica/esquerda-centrao-mp-pensao-criancas-microcefalia.html,boatos,2019-09-16,['boato'],1,boato,falso,False,falso,False,
https://www.boatos.org/mundo/medico-brasileiro-eua-internacionalizacao-amazonia.html,boatos,2019-09-16,['boato'],1,boato,falso,False,falso,False,
https://www.boatos.org/entretenimento/datena-deseja-hospital-bolsonaro-pegue-fogo.html,boatos,2019-09-15,['boato'],1,boato,falso,False,falso,False,
https://www.boatos.org/tecnologia/virus-gambarelli-whatsapp-gold-ameacas-telefones.html,boatos,2019-09-14,['boato'],1,boato,falso,False,falso,False,
https://www.boatos.org/tecnologia/senai-vagas-de-emprego-whatsapp.html,boatos,2019-09-13,['boato'],1,boato,falso,False,falso,False,
https://www.boatos.org/politica/fazenda-grendene-comprada-lula-lulinha-90-milhoes.html,boatos,2019-09-13,['boato'],1,boato,falso,False,falso,False,
https://www.boatos.org/tecnologia/campanha-somos-todos-outubro-rosa-camisetas-gratis.html,boatos,2019-09-05,['boato'],1,boato,falso,False,falso,False,
https://www.boatos.org/mundo/trump-oracao-saude-bolsonaro-video.html,boatos,2019-09-02,['boato'],1,boato,falso,False,falso,False,
https://www.boatos.org/politica/ricardo-salles-envenenado-ecoterrorismo-teve-infarto.html,boatos,2019-08-29,['boato'],1,boato,falso,False,falso,False,
https://www.boatos.org/tecnologia/universidade-estacio-tratamento-odontologico-gratiswhatsapp.html,boatos,2019-08-28,['boato'],1,boato,falso,False,falso,False,
https://www.boatos.org/politica/prefeito-parauapebas-agredindo-mae.html,boatos,2019-08-27,['boato'],1,boato,falso,False,falso,False,
https://www.boatos.org/saude/dipirona-da-venezuela-esta-contaminada-com-virus-mortal-boato.html,boatos,2019-08-22,['boato'],1,boato,falso,False,falso,False,
https://www.boatos.org/saude/simla-mirch-verme-pimentao-ataca-humanos.html,boatos,2019-08-22,['boato'],1,boato,falso,False,falso,False,
https://www.boatos.org/politica/criador-movimento-ele-nao-condenado-por-estupro.html,boatos,2019-08-21,['boato'],1,boato,falso,False,falso,False,
https://www.boatos.org/brasil/defesa-civil-alerta-chuva-acida-queimadas.html,boatos,2019-08-20,['boato'],1,boato,falso,False,falso,False,
https://www.boatos.org/entretenimento/vencedor-the-voice-internacional-musica-brasileira.html,boatos,2019-08-19,['boato'],1,boato,falso,False,falso,False,
https://www.boatos.org/entretenimento/marrone-morreu-acidente-carro.html,boatos,2019-08-18,['boato'],1,boato,falso,False,falso,False,
https://www.boatos.org/brasil/menino-autista-perdido-shopping-riomar.html,boatos,2019-08-13,['boato'],1,boato,falso,False,falso,False,
https://www.boatos.org/politica/manuela-davila-land-rover-hacker-walter-delgatti.html,boatos,2019-08-13,['boato'],1,boato,falso,False,falso,False,
https://www.boatos.org/brasil/saidinha-dia-pais-agosto-perigo.html,boatos,2019-08-08,['boato'],1,boato,falso,False,falso,False,
https://www.boatos.org/politica/bolsonaro-medico-urologista-dedo-esquerdista.html,boatos,2019-08-08,['boato'],1,boato,falso,False,falso,False,
https://www.boatos.org/tecnologia/uninove-tratamento-odontologico-gratis-whatsapp.html,boatos,2019-08-07,['boato'],1,boato,falso,False,falso,False,
https://www.boatos.org/politica/toffoli-glenn-greenwald-david-miranda-flagrados-restaurante.html,boatos,2019-08-06,['boato'],1,boato,falso,False,falso,False,
https://www.boatos.org/saude/rio-campanha-vacinacao-poliomelite-sarampo-agosto.html,boatos,2019-08-06,['boato'],1,boato,falso,False,falso,False,
https://www.boatos.org/saude/doenca-pior-hiv-aids-japao.html,boatos,2019-08-02,['boato'],1,boato,falso,False,falso,False,
https://www.boatos.org/politica/policia-prende-oito-vereadores-rondonia-2019.html,boatos,2019-08-02,['boato'],1,boato,falso,False,falso,False,
https://www.boatos.org/politica/general-walter-braga-netto-fio-desencapado-audio.html,boatos,2019-08-01,['boato'],1,boato,falso,False,falso,False,
https://www.boatos.org/esporte/globo-previu-penalti-perdido-por-fred-em-jogo-fluminense-diz-boato.html,boatos,2014-08-20,['boato'],1,boato,falso,False,falso,False,
https://www.boatos.org/tecnologia/hoax-shell-alerta-para-o-risco-uso-de-celulares-em-postos-de-gasolina.html,boatos,2014-08-03,['boato'],1,boato,falso,False,falso,False,
https://www.boatos.org/saude/alemanha-nao-obedeceu-oms-descobriu-bacteria-coronavirus.html,boatos,2020-10-31,['boato'],1,boato,falso,False,falso,False,
https://www.boatos.org/saude/lentilha-cura-depressao-ansiedade-alimento-mais-tem-litio.html,boatos,2020-10-31,['boato'],1,boato,falso,False,falso,False,
https://www.boatos.org/politica/doria-nomeou-chineses-presidencia-diretoria-cpfl.html,boatos,2020-10-30,['boato'],1,boato,falso,False,falso,False,
https://www.boatos.org/saude/ken-frazier-merck-pressa-vacinar-liberar-carnaval-brasileiro.html,boatos,2020-10-30,['boato'],1,boato,falso,False,falso,False,
https://www.boatos.org/religiao/georg-ganswein-bento-xvi-muito-doente-nao-consegue-mais-andar.html,boatos,2020-10-29,['boato'],1,boato,falso,False,falso,False,
https://www.boatos.org/saude/data-fabricacao-vacina-chinesa-abril-2020-revela-plano-china.html,boatos,2020-10-29,['boato'],1,boato,falso,False,falso,False,
https://www.boatos.org/saude/estudo-aponta-nitazoxanida-cura-covid-19.html,boatos,2020-10-28,['boato'],1,boato,falso,False,falso,False,
https://www.boatos.org/politica/psol-pede-stf-banheiros-unissex-escolas-obrigatoriedade-ideologia-genero.html,boatos,2020-10-28,['boato'],1,boato,falso,False,falso,False,
https://www.boatos.org/saude/cidades-brasil-parar-depois-eleicoes-municipais.html,boatos,2020-10-28,['boato'],1,boato,falso,False,falso,False,
https://www.boatos.org/tecnologia/video-india-is-doing-it-hackeia-telefone.html,boatos,2020-10-27,['boato'],1,boato,falso,False,falso,False,
https://www.boatos.org/saude/medico-denuncia-brasileiros-serao-cobaias-vacina-chinesa.html,boatos,2020-10-25,['boato'],1,boato,falso,False,falso,False,
https://www.boatos.org/saude/sadai-doenca-atinge-pessoas-mais-50-anos.html,boatos,2020-10-24,['boato'],1,boato,falso,False,falso,False,
https://www.boatos.org/politica/bolsonaro-fez-pronunciamento-enigmatico-sobre-dias-dificeis-hoje.html,boatos,2020-10-24,['boato'],1,boato,falso,False,falso,False,
https://www.boatos.org/saude/voluntario-morreu-covid-vitima-vacina-oxford.html,boatos,2020-10-22,['boato'],1,boato,falso,False,falso,False,
https://www.boatos.org/saude/melhor-nao-tomar-vacina-altera-dna-causa-homossexualidade.html,boatos,2020-10-21,['boato'],1,boato,falso,False,falso,False,
https://www.boatos.org/saude/oms-condena-lockdown-contra-isolamento-combater-covid-19.html,boatos,2020-10-20,['boato'],1,boato,falso,False,falso,False,
https://www.boatos.org/saude/uso-de-mascaras-nao-e-mais-obrigatorio.html,boatos,2020-10-20,['boato'],1,boato,falso,False,falso,False,
https://www.boatos.org/politica/bruno-covas-comprou-38-mil-caixoes-por-causa-da-covid-19-e-tem-20-mil-empilhados.html,boatos,2020-10-19,['boato'],1,boato,falso,False,falso,False,
https://www.boatos.org/politica/pessoas-maiores-de-60-anos-votar-7h-e-10h-dia-15-11.html,boatos,2020-10-19,['boato'],1,boato,falso,False,falso,False,
https://www.boatos.org/saude/nocturia-xixi-noite-problemas-coracao.html,boatos,2020-10-18,['boato'],1,boato,falso,False,falso,False,
https://www.boatos.org/saude/broca-do-morango-bicho-causa-doencas-hepatite.html,boatos,2020-10-16,['boato'],1,boato,falso,False,falso,False,
https://www.boatos.org/saude/china-usar-vacina-oxford-em-vez-da-chinesa-toda-populacao.html,boatos,2020-10-15,['boato'],1,boato,falso,False,falso,False,
https://www.boatos.org/saude/mascara-inutil-nociva-globo-mudou-ideia-pediu-pessoas-nao-usarem.html,boatos,2020-10-15,['boato'],1,boato,falso,False,falso,False,
https://www.boatos.org/religiao/pix-marca-da-besta-e-nova-ordem-mundial.html,boatos,2020-10-13,['boato'],1,boato,falso,False,falso,False,
https://www.boatos.org/saude/milhares-cientistas-medicos-provam-covid-19-fraude.html,boatos,2020-10-13,['boato'],1,boato,falso,False,falso,False,
https://www.boatos.org/mundo/caca-mig-25-azerbaijao-defesa-antiaerea-armenia-video.html,boatos,2020-10-11,['boato'],1,boato,falso,False,falso,False,
https://www.boatos.org/saude/universidade-yale-estudo-ontem-hidroxicloroquina-nivel-de-evidencia-1-tratamento-covid-19.html,boatos,2020-10-10,['boato'],1,boato,falso,False,falso,False,
https://www.boatos.org/ciencia/foto-lagarta-venenosa-leva-morte-minutos.html,boatos,2020-10-09,['boato'],1,boato,falso,False,falso,False,
https://www.boatos.org/tecnologia/outubro-rosa-o-boticario-kit-lily-gratis-mulheres.html,boatos,2020-10-08,['boato'],1,boato,falso,False,falso,False,
https://www.boatos.org/tecnologia/rihappy-presentes-dia-das-criancas-covid-19-site-whatsapp.html,boatos,2020-10-07,['boato'],1,boato,falso,False,falso,False,
https://www.boatos.org/tecnologia/advogada-olga-nikolaevna-golpe-mensagens-bom-dia-numeros-clonam.html,boatos,2020-10-07,['boato'],1,boato,falso,False,falso,False,
https://www.boatos.org/saude/onda-de-calor-no-brasil-combate-a-covid-19-altas-temperaturas.html,boatos,2020-10-06,['boato'],1,boato,falso,False,falso,False,
https://www.boatos.org/saude/graviola-cura-cancer-10-mil-vezes-mais-forte-quimioterapia.html,boatos,2020-10-05,['boato'],1,boato,falso,False,falso,False,
https://www.boatos.org/saude/laboratorios-vacinas-contra-covid-19-isencao-responsabilidade-civil.html,boatos,2020-10-02,['boato'],1,boato,falso,False,falso,False,
https://www.boatos.org/tecnologia/programa-renda-brasil-credito-credito-r-50-mil-lancado-site-whatsapp.html,boatos,2020-10-02,['boato'],1,boato,falso,False,falso,False,
https://www.boatos.org/brasil/celso-mello-antecipou-aposentadoria-invalidez-stf-nao-pagar-imposto.html,boatos,2020-10-02,['boato'],1,boato,falso,False,falso,False,
https://www.boatos.org/ciencia/escorpioes-cresceram-reproduzieram-dentro-berinjela-video.html,boatos,2020-10-01,['boato'],1,boato,falso,False,falso,False,
https://www.boatos.org/saude/limao-congeladocura-cancer-hoax.html,boatos,2013-07-23,['boato'],1,boato,falso,False,falso,False,
https://www.boatos.org/saude/fanta-uva-da-cancer-e-problema-nos-rins.html,boatos,2013-07-22,['boato'],1,boato,falso,False,falso,False,
https://www.boatos.org/politica/lula-esta-internado-com-cancer.html,boatos,2013-07-15,['boato'],1,boato,falso,False,falso,False,
https://www.boatos.org/tecnologia/facebook-pago-em-12-hora.html,boatos,2013-07-12,['boato'],1,boato,falso,False,falso,False,
https://www.boatos.org/tecnologia/novo-hoax-do-facebook-fala-de-domingo-fantastico-ocp-e-fritzburg-weisefuder.html,boatos,2013-07-08,['boato'],1,boato,falso,False,falso,False,
https://www.boatos.org/politica/general-heleno-terra-plana.html,boatos,2019-05-31,['boato'],1,boato,falso,False,falso,False,
https://www.boatos.org/brasil/escola-autismo-sao-goncalo-vazia.html,boatos,2019-05-28,['boato'],1,boato,falso,False,falso,False,
https://www.boatos.org/brasil/vestibular-faetec-baixa-adesao.html,boatos,2019-05-27,['boato'],1,boato,falso,False,falso,False,
https://www.boatos.org/saude/angelus-domini-cura-tumores.html,boatos,2019-05-25,['boato'],1,boato,falso,False,falso,False,
https://www.boatos.org/saude/fotos-pessoas-virus-mayaro.html,boatos,2019-05-24,['boato'],1,boato,falso,False,falso,False,
https://www.boatos.org/brasil/jovem-choque-celular-carregando-video.html,boatos,2019-05-16,['boato'],1,boato,falso,False,falso,False,
https://www.boatos.org/tecnologia/vagas-emprego-unimed-whatsapp.html,boatos,2019-05-15,['boato'],1,boato,falso,False,falso,False,
https://www.boatos.org/saude/vacina-h1n1-destroi-imunidade-cancer.html,boatos,2019-05-13,['boato'],1,boato,falso,False,falso,False,
https://www.boatos.org/saude/japao-proibiu-microondas-pais.html,boatos,2019-05-10,['boato'],1,boato,falso,False,falso,False,
https://www.boatos.org/brasil/aluno-unb-anus-protesto.html,boatos,2019-05-09,['boato'],1,boato,falso,False,falso,False,
https://www.boatos.org/saude/dra-juliana-miguita-audio-cebola-veneno.html,boatos,2019-05-06,['boato'],1,boato,falso,False,falso,False,
https://www.boatos.org/entretenimento/pai-gibis-espancado-taxistas-uber.html,boatos,2019-05-05,['boato'],1,boato,falso,False,falso,False,
https://www.boatos.org/saude/vacinas-reduzem-populacao-virus-cancer.html,boatos,2019-05-04,['boato'],1,boato,falso,False,falso,False,
https://www.boatos.org/politica/damares-alves-pede-demissao.html,boatos,2019-05-03,['boato'],1,boato,falso,False,falso,False,
https://www.boatos.org/politica/video-curso-professores-df-bolsonaro.html,boatos,2019-05-02,['boato'],1,boato,falso,False,falso,False,
https://www.boatos.org/brasil/cachorro-salva-bebe-que-mae-jogou-apos-nascimento-diz-historia-falsa.html,boatos,2015-10-31,['boato'],1,boato,falso,False,falso,False,
https://www.boatos.org/saude/pilula-turbina-o-cerebro-e-aumenta-o-qi-em-47-diz-propaganda-enganosa.html,boatos,2015-10-30,['boato'],1,boato,falso,False,falso,False,
https://www.boatos.org/saude/hospital-estadual-da-crianca-faz-cirurgia-reparadora-gratis-diz-boato.html,boatos,2015-10-23,['boato'],1,boato,falso,False,falso,False,
https://www.boatos.org/saude/lave-roupas-intimas-novas-para-o-seu-seio-nao-ser-destruido-diz-alerta-falso.html,boatos,2015-10-16,['boato'],1,boato,falso,False,falso,False,
https://www.boatos.org/tecnologia/video-mariana-briga-com-vizinha-por-caneca-e-virus-diz-aviso-falso.html,boatos,2015-10-08,['boato'],1,boato,falso,False,falso,False,
https://www.boatos.org/saude/vacina-contra-cancer-pele-rins.html,boatos,2015-10-05,['boato'],1,boato,falso,False,falso,False,
https://www.boatos.org/esporte/schumacher-esta-com-44-kg-e-abandonado-e-perde-fortuna-sera-mesmo.html,boatos,2015-10-01,['boato'],1,boato,falso,False,falso,False,
https://www.boatos.org/religiao/papa-diz-que-jesus-fracassou-na-cruz-diz-informacao-errada.html,boatos,2015-10-01,['boato'],1,boato,falso,False,falso,False,
https://www.boatos.org/politica/joesley-batista-envenenado-laudo.html,boatos,2017-06-29,['boato'],1,boato,falso,False,falso,False,
https://www.boatos.org/politica/joesley-batista-estado-grave.html,boatos,2017-06-28,['boato'],1,boato,falso,False,falso,False,
https://www.boatos.org/mundo/merkel-professores-maiores-salarios.html,boatos,2017-06-28,['boato'],1,boato,falso,False,falso,False,
https://www.boatos.org/tecnologia/video-dance-of-the-pope-virus.html,boatos,2017-06-23,['boato'],1,boato,falso,False,falso,False,
https://www.boatos.org/tecnologia/pedidos-crhisopher-davies-jessica-davies.html,boatos,2017-06-23,['boato'],1,boato,falso,False,falso,False,
https://www.boatos.org/tecnologia/whatsapp-3-anos-creditos-celular.html,boatos,2017-06-22,['boato'],1,boato,falso,False,falso,False,
https://www.boatos.org/saude/perigoso-cortar-cebola-comer.html,boatos,2017-06-21,['boato'],1,boato,falso,False,falso,False,
https://www.boatos.org/saude/agua-gelada-faz-mal.html,boatos,2017-06-21,['boato'],1,boato,falso,False,falso,False,
https://www.boatos.org/tecnologia/mcdonalds-cupom-70-promocao.html,boatos,2017-06-14,['boato'],1,boato,falso,False,falso,False,
https://www.boatos.org/entretenimento/gugu-casa-jovem-tatuado.html,boatos,2017-06-14,['boato'],1,boato,falso,False,falso,False,
https://www.boatos.org/brasil/onu-13-navios-18-mi-muculmanos.html,boatos,2017-06-13,['boato'],1,boato,falso,False,falso,False,
https://www.boatos.org/brasil/7-boatos-nasceram-na-imprensa-parte-2.html,boatos,2017-06-10,['boato'],1,boato,falso,False,falso,False,
https://www.boatos.org/brasil/engenheiros-medicos-policiais-taxistas.html,boatos,2017-06-09,['boato'],1,boato,falso,False,falso,False,
https://www.boatos.org/mundo/unica-rosa-verde-fatima.html,boatos,2017-06-08,['boato'],1,boato,falso,False,falso,False,
https://www.boatos.org/tecnologia/telefone-ninja-um-virus-dados.html,boatos,2017-06-06,['boato'],1,boato,falso,False,falso,False,
https://www.boatos.org/politica/lula-levado-sirio-libanes-morte.html,boatos,2017-06-06,['boato'],1,boato,falso,False,falso,False,
https://www.boatos.org/brasil/roger-abdelmassih-libano-foragido.html,boatos,2017-06-06,['boato'],1,boato,falso,False,falso,False,
https://www.boatos.org/tecnologia/consegui-acesso-senha-wi-fi.html,boatos,2017-06-05,['boato'],1,boato,falso,False,falso,False,
https://www.boatos.org/brasil/7-boatos-informacoes-erradas-imprensa.html,boatos,2017-06-03,['boato'],1,boato,falso,False,falso,False,
https://www.boatos.org/mundo/orgia-idosos-sete-mortos.html,boatos,2017-10-28,['boato'],1,boato,falso,False,falso,False,
https://www.boatos.org/religiao/rosto-jesus-nuvens-dianopolis.html,boatos,2017-10-28,['boato'],1,boato,falso,False,falso,False,
https://www.boatos.org/politica/veiculos-luxo-lava-jato.html,boatos,2017-10-26,['boato'],1,boato,falso,False,falso,False,
https://www.boatos.org/brasil/carro-explode-posto-celular.html,boatos,2017-10-24,['boato'],1,boato,falso,False,falso,False,
https://www.boatos.org/entretenimento/ana-maria-braga-cancer-afastada-chora.html,boatos,2017-10-23,['boato'],1,boato,falso,False,falso,False,
https://www.boatos.org/brasil/camera-infravermelho-multar-curitiba.html,boatos,2017-10-20,['boato'],1,boato,falso,False,falso,False,
https://www.boatos.org/tecnologia/hackers-chineses-gif-virus.html,boatos,2017-10-19,['boato'],1,boato,falso,False,falso,False,
https://www.boatos.org/saude/sutia-risco-cancer-mama.html,boatos,2017-10-17,['boato'],1,boato,falso,False,falso,False,
https://www.boatos.org/saude/coca-cola-contaminada-hiv-aids.html,boatos,2017-10-17,['boato'],1,boato,falso,False,falso,False,
https://www.boatos.org/brasil/augusto-cury-texto-janauba.html,boatos,2017-10-12,['boato'],1,boato,falso,False,falso,False,
https://www.boatos.org/brasil/morrem-descarga-eletrica-celular.html,boatos,2017-10-11,['boato'],1,boato,falso,False,falso,False,
https://www.boatos.org/saude/agua-plastico-cancer-mama.html,boatos,2017-10-10,['boato'],1,boato,falso,False,falso,False,
https://www.boatos.org/politica/temer-revoga-decreto-advogado-doutor.html,boatos,2017-10-09,['boato'],1,boato,falso,False,falso,False,
https://www.boatos.org/saude/clinica-bueno-mamografia-outubro.html,boatos,2017-10-05,['boato'],1,boato,falso,False,falso,False,
https://www.boatos.org/saude/mario-kroeff-mamografia-graca.html,boatos,2017-10-04,['boato'],1,boato,falso,False,falso,False,
https://www.boatos.org/brasil/quem-trabalhou-1998-2017-lista.html,boatos,2017-10-04,['boato'],1,boato,falso,False,falso,False,
https://www.boatos.org/politica/marisa-leticia-morte-cerebral.html,boatos,2017-01-29,['boato'],1,boato,falso,False,falso,False,
https://www.boatos.org/tecnologia/uber-hackeado-assaltarem-mulheres.html,boatos,2017-01-28,['boato'],1,boato,falso,False,falso,False,
https://www.boatos.org/religiao/papa-morte-marisa-missa.html,boatos,2017-01-27,['boato'],1,boato,falso,False,falso,False,
https://www.boatos.org/brasil/ginecologista-nega-atender-travesti.html,boatos,2017-01-25,['boato'],1,boato,falso,False,falso,False,
https://www.boatos.org/brasil/imagem-maira-panas-garota-programa.html,boatos,2017-01-24,['boato'],1,boato,falso,False,falso,False,
https://www.boatos.org/saude/hospital-homem-pode-fechar.html,boatos,2017-01-19,['boato'],1,boato,falso,False,falso,False,
https://www.boatos.org/brasil/samu-aa-emergencia-agenda.html,boatos,2017-01-17,['boato'],1,boato,falso,False,falso,False,
https://www.boatos.org/brasil/tubarao-flagrado-na-praia-da-barra.html,boatos,2017-01-16,['boato'],1,boato,falso,False,falso,False,
https://www.boatos.org/religiao/pastora-quebrou-santa-parada-cardiaca.html,boatos,2017-01-15,['boato'],1,boato,falso,False,falso,False,
https://www.boatos.org/saude/nutella-causa-cancer-retirada.html,boatos,2017-01-15,['boato'],1,boato,falso,False,falso,False,
https://www.boatos.org/tecnologia/7-golpes-novas-funcionalidades-whatsapp.html,boatos,2017-01-14,['boato'],1,boato,falso,False,falso,False,
https://www.boatos.org/tecnologia/justica-bloqueio-whatsapp-2017.html,boatos,2017-01-10,['boato'],1,boato,falso,False,falso,False,
https://www.boatos.org/mundo/foto-crianca-mais-negra-circula-boato.html,boatos,2017-01-10,['boato'],1,boato,falso,False,falso,False,
https://www.boatos.org/brasil/filho-bonner-fatima-bebado-carteira.html,boatos,2017-01-09,['boato'],1,boato,falso,False,falso,False,
https://www.boatos.org/brasil/numero-clona-celulares.html,boatos,2017-01-05,['boato'],1,boato,falso,False,falso,False,
https://www.boatos.org/tecnologia/pacote-internet-3g-whatsapp.html,boatos,2017-01-05,['boato'],1,boato,falso,False,falso,False,
https://www.boatos.org/politica/familia-obama-serve-funcionarios.html,boatos,2017-01-04,['boato'],1,boato,falso,False,falso,False,
https://www.boatos.org/brasil/pitbull-ataca-ladrao-sacrificado.html,boatos,2017-01-03,['boato'],1,boato,falso,False,falso,False,
https://www.boatos.org/ciencia/mentira-medicos-egipcios-descobrem-a-cura-para-a-aids.html,boatos,2015-02-27,['boato'],1,boato,falso,False,falso,False,
https://www.boatos.org/politica/presidentes-militares-do-brasil-morreram-pobre-diz-boato.html,boatos,2015-02-24,['boato'],1,boato,falso,False,falso,False,
https://www.boatos.org/brasil/sequestradora-de-criancas-tira-foto-com-duas-armas-aponta-alerta-falso.html,boatos,2015-02-05,['boato'],1,boato,falso,False,falso,False,
https://www.boatos.org/politica/lula-faz-tratamento-com-medium-para-se-curar-de-cancer-diz-boato.html,boatos,2015-02-01,['boato'],1,boato,falso,False,falso,False,
https://www.boatos.org/politica/confisco-poupanca-esquerda-eleicoes.html,boatos,2018-09-26,['boato'],1,boato,falso,False,falso,False,
https://www.boatos.org/politica/lula-video-cadeia-votos-bolsonaro.html,boatos,2018-09-23,['boato'],1,boato,falso,False,falso,False,
https://www.boatos.org/politica/enfermeira-gravou-bolsonaro-demitida.html,boatos,2018-09-22,['boato'],1,boato,falso,False,falso,False,
https://www.boatos.org/politica/fernando-haddad-brinquedo-mao.html,boatos,2018-09-20,['boato'],1,boato,falso,False,falso,False,
https://www.boatos.org/entretenimento/fatima-bernardes-casa-bolsonaro.html,boatos,2018-09-20,['boato'],1,boato,falso,False,falso,False,
https://www.boatos.org/politica/audio-bolsonaro-enfermeira-teatro.html,boatos,2018-09-19,['boato'],1,boato,falso,False,falso,False,
https://www.boatos.org/entretenimento/fernanda-montenegro-mulher-bolsonaro.html,boatos,2018-09-17,['boato'],1,boato,falso,False,falso,False,
https://www.boatos.org/entretenimento/william-bonner-homem-morreu-teve-alta.html,boatos,2018-09-15,['boato'],1,boato,falso,False,falso,False,
https://www.boatos.org/religiao/padre-marcelo-rossi-bolsonaro.html,boatos,2018-09-14,['boato'],1,boato,falso,False,falso,False,
https://www.boatos.org/politica/albert-einstein-morte-jair-bolsonaro.html,boatos,2018-09-14,['boato'],1,boato,falso,False,falso,False,
https://www.boatos.org/politica/militante-bolsonaro-recebeu-350-mil.html,boatos,2018-09-07,['boato'],1,boato,falso,False,falso,False,
https://www.boatos.org/politica/bolsonaro-entrou-andando-pe-hospital.html,boatos,2018-09-07,['boato'],1,boato,falso,False,falso,False,
https://www.boatos.org/politica/atentado-bolsonaro-forjado-sangue.html,boatos,2018-09-06,['boato'],1,boato,falso,False,falso,False,
https://www.boatos.org/saude/macarrao-instantaneo-e-revestido-de-cera-e-da-cancer-diz-hoax.html,boatos,2015-08-28,['boato'],1,boato,falso,False,falso,False,
https://www.boatos.org/politica/programa-mais-medicos-atende-uma-pessoa-a-cada-9-segundos-diz-informacao-errada.html,boatos,2015-08-26,['boato'],1,boato,falso,False,falso,False,
https://www.boatos.org/saude/hoax-beber-agua-em-garrafa-plastica-faz-mal-e-da-cancer.html,boatos,2015-08-19,['boato'],1,boato,falso,False,falso,False,
https://www.boatos.org/politica/7-boatos-sobre-dilma-rousseff-que-circularam-na-web-em-2015.html,boatos,2015-08-07,['boato'],1,boato,falso,False,falso,False,
https://www.boatos.org/brasil/desligue-celular-golpe-falso-sequestro.html,boatos,2016-07-28,['boato'],1,boato,falso,False,falso,False,
https://www.boatos.org/esporte/atentado-belo-horizonte-olimpiadas.html,boatos,2016-07-28,['boato'],1,boato,falso,False,falso,False,
https://www.boatos.org/entretenimento/antonio-fagundes-vitima-assalto-boato.html,boatos,2016-07-14,['boato'],1,boato,falso,False,falso,False,
https://www.boatos.org/entretenimento/edson-celulari-morre-cancer.html,boatos,2016-07-14,['boato'],1,boato,falso,False,falso,False,
https://www.boatos.org/brasil/stf-derruba-lei-farol-aceso-boato.html,boatos,2016-07-14,['boato'],1,boato,falso,False,falso,False,
https://www.boatos.org/saude/video-pedra-nos-rins-refrigerante-boato.html,boatos,2016-07-12,['boato'],1,boato,falso,False,falso,False,
https://www.boatos.org/ciencia/cientista-criou-aids-despovoar-boato.html,boatos,2016-07-11,['boato'],1,boato,falso,False,falso,False,
https://www.boatos.org/politica/sergio-moro-treinado-eua.html,boatos,2016-07-08,['boato'],1,boato,falso,False,falso,False,
https://www.boatos.org/esporte/belgica-desiste-disputar-olimpiadas.html,boatos,2016-07-06,['boato'],1,boato,falso,False,falso,False,
https://www.boatos.org/tecnologia/facebook-cobrar-neste-verao.html,boatos,2016-07-06,['boato'],1,boato,falso,False,falso,False,
https://www.boatos.org/brasil/cobra-gigante-e-encontrada-no-para-diz-lorota.html,boatos,2015-06-25,['boato'],1,boato,falso,False,falso,False,
https://www.boatos.org/saude/informacao-errada-fumar-narguile-faz-mais-mal-que-o-cigarro.html,boatos,2015-06-24,['boato'],1,boato,falso,False,falso,False,
https://www.boatos.org/saude/doacao-sangue-ab-elisa.html,boatos,2015-06-19,['boato'],1,boato,falso,False,falso,False,
https://www.boatos.org/entretenimento/morre-renato-aragao-diz-boato.html,boatos,2015-06-17,['boato'],1,boato,falso,False,falso,False,
https://www.boatos.org/entretenimento/jo-soares-morreu-boato-da-morte-de-jo-se-espalha-na-web.html,boatos,2015-06-15,['boato'],1,boato,falso,False,falso,False,
https://www.boatos.org/brasil/para-evitar-assaltos-oab-quer-proibir-uso-de-bicicletas-diz-hoax.html,boatos,2015-06-05,['boato'],1,boato,falso,False,falso,False,
https://www.boatos.org/ciencia/nasa-encontra-planeta-coberto-de-maconha-afirma-boato.html,boatos,2015-06-03,['boato'],1,boato,falso,False,falso,False,
https://www.boatos.org/politica/deputada-cria-projeto-a-favor-de-casamento-entre-pessoas-e-animais-diz-hoax.html,boatos,2015-06-02,['boato'],1,boato,falso,False,falso,False,
https://www.boatos.org/entretenimento/mc-gui-banido-disney-encerra-carreira-tenta-suicidio-perde-todos-patrocinadores.html,boatos,2019-10-27,['boato'],1,boato,falso,False,falso,False,
https://www.boatos.org/tecnologia/carro-explode-criancas-estavam-brincando-celular.html,boatos,2019-10-27,['boato'],1,boato,falso,False,falso,False,
https://www.boatos.org/mundo/manifestantes-esquerda-fogo-banco-sangue-hospital-chile.html,boatos,2019-10-26,['boato'],1,boato,falso,False,falso,False,
https://www.boatos.org/entretenimento/marilia-mendonca-pagar-tratamento-july-cancer-mc-gui.html,boatos,2019-10-23,['boato'],1,boato,falso,False,falso,False,
https://www.boatos.org/saude/cha-folhas-de-louro-cura-cancer.html,boatos,2019-10-21,['boato'],1,boato,falso,False,falso,False,
https://www.boatos.org/saude/cerveja-ambev-causa-cancer-de-prostata-conservantes.html,boatos,2019-10-16,['boato'],1,boato,falso,False,falso,False,
https://www.boatos.org/politica/vice-diretora-pt-porto-alegre-mara-jaqueline-roubando-celular.html,boatos,2019-10-16,['boato'],1,boato,falso,False,falso,False,
https://www.boatos.org/politica/bolsonaro-paciente-cancer-custa-caro-folha.html,boatos,2019-10-15,['boato'],1,boato,falso,False,falso,False,
https://www.boatos.org/politica/lindbergh-farias-flagrado-comprando-drogas-morro-vidigal-rio.html,boatos,2019-10-14,['boato'],1,boato,falso,False,falso,False,
https://www.boatos.org/brasil/empresario-ganhou-milhoes-no-cassino-boato.html,boatos,2019-10-14,['boato'],1,boato,falso,False,falso,False,
https://www.boatos.org/entretenimento/drummond-de-andrade-texto-elogiando-ditadura.html,boatos,2019-10-06,['boato'],1,boato,falso,False,falso,False,
https://www.boatos.org/saude/aparelho-medir-glicose-coca-cola-altos-niveis-acucar.html,boatos,2019-10-04,['boato'],1,boato,falso,False,falso,False,
https://www.boatos.org/saude/quebre-comprimido-antes-tomar-causar-morte.html,boatos,2019-10-01,['boato'],1,boato,falso,False,falso,False,
https://www.boatos.org/tecnologia/whatsapp-recarga-gratuita-9o-aniversario.html,boatos,2018-06-30,['boato'],1,boato,falso,False,falso,False,
https://www.boatos.org/saude/lingua-prevenir-alzheimer-asma.html,boatos,2018-06-29,['boato'],1,boato,falso,False,falso,False,
https://www.boatos.org/saude/pontos-pretos-batatas-cancerigenas.html,boatos,2018-06-29,['boato'],1,boato,falso,False,falso,False,
https://www.boatos.org/tecnologia/bebe-dois-penis-r-1-whatsapp.html,boatos,2018-06-28,['boato'],1,boato,falso,False,falso,False,
https://www.boatos.org/esporte/torcedora-argentina-policia-russa-moscou.html,boatos,2018-06-27,['boato'],1,boato,falso,False,falso,False,
https://www.boatos.org/mundo/princesa-qajar-qajair-beleza.html,boatos,2018-06-27,['boato'],1,boato,falso,False,falso,False,
https://www.boatos.org/tecnologia/whatsapp-gold-video-martinelli-virus.html,boatos,2018-06-25,['boato'],1,boato,falso,False,falso,False,
https://www.boatos.org/tecnologia/novo-boeing-797-video.html,boatos,2018-06-24,['boato'],1,boato,falso,False,falso,False,
https://www.boatos.org/esporte/cristiano-ronaldo-hospital-neymar-sonegou.html,boatos,2018-06-20,['boato'],1,boato,falso,False,falso,False,
https://www.boatos.org/mundo/ovos-plastico-china-boato.html,boatos,2018-06-20,['boato'],1,boato,falso,False,falso,False,
https://www.boatos.org/saude/cuidado-cebolas-absorvem-bacterias.html,boatos,2018-06-18,['boato'],1,boato,falso,False,falso,False,
https://www.boatos.org/tecnologia/celular-explodiu-bolso-calca.html,boatos,2018-06-16,['boato'],1,boato,falso,False,falso,False,
https://www.boatos.org/tecnologia/celular-fogo-bolso-shopping-video.html,boatos,2018-06-14,['boato'],1,boato,falso,False,falso,False,
https://www.boatos.org/mundo/bachelet-patrimonio-moto-apartamento.html,boatos,2018-06-10,['boato'],1,boato,falso,False,falso,False,
https://www.boatos.org/brasil/funcionario-flagrado-roubando-bagagens.html,boatos,2018-06-09,['boato'],1,boato,falso,False,falso,False,
https://www.boatos.org/brasil/garota-virgem-engravida-vacina.html,boatos,2018-06-09,['boato'],1,boato,falso,False,falso,False,
https://www.boatos.org/politica/ciro-gomes-salario-medicos.html,boatos,2018-06-06,['boato'],1,boato,falso,False,falso,False,
https://www.boatos.org/entretenimento/leilane-neubarth-gemidao-zap.html,boatos,2018-06-05,['boato'],1,boato,falso,False,falso,False,
https://www.boatos.org/religiao/desafio-princesas-cancer-ritual-bruxas.html,boatos,2018-06-02,['boato'],1,boato,falso,False,falso,False,
https://www.boatos.org/lista/textos-mais-lidos-de-2018.html,boatos,2018-12-30,['boato'],1,boato,falso,False,falso,False,
https://www.boatos.org/saude/melancia-rachada-veneno-chines.html,boatos,2018-12-28,['boato'],1,boato,falso,False,falso,False,
https://www.boatos.org/tecnologia/brasil-sorridente-inscricoes-whatsapp.html,boatos,2018-12-27,['boato'],1,boato,falso,False,falso,False,
https://www.boatos.org/tecnologia/retrospectiva-2018-whatsapp.html,boatos,2018-12-20,['boato'],1,boato,falso,False,falso,False,
https://www.boatos.org/politica/200-medicos-cubanos-policiais-cubanos.html,boatos,2018-12-16,['boato'],1,boato,falso,False,falso,False,
https://www.boatos.org/saude/medica-usuaria-crack-vivendo-ruas.html,boatos,2018-12-11,['boato'],1,boato,falso,False,falso,False,
https://www.boatos.org/mundo/japao-fogos-artificio-design.html,boatos,2018-12-10,['boato'],1,boato,falso,False,falso,False,
https://www.boatos.org/saude/olimpia-sp-surto-meningite.html,boatos,2018-12-09,['boato'],1,boato,falso,False,falso,False,
https://www.boatos.org/mundo/bebe-australia-maior-bebe-mundo.html,boatos,2018-12-09,['boato'],1,boato,falso,False,falso,False,
https://www.boatos.org/politica/trump-investir-1-trilhao-brasil.html,boatos,2018-12-08,['boato'],1,boato,falso,False,falso,False,
https://www.boatos.org/brasil/crianca-em-cascavel-procura-familia.html,boatos,2018-12-08,['boato'],1,boato,falso,False,falso,False,
https://www.boatos.org/brasil/aposentado-preso-roubar-remedio.html,boatos,2018-12-06,['boato'],1,boato,falso,False,falso,False,
https://www.boatos.org/brasil/seguranca-cachorro-carrefour-espancado.html,boatos,2018-12-06,['boato'],1,boato,falso,False,falso,False,
https://www.boatos.org/saude/marinella-della-negro-cebolas.html,boatos,2018-12-05,['boato'],1,boato,falso,False,falso,False,
https://www.boatos.org/religiao/homem-andando-nas-nuvens-itaparica.html,boatos,2018-12-04,['boato'],1,boato,falso,False,falso,False,
https://www.boatos.org/politica/curso-obrigatorio-professores-bolsonaro.html,boatos,2018-12-02,['boato'],1,boato,falso,False,falso,False,
https://www.boatos.org/saude/oleo-soja-feito-soda-caustica.html,boatos,2018-12-01,['boato'],1,boato,falso,False,falso,False,
https://www.boatos.org/politica/paulo-guedes-carnaval-parada-gay-marchas.html,boatos,2018-12-01,['boato'],1,boato,falso,False,falso,False,
https://www.boatos.org/esporte/lutadora-morre-adversaria-trans.html,boatos,2018-01-30,['boato'],1,boato,falso,False,falso,False,
https://www.boatos.org/saude/7-boatos-febre-amarela.html,boatos,2018-01-30,['boato'],1,boato,falso,False,falso,False,
https://www.boatos.org/tecnologia/unimed-planos-saude-gratis.html,boatos,2018-01-29,['boato'],1,boato,falso,False,falso,False,
https://www.boatos.org/saude/vacina-febre-amarela-figado-sorocaba.html,boatos,2018-01-28,['boato'],1,boato,falso,False,falso,False,
https://www.boatos.org/politica/marise-valeria-lula-carta.html,boatos,2018-01-27,['boato'],1,boato,falso,False,falso,False,
https://www.boatos.org/saude/medica-butantan-vacina-febre.html,boatos,2018-01-25,['boato'],1,boato,falso,False,falso,False,
https://www.boatos.org/politica/policia-federal-baus-porto-santos.html,boatos,2018-01-21,['boato'],1,boato,falso,False,falso,False,
https://www.boatos.org/saude/febre-amarela-farsa-governo.html,boatos,2018-01-21,['boato'],1,boato,falso,False,falso,False,
https://www.boatos.org/saude/propolis-mosquito-febre-amarela.html,boatos,2018-01-21,['boato'],1,boato,falso,False,falso,False,
https://www.boatos.org/saude/enfermeira-vacina-febre-amarela-farsa.html,boatos,2018-01-20,['boato'],1,boato,falso,False,falso,False,
https://www.boatos.org/saude/enfermeira-febre-amarela-sao-paulo.html,boatos,2018-01-19,['boato'],1,boato,falso,False,falso,False,
https://www.boatos.org/saude/nao-beba-skol-contaminada.html,boatos,2018-01-17,['boato'],1,boato,falso,False,falso,False,
https://www.boatos.org/mundo/policia-bolivia-invade-catedral.html,boatos,2018-01-17,['boato'],1,boato,falso,False,falso,False,
https://www.boatos.org/entretenimento/video-intimo-anitta-vaza.html,boatos,2018-01-14,['boato'],1,boato,falso,False,falso,False,
https://www.boatos.org/tecnologia/bebe-cancer-compartilhar-um-real.html,boatos,2018-01-12,['boato'],1,boato,falso,False,falso,False,
https://www.boatos.org/tecnologia/novo-whatsapp-plus-celular-84-91316949.html,boatos,2018-01-09,['boato'],1,boato,falso,False,falso,False,
https://www.boatos.org/saude/coca-cola-abacaxi-veneno.html,boatos,2018-01-08,['boato'],1,boato,falso,False,falso,False,
https://www.boatos.org/tecnologia/mark-zuckerberg-criancas-compartilhamentos.html,boatos,2018-01-06,['boato'],1,boato,falso,False,falso,False,
https://www.boatos.org/tecnologia/americanas-vagas-compartilhar-whatsapp.html,boatos,2018-01-04,['boato'],1,boato,falso,False,falso,False,
https://www.boatos.org/mundo/jardim-tibet-himalaia-floresce-cada-400-anos-traz-sorte.html,boatos,2019-12-30,['boato'],1,boato,falso,False,falso,False,
https://www.boatos.org/entretenimento/jose-abreu-ilhas-maldivas-dinheiro-vaquinha.html,boatos,2019-12-30,['boato'],1,boato,falso,False,falso,False,
https://www.boatos.org/ciencia/cura-cancer-foi-encontrada-disponivel-inicio-2020.html,boatos,2019-12-25,['boato'],1,boato,falso,False,falso,False,
https://www.boatos.org/brasil/indulto-natal-libera-27-mil-presos-hoje.html,boatos,2019-12-20,['boato'],1,boato,falso,False,falso,False,
https://www.boatos.org/tecnologia/hackers-ligacao-do-proprio-numero-de-celular-para-clonar-telefone.html,boatos,2019-12-17,['boato'],1,boato,falso,False,falso,False,
https://www.boatos.org/brasil/cracuda-mangueira-fisioterapeuta-fisiculturista-modelo-tijuca.html,boatos,2019-12-13,['boato'],1,boato,falso,False,falso,False,
https://www.boatos.org/politica/tulio-gadelha-fatima-bernardes-comemora-aprovacao-fundo-eleitoral.html,boatos,2019-12-11,['boato'],1,boato,falso,False,falso,False,
https://www.boatos.org/entretenimento/neta-de-vocalista-do-narazeth-canta-love-hurts.html,boatos,2019-12-10,['boato'],1,boato,falso,False,falso,False,
https://www.boatos.org/entretenimento/jully-menina-video-mc-gui-disney-morreu.html,boatos,2019-12-07,['boato'],1,boato,falso,False,falso,False,
https://www.boatos.org/brasil/filho-apresentador-tv-band-belem-para-morto.html,boatos,2019-12-07,['boato'],1,boato,falso,False,falso,False,
https://www.boatos.org/saude/professor-da-esalq-criou-lista-de-20-dicas-sobre-alimentacao-saudavel-boato.html,boatos,2019-12-01,['boato'],1,boato,falso,False,falso,False,
https://www.boatos.org/tecnologia/video-danca-marcelo-careca-virus.html,boatos,2016-09-30,['boato'],1,boato,falso,False,falso,False,
https://www.boatos.org/saude/paracetamol-p500-contem-virus-machupo.html,boatos,2016-09-29,['boato'],1,boato,falso,False,falso,False,
https://www.boatos.org/religiao/igreja-certificado-virgindade-casarem.html,boatos,2016-09-28,['boato'],1,boato,falso,False,falso,False,
https://www.boatos.org/politica/dilma-aparece-faixa-presidencial.html,boatos,2016-09-27,['boato'],1,boato,falso,False,falso,False,
https://www.boatos.org/politica/russomanno-fraudou-urnas-eleicoes.html,boatos,2016-09-26,['boato'],1,boato,falso,False,falso,False,
https://www.boatos.org/saude/aideticos-passando-hiv-medicao-glicose.html,boatos,2016-09-22,['boato'],1,boato,falso,False,falso,False,
https://www.boatos.org/esporte/comite-olimpico-cadeiras-de-rodas.html,boatos,2016-09-22,['boato'],1,boato,falso,False,falso,False,
https://www.boatos.org/tecnologia/video-ventiladores-cancerigenos-virus.html,boatos,2016-09-20,['boato'],1,boato,falso,False,falso,False,
https://www.boatos.org/mundo/presidente-nestle-privatizar-agua.html,boatos,2016-09-15,['boato'],1,boato,falso,False,falso,False,
https://www.boatos.org/saude/peppa-pig-danos-criancas-harvard.html,boatos,2016-09-09,['boato'],1,boato,falso,False,falso,False,
https://www.boatos.org/politica/dilma-abandonou-cachorro-sacrificado.html,boatos,2016-09-07,['boato'],1,boato,falso,False,falso,False,
https://www.boatos.org/saude/feijao-esta-com-bacteria-plantacoes.html,boatos,2016-09-06,['boato'],1,boato,falso,False,falso,False,
https://www.boatos.org/brasil/caminhoneiro-morto-bala-borracha-prf.html,boatos,2018-05-30,['boato'],1,boato,falso,False,falso,False,
https://www.boatos.org/brasil/crianca-morre-ovo-cobra.html,boatos,2018-05-29,['boato'],1,boato,falso,False,falso,False,
https://www.boatos.org/religiao/fabio-de-melo-texto-caminhoneiros.html,boatos,2018-05-26,['boato'],1,boato,falso,False,falso,False,
https://www.boatos.org/tecnologia/governo-cortar-internet-whatsapp.html,boatos,2018-05-25,['boato'],1,boato,falso,False,falso,False,
https://www.boatos.org/brasil/caminhoes-carne-descongeladas-greve.html,boatos,2018-05-25,['boato'],1,boato,falso,False,falso,False,
https://www.boatos.org/saude/bill-gates-vacinas-reduzir-populacao.html,boatos,2018-05-24,['boato'],1,boato,falso,False,falso,False,
https://www.boatos.org/saude/limao-agua-quente-celulas-cancerigenas.html,boatos,2018-05-21,['boato'],1,boato,falso,False,falso,False,
https://www.boatos.org/tecnologia/carnaval-da-copa-virus-whatsapp.html,boatos,2018-05-19,['boato'],1,boato,falso,False,falso,False,
https://www.boatos.org/brasil/desafio-72-horas-desaparecerem.html,boatos,2018-05-16,['boato'],1,boato,falso,False,falso,False,
https://www.boatos.org/brasil/exame-raio-x-barata-peito.html,boatos,2018-05-14,['boato'],1,boato,falso,False,falso,False,
https://www.boatos.org/mundo/fleming-salvou-churchill-penicilina.html,boatos,2018-05-11,['boato'],1,boato,falso,False,falso,False,
https://www.boatos.org/saude/iaserj-maracana-fechar-falta-atendimento.html,boatos,2018-05-10,['boato'],1,boato,falso,False,falso,False,
https://www.boatos.org/brasil/briga-transito-catanduva-morte-homens.html,boatos,2018-05-08,['boato'],1,boato,falso,False,falso,False,
https://www.boatos.org/politica/lula-crise-abstinencia-prisao.html,boatos,2018-05-08,['boato'],1,boato,falso,False,falso,False,
https://www.boatos.org/saude/comida-aquecida-microondas-cancer.html,boatos,2018-05-07,['boato'],1,boato,falso,False,falso,False,
https://www.boatos.org/religiao/zibia-gasparetto-morreu-sp.html,boatos,2018-05-07,['boato'],1,boato,falso,False,falso,False,
https://www.boatos.org/brasil/assaltantes-motoristas-uber-video.html,boatos,2018-05-06,['boato'],1,boato,falso,False,falso,False,
https://www.boatos.org/tecnologia/aperte-no-esquilo-virus.html,boatos,2018-05-04,['boato'],1,boato,falso,False,falso,False,
https://www.boatos.org/saude/virus-h3n2-nao-tem-vacina-recife.html,boatos,2018-05-03,['boato'],1,boato,falso,False,falso,False,
https://www.boatos.org/saude/leite-elege-retirado-sangue-pus-toxinas.html,boatos,2018-05-03,['boato'],1,boato,falso,False,falso,False,
https://www.boatos.org/esporte/el-pais-corinthians-ajudado-arbitragem.html,boatos,2018-05-03,['boato'],1,boato,falso,False,falso,False,
https://www.boatos.org/entretenimento/mr-catra-carta-inss-diario-de-sp.html,boatos,2018-05-01,['boato'],1,boato,falso,False,falso,False,
https://www.boatos.org/tecnologia/numero-11-3770-4110-ligar-desligue.html,boatos,2016-08-31,['boato'],1,boato,falso,False,falso,False,
https://www.boatos.org/saude/frangos-tem-substancia-cancerigena.html,boatos,2016-08-30,['boato'],1,boato,falso,False,falso,False,
https://www.boatos.org/entretenimento/fatima-bernardes-esta-com-cancer.html,boatos,2016-08-30,['boato'],1,boato,falso,False,falso,False,
https://www.boatos.org/politica/flavio-bolsonaro-foi-envenenado.html,boatos,2016-08-28,['boato'],1,boato,falso,False,falso,False,
https://www.boatos.org/saude/achocolatado-toddynho-contaminado.html,boatos,2016-08-27,['boato'],1,boato,falso,False,falso,False,
https://www.boatos.org/tecnologia/whatsapp-da-creditos-gratis-celular.html,boatos,2016-08-26,['boato'],1,boato,falso,False,falso,False,
https://www.boatos.org/saude/red-bull-feito-esperma-de-touro.html,boatos,2016-08-25,['boato'],1,boato,falso,False,falso,False,
https://www.boatos.org/religiao/hostia-sangra-flutua-mt.html,boatos,2016-08-24,['boato'],1,boato,falso,False,falso,False,
https://www.boatos.org/politica/raul-castro-convoca-paises-bolivarianos.html,boatos,2016-08-19,['boato'],1,boato,falso,False,falso,False,
https://www.boatos.org/mundo/mae-larga-bebe-no-chao-aeroporto.html,boatos,2016-08-16,['boato'],1,boato,falso,False,falso,False,
https://www.boatos.org/brasil/pokemon-go-causa-seis-mortes.html,boatos,2016-08-10,['boato'],1,boato,falso,False,falso,False,
https://www.boatos.org/tecnologia/homem-morre-pokemon-go.html,boatos,2016-08-08,['boato'],1,boato,falso,False,falso,False,
https://www.boatos.org/saude/cerveja-itaipava-causa-cancer.html,boatos,2016-08-05,['boato'],1,boato,falso,False,falso,False,
https://www.boatos.org/entretenimento/domingo-ajudou-tratamento-carreras.html,boatos,2016-08-03,['boato'],1,boato,falso,False,falso,False,
https://www.boatos.org/brasil/travesti-natasha-britney-bate-playboys.html,boatos,2018-11-27,['boato'],1,boato,falso,False,falso,False,
https://www.boatos.org/saude/medico-militar-cura-cancer.html,boatos,2018-11-27,['boato'],1,boato,falso,False,falso,False,
https://www.boatos.org/saude/oleo-umbigo-cura-doencas-secura.html,boatos,2018-11-26,['boato'],1,boato,falso,False,falso,False,
https://www.boatos.org/politica/pedro-bial-redes-sociais-direitistas.html,boatos,2018-11-23,['boato'],1,boato,falso,False,falso,False,
https://www.boatos.org/politica/cotrim-bolsonaro-pec-reforma-congresso.html,boatos,2018-11-21,['boato'],1,boato,falso,False,falso,False,
https://www.boatos.org/ciencia/yamamoto-professor-imagem-cansado.html,boatos,2018-11-21,['boato'],1,boato,falso,False,falso,False,
https://www.boatos.org/saude/medicos-cubanos-formacao-medica.html,boatos,2018-11-21,['boato'],1,boato,falso,False,falso,False,
https://www.boatos.org/saude/bolsonaro-temer-recursos-caps.html,boatos,2018-11-20,['boato'],1,boato,falso,False,falso,False,
https://www.boatos.org/politica/juiza-gabriela-hardt-flauta.html,boatos,2018-11-19,['boato'],1,boato,falso,False,falso,False,
https://www.boatos.org/saude/cuba-duas-faculdades-medicina.html,boatos,2018-11-19,['boato'],1,boato,falso,False,falso,False,
https://www.boatos.org/saude/medicos-cubanos-revalida.html,boatos,2018-11-16,['boato'],1,boato,falso,False,falso,False,
https://www.boatos.org/brasil/bandidos-assaltos-aplicativo-bancos.html,boatos,2018-11-13,['boato'],1,boato,falso,False,falso,False,
https://www.boatos.org/brasil/etec-tereza-parque-fechar.html,boatos,2018-11-12,['boato'],1,boato,falso,False,falso,False,
https://www.boatos.org/tecnologia/ultimas-palavras-steve-jobs.html,boatos,2018-11-10,['boato'],1,boato,falso,False,falso,False,
https://www.boatos.org/saude/agua-coco-quente-mata-cancerigenas.html,boatos,2018-11-10,['boato'],1,boato,falso,False,falso,False,
https://www.boatos.org/saude/cerveja-puro-malte-cura-cancer.html,boatos,2018-11-09,['boato'],1,boato,falso,False,falso,False,
https://www.boatos.org/saude/drauzio-varella-agua-gelada-cancer.html,boatos,2018-11-07,['boato'],1,boato,falso,False,falso,False,
https://www.boatos.org/saude/dipimed-dipirona-venezuela-virus-marburg.html,boatos,2018-11-05,['boato'],1,boato,falso,False,falso,False,
https://www.boatos.org/saude/ovo-cru-veneno-rato-cachorro.html,boatos,2018-11-02,['boato'],1,boato,falso,False,falso,False,
https://www.boatos.org/politica/medicos-santa-casa-agradecem-bolsonaro.html,boatos,2018-11-01,['boato'],1,boato,falso,False,falso,False,
https://www.boatos.org/saude/mascaras-contaminadas-china-chegando-porto-santos-itajai.html,boatos,2020-04-30,['boato'],1,boato,falso,False,falso,False,
https://www.boatos.org/brasil/caixa-bloqueou-auxilio-emergencial-pessoas-compraram-eletronicos.html,boatos,2020-04-30,['boato'],1,boato,falso,False,falso,False,
https://www.boatos.org/tecnologia/brasil-sem-miseria-governo-cesta-basica-compartilhar-link-whatsapp.html,boatos,2020-04-29,['boato'],1,boato,falso,False,falso,False,
https://www.boatos.org/tecnologia/petrobras-tres-meses-combustivel-gratis-compartilhar-link-whatsapp.html,boatos,2020-04-29,['boato'],1,boato,falso,False,falso,False,
https://www.boatos.org/politica/rui-costa-governador-bahia-prefeita-porto-seguro-invente-200-casos-coronavirus.html,boatos,2020-04-29,['boato'],1,boato,falso,False,falso,False,
https://www.boatos.org/saude/quem-dirigir-sem-mascara-multa-r-128-tres-pontos-carteira.html,boatos,2020-04-29,['boato'],1,boato,falso,False,falso,False,
https://www.boatos.org/brasil/escola-anne-sullivan-sao-paulo-vai-fechar-falta-alunos.html,boatos,2020-04-28,['boato'],1,boato,falso,False,falso,False,
https://www.boatos.org/politica/general-heleno-diz-que-bolsonaro-teve-coronavirus.html,boatos,2020-04-28,['boato'],1,boato,falso,False,falso,False,
https://www.boatos.org/saude/rhp-real-hospital-portugues-recife-pe-texto-covid-19-ph-alimentos-alcalinos.html,boatos,2020-04-28,['boato'],1,boato,falso,False,falso,False,
https://www.boatos.org/politica/paulo-guedes-sem-sapatos-meia-pronunciamento-bolsonaro.html,boatos,2020-04-28,['boato'],1,boato,falso,False,falso,False,
https://www.boatos.org/politica/sergio-moro-ex-ministro-justica-filiado-psdb-ha-21-anos-desde-1999.html,boatos,2020-04-27,['boato'],1,boato,falso,False,falso,False,
https://www.boatos.org/ciencia/tasuku-honjo-ganhador-premio-nobel-coronavirus-nao-natural.html,boatos,2020-04-27,['boato'],1,boato,falso,False,falso,False,
https://www.boatos.org/saude/dr-heider-hospital-adventista-belem-mascara-audio-whatsapp.html,boatos,2020-04-27,['boato'],1,boato,falso,False,falso,False,
https://www.boatos.org/saude/oms-mascaras-infectadas-china-india.html,boatos,2020-04-26,['boato'],1,boato,falso,False,falso,False,
https://www.boatos.org/politica/janaina-paschoal-audio-moro-bolsonaro-operacao-storm-eua.html,boatos,2020-04-26,['boato'],1,boato,falso,False,falso,False,
https://www.boatos.org/politica/fox-news-bolsonaro-golpe-eua-vao-intervir.html,boatos,2020-04-26,['boato'],1,boato,falso,False,falso,False,
https://www.boatos.org/politica/alexandre-garcia-escreve-texto-demissao-moro-psdb.html,boatos,2020-04-26,['boato'],1,boato,falso,False,falso,False,
https://www.boatos.org/politica/pt-enterrar-caixoes-vazios-golpe-bolsonaro.html,boatos,2020-04-25,['boato'],1,boato,falso,False,falso,False,
https://www.boatos.org/saude/aspirina-limao-mel-curam-covid-19.html,boatos,2020-04-24,['boato'],1,boato,falso,False,falso,False,
https://www.boatos.org/religiao/mascaras-china-numero-666-marca-besta-brasil.html,boatos,2020-04-24,['boato'],1,boato,falso,False,falso,False,
https://www.boatos.org/saude/complexo-hospitalar-niteroi-chn-repassa-orientacoes-fiocruz-coronavirus.html,boatos,2020-04-24,['boato'],1,boato,falso,False,falso,False,
https://www.boatos.org/saude/testes-contaminados-coronavirus-enviados-china-eua.html,boatos,2020-04-24,['boato'],1,boato,falso,False,falso,False,
https://www.boatos.org/saude/caixoes-vazios-enterros-coletivos-manaus-am.html,boatos,2020-04-23,['boato'],1,boato,falso,False,falso,False,
https://www.boatos.org/saude/enfermeira-sandra-m-guerra-demitida-video-de-uti-vazia-bahia.html,boatos,2020-04-23,['boato'],1,boato,falso,False,falso,False,
https://www.boatos.org/politica/governo-cancela-pagamento-auxilio-emergencial.html,boatos,2020-04-23,['boato'],1,boato,falso,False,falso,False,
https://www.boatos.org/saude/numero-de-mortes-covid-19-caiu-investigacao-teich-moro.html,boatos,2020-04-23,['boato'],1,boato,falso,False,falso,False,
https://www.boatos.org/saude/coronavirus-nao-causa-pneumonia-trombose-respiradores-utis.html,boatos,2020-04-23,['boato'],1,boato,falso,False,falso,False,
https://www.boatos.org/brasil/alcool-gel-causa-incendio-carro-calor.html,boatos,2020-04-23,['boato'],1,boato,falso,False,falso,False,
https://www.boatos.org/mundo/hackers-bill-gates-oms-laboratorio-wuhan-criaram-coronavirus-hiv.html,boatos,2020-04-23,['boato'],1,boato,falso,False,falso,False,
https://www.boatos.org/mundo/fbi-recolhe-mascaras-vindas-china-infectadas-covid-19.html,boatos,2020-04-22,['boato'],1,boato,falso,False,falso,False,
https://www.boatos.org/politica/alexandre-garcia-escreve-texto-criticando-luiz-henrique-mandetta.html,boatos,2020-04-22,['boato'],1,boato,falso,False,falso,False,
https://www.boatos.org/saude/illuminatis-infectaram-mascaras-china-coronavirus-reduzir-populacao.html,boatos,2020-04-22,['boato'],1,boato,falso,False,falso,False,
https://www.boatos.org/tecnologia/cras-cestas-basicas-gratis-compartilhar-link-whatsapp.html,boatos,2020-04-22,['boato'],1,boato,falso,False,falso,False,
https://www.boatos.org/tecnologia/itau-turma-da-monica-dando-livros-gibis-whatsapp.html,boatos,2020-04-21,['boato'],1,boato,falso,False,falso,False,
https://www.boatos.org/entretenimento/fabio-assuncao-doria-canalha-defende-bolsonaro-critica-isolamento-video.html,boatos,2020-04-21,['boato'],1,boato,falso,False,falso,False,
https://www.boatos.org/politica/governo-ceara-desativa-leitos-hospital-recursos-federais-video.html,boatos,2020-04-21,['boato'],1,boato,falso,False,falso,False,
https://www.boatos.org/politica/militares-desafiam-witzel-correm-praia-quarentena.html,boatos,2020-04-21,['boato'],1,boato,falso,False,falso,False,
https://www.boatos.org/religiao/carta-psicografada-alex-bardonnie-data-fim-pandemia-coronavirus.html,boatos,2020-04-21,['boato'],1,boato,falso,False,falso,False,
https://www.boatos.org/tecnologia/copie-cole-mensagem-driblar-algoritmo-facebook-so-mostra-25-amigos.html,boatos,2020-04-20,['boato'],1,boato,falso,False,falso,False,
https://www.boatos.org/politica/rodrigo-maia-prisao-bolsonaro-apos-reuniao-secreta-alcolumbre-stf.html,boatos,2020-04-20,['boato'],1,boato,falso,False,falso,False,
https://www.boatos.org/mundo/washington-post-confirma-coronavirus-surgiu-laboratorio-wuhan.html,boatos,2020-04-20,['boato'],1,boato,falso,False,falso,False,
https://www.boatos.org/brasil/lojas-renner-faliu-fechara-lojas-brasil-causa-quarentena.html,boatos,2020-04-20,['boato'],1,boato,falso,False,falso,False,
https://www.boatos.org/politica/joao-doria-participa-festa-aracatuba-durante-quarentena-coronavirus.html,boatos,2020-04-20,['boato'],1,boato,falso,False,falso,False,
https://www.boatos.org/mundo/criancas-cadaveres-tunel-fundacao-clinton.html,boatos,2020-04-19,['boato'],1,boato,falso,False,falso,False,
https://www.boatos.org/saude/oms-muda-discurso-admite-isolamento-horizontal-aumenta-contaminacao-covid-19.html,boatos,2020-04-19,['boato'],1,boato,falso,False,falso,False,
https://www.boatos.org/politica/prefeito-de-curitiba-nao-mandou-fechar-nada-zero-mortes.html,boatos,2020-04-19,['boato'],1,boato,falso,False,falso,False,
https://www.boatos.org/politica/medico-petista-matou-11-pacientes-pesquisa-desacreditar-cloroquina.html,boatos,2020-04-18,['boato'],1,boato,falso,False,falso,False,
https://www.boatos.org/brasil/filtros-mann-carta-ministerio-saude-criticando-mascaras-china.html,boatos,2020-04-18,['boato'],1,boato,falso,False,falso,False,
https://www.boatos.org/politica/policiais-federais-civis-militares-invadiram-congresso-hoje-descobriram-golpe-contra-bolsonaro.html,boatos,2020-04-17,['boato'],1,boato,falso,False,falso,False,
https://www.boatos.org/tecnologia/video-argentina-esta-fazendo-isso-hackeia-telefone-10-segundos.html,boatos,2020-04-17,['boato'],1,boato,falso,False,falso,False,
https://www.boatos.org/saude/mascaras-china-compradas-mandetta-contaminadas-coronavirus.html,boatos,2020-04-17,['boato'],1,boato,falso,False,falso,False,
https://www.boatos.org/saude/receita-mandioca-crua-cura-cancer.html,boatos,2020-04-17,['boato'],1,boato,falso,False,falso,False,
https://www.boatos.org/politica/general-mourao-convoca-populacao-manifestacoes-quarteis-19-abril-2020.html,boatos,2020-04-16,['boato'],1,boato,falso,False,falso,False,
https://www.boatos.org/tecnologia/ligacao-numero-136-0136-golpe-clona-whatsapp-rouba-dados-celular.html,boatos,2020-04-16,['boato'],1,boato,falso,False,falso,False,
https://www.boatos.org/mundo/radarbox-brasil-diminuiu-voos-eua-e-china-fluxo-aereo-normal.html,boatos,2020-04-16,['boato'],1,boato,falso,False,falso,False,
https://www.boatos.org/politica/pm-sp-ordens-doria-agride-idoso-rua-quarentena.html,boatos,2020-04-16,['boato'],1,boato,falso,False,falso,False,
https://www.boatos.org/saude/agua-tonica-cura-o-coronavirus-porque-tem-quinino-da-cloroquina-boato.html,boatos,2020-04-15,['boato'],1,boato,falso,False,falso,False,
https://www.boatos.org/entretenimento/dra-marcela-pereira-medica-infectologista-conduz-estudo-sobre-cloroquina-covid-19.html,boatos,2020-04-15,['boato'],1,boato,falso,False,falso,False,
https://www.boatos.org/saude/tabela-datasus-mortes-ocorridas-2020-aponta-covid-19-nao-e-grave.html,boatos,2020-04-15,['boato'],1,boato,falso,False,falso,False,
https://www.boatos.org/saude/alcool-gel-70-causa-sintomas-coronavirus-matar.html,boatos,2020-04-15,['boato'],1,boato,falso,False,falso,False,
https://www.boatos.org/politica/joao-doria-pinta-bandeira-china-muro-quarentena-sp.html,boatos,2020-04-15,['boato'],1,boato,falso,False,falso,False,
https://www.boatos.org/mundo/filha-presidente-do-santander-disse-pai-morreu-milionario-buscando-ar.html,boatos,2020-04-14,['boato'],1,boato,falso,False,falso,False,
https://www.boatos.org/mundo/india-processa-china-tribunal-internacional-pede-us-20-trilhoes-indenizacao.html,boatos,2020-04-14,['boato'],1,boato,falso,False,falso,False,
https://www.boatos.org/saude/virology-center-moscou-russia-covid-19-imune-ph-maior-5-5.html,boatos,2020-04-14,['boato'],1,boato,falso,False,falso,False,
https://www.boatos.org/saude/pesquisadores-harvard-isolamento-social-piora-coronavirus.html,boatos,2020-04-14,['boato'],1,boato,falso,False,falso,False,
https://www.boatos.org/tecnologia/atacadao-doando-250-mil-cestas-basicas-coronavirus.html,boatos,2020-04-14,['boato'],1,boato,falso,False,falso,False,
https://www.boatos.org/politica/rodrigo-maia-foto-abracado-presidente-china-xi-jinping.html,boatos,2020-04-13,['boato'],1,boato,falso,False,falso,False,
https://www.boatos.org/entretenimento/china-comprou-globo-bandeirantes-dominando-brasil.html,boatos,2020-04-13,['boato'],1,boato,falso,False,falso,False,
https://www.boatos.org/entretenimento/mario-sergio-cortella-escreve-texto-aquele-que-tiver-a-solucao-que-atire-a-1a-pedra.html,boatos,2020-04-13,['boato'],1,boato,falso,False,falso,False,
https://www.boatos.org/politica/pedido-intervencao-militar-forcas-armadas-assinado-modesto-carvalhosa-desembargador.html,boatos,2020-04-12,['boato'],1,boato,falso,False,falso,False,
https://www.boatos.org/saude/governador-do-para-presos-vigiar-populacao-quarentena.html,boatos,2020-04-12,['boato'],1,boato,falso,False,falso,False,
https://www.boatos.org/politica/alexandre-garcia-diz-que-a-pandemia-descobriu-dois-patetas-doria-e-witzel-boato.html,boatos,2020-04-11,['boato'],1,boato,falso,False,falso,False,
https://www.boatos.org/tecnologia/site-da-internet-gratuita-500-gb-4g-compartilhar-link-whatsapp.html,boatos,2020-04-11,['boato'],1,boato,falso,False,falso,False,
https://www.boatos.org/saude/banco-mundial-brasil-melhor-pais-combate-coronavirus.html,boatos,2020-04-11,['boato'],1,boato,falso,False,falso,False,
https://www.boatos.org/ciencia/asteroide-gigante-bater-terra-29-abril-fim-mundo.html,boatos,2020-04-10,['boato'],1,boato,falso,False,falso,False,
https://www.boatos.org/mundo/pirelli-volvo-syngenta-vendidas-china-pandemia-coronavirus.html,boatos,2020-04-10,['boato'],1,boato,falso,False,falso,False,
https://www.boatos.org/tecnologia/tecnologia-5g-ligada-surgimento-coronavirus-china.html,boatos,2020-04-10,['boato'],1,boato,falso,False,falso,False,
https://www.boatos.org/saude/japao-enviou-600-milhoes-mascaras-contaminadas-coronavirus-brasil-ibge.html,boatos,2020-04-09,['boato'],1,boato,falso,False,falso,False,
https://www.boatos.org/mundo/fda-autorizou-hidroxicloroquina-todos-os-pacientes-covid-19-eua.html,boatos,2020-04-09,['boato'],1,boato,falso,False,falso,False,
https://www.boatos.org/religiao/padre-fabio-de-melo-texto-nao-estamos-no-mesmo-barco.html,boatos,2020-04-09,['boato'],1,boato,falso,False,falso,False,
https://www.boatos.org/politica/camilo-santana-governador-ceara-aniversario-quarentena-coronavirus.html,boatos,2020-04-08,['boato'],1,boato,falso,False,falso,False,
https://www.boatos.org/mundo/china-compra-empresa-aerea-azul-durante-pandemia-coronavirus.html,boatos,2020-04-08,['boato'],1,boato,falso,False,falso,False,
https://www.boatos.org/politica/lula-planeja-golpe-de-estado-livrar-acusacao-trafico-drogas.html,boatos,2020-04-08,['boato'],1,boato,falso,False,falso,False,
https://www.boatos.org/religiao/monja-coen-esta-sintomas-de-covid-19-plataforma-missao-covid.html,boatos,2020-04-08,['boato'],1,boato,falso,False,falso,False,
https://www.boatos.org/saude/mistura-alho-acafrao-limao-previne-cura-coronavirus.html,boatos,2020-04-08,['boato'],1,boato,falso,False,falso,False,
https://www.boatos.org/mundo/dono-rede-hoteis-nova-york-tira-vida-demitir-funcionarios.html,boatos,2020-04-07,['boato'],1,boato,falso,False,falso,False,
https://www.boatos.org/politica/mandetta-renovou-contratos-publicidade-r-1-bilhao-firmados-dilma.html,boatos,2020-04-07,['boato'],1,boato,falso,False,falso,False,
https://www.boatos.org/saude/cha-folhas-boldo-cura-coronavirus.html,boatos,2020-04-07,['boato'],1,boato,falso,False,falso,False,
https://www.boatos.org/brasil/toneladas-de-peixes-porto-de-galinhas-de-graca-populacao.html,boatos,2020-04-07,['boato'],1,boato,falso,False,falso,False,
https://www.boatos.org/politica/bolsonaro-assina-decreto-presidencial-fim-isolamento.html,boatos,2020-04-06,['boato'],1,boato,falso,False,falso,False,
https://www.boatos.org/brasil/marcio-rocha-operador-nasdaq-critica-cobertura-midia-relacao-coronavirus.html,boatos,2020-04-06,['boato'],1,boato,falso,False,falso,False,
https://www.boatos.org/mundo/prefeito-lisboa-video-china-espalhou-coronavirus-mundo.html,boatos,2020-04-06,['boato'],1,boato,falso,False,falso,False,
https://www.boatos.org/esporte/denilson-flagrado-briga-travesti-programa-nao-pago.html,boatos,2020-04-06,['boato'],1,boato,falso,False,falso,False,
https://www.boatos.org/saude/hospital-john-hopkins-lista-19-dicas-covid-19-coronavirus.html,boatos,2020-04-05,['boato'],1,boato,falso,False,falso,False,
https://www.boatos.org/saude/beber-agua-15-em-15-minutos-previne-o-novo-coronavirus.html,boatos,2020-04-05,['boato'],1,boato,falso,False,falso,False,
https://www.boatos.org/saude/alexandre-garcia-texto-coronavirus-quarentena-bolsonaro-sociedade-escolheu-sacrificar-almas.html,boatos,2020-04-05,['boato'],1,boato,falso,False,falso,False,
https://www.boatos.org/entretenimento/serie-my-secret-terrius-avisou-china-criaria-coronavirus.html,boatos,2020-04-05,['boato'],1,boato,falso,False,falso,False,
https://www.boatos.org/saude/vinho-cura-previne-coronavirus-beneficia-medida-provisoria-governo.html,boatos,2020-04-04,['boato'],1,boato,falso,False,falso,False,
https://www.boatos.org/tecnologia/cacau-show-dando-ovos-pascoa-quem-ficar-casa-compartilhar-link-whatsapp.html,boatos,2020-04-04,['boato'],1,boato,falso,False,falso,False,
https://www.boatos.org/brasil/china-comprou-cooperativas-do-parana-durante-pandemia.html,boatos,2020-04-04,['boato'],1,boato,falso,False,falso,False,
https://www.boatos.org/politica/mulher-video-bolsonaro-nao-e-professora-wal-acai.html,boatos,2020-04-04,['boato'],1,boato,falso,False,falso,False,
https://www.boatos.org/mundo/dr-charles-lieber-preso-eua-fabricar-vender-coronavirus-china.html,boatos,2020-04-03,['boato'],1,boato,falso,False,falso,False,
https://www.boatos.org/brasil/caminhoneiros-todo-brasil-farao-greve-quarentena-coronavirus.html,boatos,2020-04-03,['boato'],1,boato,falso,False,falso,False,
https://www.boatos.org/religiao/morre-carbonizado-homem-representou-demonio-arrastando-jesus-carnaval.html,boatos,2020-04-03,['boato'],1,boato,falso,False,falso,False,
https://www.boatos.org/religiao/papa-francisco-amarre-pano-branco-macaneta-porta-esta-noite.html,boatos,2020-04-03,['boato'],1,boato,falso,False,falso,False,
https://www.boatos.org/brasil/bandidos-roupas-profissionais-saude-van-bombeiros-assaltos.html,boatos,2020-04-03,['boato'],1,boato,falso,False,falso,False,
https://www.boatos.org/brasil/bandidos-carro-cpfl-assaltos-cidades-sao-paulo.html,boatos,2020-04-03,['boato'],1,boato,falso,False,falso,False,
https://www.boatos.org/mundo/israel-nao-tem-mortes-covid-19-usa-limao-bicarbonato-cura-coronavirus.html,boatos,2020-04-02,['boato'],1,boato,falso,False,falso,False,
https://www.boatos.org/mundo/pequim-xangai-nao-tem-casos-coronavirus-china-criou-arma-biologica.html,boatos,2020-04-02,['boato'],1,boato,falso,False,falso,False,
https://www.boatos.org/saude/rita-mundim-audio-defendendo-bolsonaro-e-fim-da-quarentena.html,boatos,2020-04-02,['boato'],1,boato,falso,False,falso,False,
https://www.boatos.org/politica/salim-mattar-dono-da-localiza-grava-video-criticando-quarentena-congresso-apoiando-bolsonaro.html,boatos,2020-04-02,['boato'],1,boato,falso,False,falso,False,
https://www.boatos.org/mundo/alemanha-proibiu-uso-tapetes-casas-criadouros-coronavirus.html,boatos,2020-04-02,['boato'],1,boato,falso,False,falso,False,
https://www.boatos.org/mundo/video-maravilhas-wuhan-todo-mundo-acha-cidadezinha.html,boatos,2020-04-02,['boato'],1,boato,falso,False,falso,False,
https://www.boatos.org/politica/bolsonaro-acaba-anunciar-sua-renuncia-crise-coronavirus.html,boatos,2020-04-01,['boato'],1,boato,falso,False,falso,False,
https://www.boatos.org/politica/marco-aurelio-mello-stf-pede-afastamento-bolsonaro.html,boatos,2020-04-01,['boato'],1,boato,falso,False,falso,False,
https://www.boatos.org/tecnologia/link-ganhar-dinheiro-tiktok-golpe-virus.html,boatos,2021-05-13,['boato'],1,boato,falso,False,falso,False,
https://www.boatos.org/brasil/bar-amarelinho-rio-de-janeiro-faliu-fechou-portas-definitivamente.html,boatos,2021-05-13,['boato'],1,boato,falso,False,falso,False,
https://www.boatos.org/saude/previsao-de-vacinacao-sao-paulo-acelerou-calendario-ate-18-anos-divulgado.html,boatos,2021-05-12,['boato'],1,boato,falso,False,falso,False,
https://www.boatos.org/saude/relatorio-alerta-brasil-coronavac-nao-ira-controlar-pandemia.html,boatos,2021-05-12,['boato'],1,boato,falso,False,falso,False,
https://www.boatos.org/saude/pfizer-colocara-microchips-microsoft-proxima-leva-vacinas.html,boatos,2021-05-11,['boato'],1,boato,falso,False,falso,False,
https://www.boatos.org/politica/pazuello-ganha-passaporte-diplomatico-itamaraty-viaja-para-eua.html,boatos,2021-05-11,['boato'],1,boato,falso,False,falso,False,
https://www.boatos.org/saude/coronavirus-testado-arma-biologica-china-documentos.html,boatos,2021-05-11,['boato'],1,boato,falso,False,falso,False,
https://www.boatos.org/saude/capsulas-remedios-esoral-enterofuryl-vem-com-pregos.html,boatos,2021-05-10,['boato'],1,boato,falso,False,falso,False,
https://www.boatos.org/saude/pfizer-admite-vacinados-doencas-para-nao-vacinados.html,boatos,2021-05-09,['boato'],1,boato,falso,False,falso,False,
https://www.boatos.org/entretenimento/velorio-paulo-gustavo-theatro-municipal-prova-pandemia-uma-farsa.html,boatos,2021-05-09,['boato'],1,boato,falso,False,falso,False,
https://www.boatos.org/brasil/mae-precisa-12-milhoes-visualizacoes-conseguir-tratamento-filha.html,boatos,2021-05-07,['boato'],1,boato,falso,False,falso,False,
https://www.boatos.org/brasil/fabiano-kipper-mai-autor-ataque-saudades-sc-foto-che-guevara-fora-bolsonaro-instagram.html,boatos,2021-05-07,['boato'],1,boato,falso,False,falso,False,
https://www.boatos.org/brasil/bolsonaro-comemorou-morte-paulo-gustavo-por-covid-19.html,boatos,2021-05-06,['boato'],1,boato,falso,False,falso,False,
https://www.boatos.org/saude/antiviral-pfizer-contra-covid-19-e-a-cloroquina.html,boatos,2021-05-05,['boato'],1,boato,falso,False,falso,False,
https://www.boatos.org/politica/manifestacao-pro-bolsonaro-1o-de-maio-2021-maior-da-historia-admite-globo.html,boatos,2021-05-02,['boato'],1,boato,falso,False,falso,False,
https://www.boatos.org/saude/povo-araraquara-passando-fome-lockdown-total.html,boatos,2021-05-02,['boato'],1,boato,falso,False,falso,False,
https://www.boatos.org/saude/mentira-desodorante-antitranspirante-pode-causar-cancer-de-mama.html,boatos,2014-04-22,['boato'],1,boato,falso,False,falso,False,
https://www.boatos.org/religiao/hello-kitty-e-diabo-lenda-fala-de-pacto-de-personagem-com-demonio.html,boatos,2014-04-15,['boato'],1,boato,falso,False,falso,False,
https://www.boatos.org/saude/hoax-camarao-com-vitamina-c-e-um-mistura-fatal-por-causa-de-arsenico.html,boatos,2014-04-04,['boato'],1,boato,falso,False,falso,False,
https://www.boatos.org/esporte/argentinos-sem-mascara-aglomeracao-velorio-maradona.html,boatos,2020-11-30,['boato'],1,boato,falso,False,falso,False,
https://www.boatos.org/saude/pandemia-acabou-nao-necessidade-vacinas.html,boatos,2020-11-29,['boato'],1,boato,falso,False,falso,False,
https://www.boatos.org/saude/virus-chines-e-a-maior-farsa-e-nao-existe-nada-que-possa-ser-feito.html,boatos,2020-11-28,['boato'],1,boato,falso,False,falso,False,
https://www.boatos.org/saude/madagascar-deixou-oms-oferecer-20-milhoes-sabotar-cura-covid-19.html,boatos,2020-11-28,['boato'],1,boato,falso,False,falso,False,
https://www.boatos.org/politica/guilherme-boulos-tem-imovel-desocupado-vila-mariana.html,boatos,2020-11-27,['boato'],1,boato,falso,False,falso,False,
https://www.boatos.org/saude/covid-parar-quando-infectar-maioria-pessoas-mutacao-menos-letal-mentira-isolamento.html,boatos,2020-11-26,['boato'],1,boato,falso,False,falso,False,
https://www.boatos.org/tecnologia/3-coracoes-dando-cafeteiras-graca-black-friday.html,boatos,2020-11-25,['boato'],1,boato,falso,False,falso,False,
https://www.boatos.org/saude/doria-lockdown-sao-paulo-novembro.html,boatos,2020-11-25,['boato'],1,boato,falso,False,falso,False,
https://www.boatos.org/mundo/delcy-rodriguez-diz-maduro-fez-acordo-coronavirus-venezuela.html,boatos,2020-11-24,['boato'],1,boato,falso,False,falso,False,
https://www.boatos.org/saude/mascara-baixa-imunidade-causa-agua-pulmao-pneumonia.html,boatos,2020-11-24,['boato'],1,boato,falso,False,falso,False,
https://www.boatos.org/saude/remessa-injecoes-para-matar-pessoas-vindo-exterior-brasil.html,boatos,2020-11-22,['boato'],1,boato,falso,False,falso,False,
https://www.boatos.org/saude/porto-feliz-sp-tratou-100-populacao-hidroxicloroquina-nao-teve-nenhuma-morte.html,boatos,2020-11-21,['boato'],1,boato,falso,False,falso,False,
https://www.boatos.org/entretenimento/richard-gere-disse-nao-ha-tempo-para-mais-nada-ninguem-escapa-vivo-desse-mundo.html,boatos,2020-11-20,['boato'],1,boato,falso,False,falso,False,
https://www.boatos.org/saude/enxaguantes-bucais-descobertos-cura-covid-19.html,boatos,2020-11-20,['boato'],1,boato,falso,False,falso,False,
https://www.boatos.org/politica/alexandre-kalil-acaba-anunciar-fechamento-comercio-belo-horizonte.html,boatos,2020-11-19,['boato'],1,boato,falso,False,falso,False,
https://www.boatos.org/politica/boulos-da-classe-a-estudou-nos-eua-criou-movimento-popular-falso.html,boatos,2020-11-19,['boato'],1,boato,falso,False,falso,False,
https://www.boatos.org/politica/acm-neto-anuncia-lockdown-salvador-apos-eleicoes.html,boatos,2020-11-17,['boato'],1,boato,falso,False,falso,False,
https://www.boatos.org/saude/medica-entre-a-vida-e-morte-vacina-chinesa.html,boatos,2020-11-16,['boato'],1,boato,falso,False,falso,False,
https://www.boatos.org/saude/argentina-fornos-crematorios-covid-19-vacina.html,boatos,2020-11-16,['boato'],1,boato,falso,False,falso,False,
https://www.boatos.org/saude/portaria-518-proibir-entrada-estrangeiros-novembro-2020.html,boatos,2020-11-15,['boato'],1,boato,falso,False,falso,False,
https://www.boatos.org/saude/marta-temido-universidade-maryland-lista-dicas-covid-19.html,boatos,2020-11-14,['boato'],1,boato,falso,False,falso,False,
https://www.boatos.org/politica/eleitor-com-mais-60-anos-nao-precisa-votar-justificar-2020.html,boatos,2020-11-14,['boato'],1,boato,falso,False,falso,False,
https://www.boatos.org/politica/prefeitura-de-sao-bernardo-do-campo-sp-fechar-comercio-apos-eleicoes-16-11.html,boatos,2020-11-13,['boato'],1,boato,falso,False,falso,False,
https://www.boatos.org/mundo/jovens-sem-mascara-cospem-passageiros-metro-paris.html,boatos,2020-11-13,['boato'],1,boato,falso,False,falso,False,
https://www.boatos.org/mundo/policia-espanca-jovens-nao-usavam-mascaras-metro-paris.html,boatos,2020-11-12,['boato'],1,boato,falso,False,falso,False,
https://www.boatos.org/tecnologia/governo-criou-programa-vote-em-casa-para-eleicoes-de-2020.html,boatos,2020-11-11,['boato'],1,boato,falso,False,falso,False,
https://www.boatos.org/saude/oleo-umbigo-cura-doencas-previne-ressecamento-pele.html,boatos,2020-11-10,['boato'],1,boato,falso,False,falso,False,
https://www.boatos.org/saude/coronavirus-existia-desde-2014-china-vacinou-populacao-2018-2019.html,boatos,2020-11-10,['boato'],1,boato,falso,False,falso,False,
https://www.boatos.org/politica/candidata-a-vereadora-presa-apos-se-oferecer-troca-votos.html,boatos,2020-11-09,['boato'],1,boato,falso,False,falso,False,
https://www.boatos.org/politica/vladimir-putin-parkinson-deixar-governo.html,boatos,2020-11-09,['boato'],1,boato,falso,False,falso,False,
https://www.boatos.org/mundo/china-nao-teve-tem-tera-vacina-todo-mundo-curou.html,boatos,2020-11-05,['boato'],1,boato,falso,False,falso,False,
https://www.boatos.org/mundo/48-pessoas-morreram-apos-tomar-vacina-chinesa-contra-covid-19.html,boatos,2020-11-05,['boato'],1,boato,falso,False,falso,False,
https://www.boatos.org/mundo/trump-cancela-projeto-bill-gates-id2020.html,boatos,2020-11-04,['boato'],1,boato,falso,False,falso,False,
https://www.boatos.org/mundo/muculmanos-protestam-sem-mascaras-contra-macron-franca.html,boatos,2020-11-04,['boato'],1,boato,falso,False,falso,False,
https://www.boatos.org/saude/texto-esclarecimento-populacao-nao-enganada-lista-verdades-covid-19.html,boatos,2020-11-03,['boato'],1,boato,falso,False,falso,False,
https://www.boatos.org/saude/governador-paulo-camara-lockdown-pernambuco.html,boatos,2020-11-03,['boato'],1,boato,falso,False,falso,False,
https://www.boatos.org/saude/virus-covid-19-morre-vibracao-acima-de-255-hz.html,boatos,2020-11-02,['boato'],1,boato,falso,False,falso,False,
https://www.boatos.org/saude/vacina-china-oxford-dna-recombinante-porcos.html,boatos,2020-11-02,['boato'],1,boato,falso,False,falso,False,
https://www.boatos.org/entretenimento/laura-cardoso-morre-de-cancer-no-rio-de-janeiro-boato.html,boatos,2016-01-31,['boato'],1,boato,falso,False,falso,False,
https://www.boatos.org/saude/chines-apaixonado-por-sashimi-fica-com-larvas-no-corpo-boato.html,boatos,2016-01-29,['boato'],1,boato,falso,False,falso,False,
https://www.boatos.org/politica/sergio-moro-em-entrevista-diz-que-vai-prender-lula-boato.html,boatos,2016-01-29,['boato'],1,boato,falso,False,falso,False,
https://www.boatos.org/entretenimento/arlete-sales-pede-liberacao-da-pilula-do-cancer.html,boatos,2016-01-27,['boato'],1,boato,falso,False,falso,False,
https://www.boatos.org/saude/novo-inseto-assassino-espalha-virus-mortal-boato.html,boatos,2016-01-22,['boato'],1,boato,falso,False,falso,False,
https://www.boatos.org/entretenimento/morre-roberta-miranda-aos-59-anos-de-infarto-boato.html,boatos,2016-01-20,['boato'],1,boato,falso,False,falso,False,
https://www.boatos.org/brasil/1300-vagas-urgentes-para-telemarketing-receptivo-boato.html,boatos,2016-01-20,['boato'],1,boato,falso,False,falso,False,
https://www.boatos.org/saude/governo-vai-fabricar-e-distribuir-fosfoetanolamina-de-graca-boato.html,boatos,2016-01-18,['boato'],1,boato,falso,False,falso,False,
https://www.boatos.org/brasil/vagas-de-emprego-para-degustador-de-ovos.html,boatos,2016-01-14,['boato'],1,boato,falso,False,falso,False,
https://www.boatos.org/brasil/bairro-pqp-fica-em-bela-vista-de-minas-boato.html,boatos,2016-01-12,['boato'],1,boato,falso,False,falso,False,
https://www.boatos.org/saude/bananas-com-virus-da-aids-no-brasil.html,boatos,2016-01-08,['boato'],1,boato,falso,False,falso,False,
https://www.boatos.org/tecnologia/video-a-danca-do-papa-e-virus-que-formata-celular-boato.html,boatos,2016-01-05,['boato'],1,boato,falso,False,falso,False,
https://www.boatos.org/politica/bruno-covas-ja-morreu-anuncio-sera-feito-1o-de-maio.html,boatos,2021-04-30,['boato'],1,boato,falso,False,falso,False,
https://www.boatos.org/politica/doria-vai-fazer-lockdown-total-apos-dia-das-maes-sao-paulo.html,boatos,2021-04-29,['boato'],1,boato,falso,False,falso,False,
https://www.boatos.org/saude/cebola-alho-mel-mastruz-boldo-curam-covid-19.html,boatos,2021-04-28,['boato'],1,boato,falso,False,falso,False,
https://www.boatos.org/saude/vacina-contra-covid-19-faz-imunidade-diminuir-chance-infeccao-aumentar.html,boatos,2021-04-27,['boato'],1,boato,falso,False,falso,False,
https://www.boatos.org/mundo/mike-yeadon-pfizer-diz-tarde-demais-para-salvar-alguem-tomou-vacina-contra-covid-19.html,boatos,2021-04-24,['boato'],1,boato,falso,False,falso,False,
https://www.boatos.org/saude/pauta-globo-covid-revelada-apresentador-demitido.html,boatos,2021-04-24,['boato'],1,boato,falso,False,falso,False,
https://www.boatos.org/saude/imprensa-boicota-vacinacao-exercito-contra-covid-19-vila-militar.html,boatos,2021-04-23,['boato'],1,boato,falso,False,falso,False,
https://www.boatos.org/mundo/venezuela-nova-cuba-divulgacao-de-regras-nova-constituinte.html,boatos,2021-04-22,['boato'],1,boato,falso,False,falso,False,
https://www.boatos.org/brasil/hospital-sao-cristovao-divulga-lista-vagas-de-emprego-salarios-horarios.html,boatos,2021-04-22,['boato'],1,boato,falso,False,falso,False,
https://www.boatos.org/tecnologia/amazon-celebracao-26o-aniversario-da-premios-whatsapp.html,boatos,2021-04-21,['boato'],1,boato,falso,False,falso,False,
https://www.boatos.org/saude/oms-aprova-certificado-excelencia-vacina-soberana.html,boatos,2021-04-21,['boato'],1,boato,falso,False,falso,False,
https://www.boatos.org/saude/dr-derek-knauss-covid-19-testes-positivos.html,boatos,2021-04-21,['boato'],1,boato,falso,False,falso,False,
https://www.boatos.org/saude/agua-torneira-testa-positivo-para-covid-19-prova-pandemia-farsa-china.html,boatos,2021-04-21,['boato'],1,boato,falso,False,falso,False,
https://www.boatos.org/politica/bolsonaro-construiu-fabrica-5g-secretamente-frustra-planos-china.html,boatos,2021-04-20,['boato'],1,boato,falso,False,falso,False,
https://www.boatos.org/tecnologia/jogos-online-nao-substituem-cassinos-fisicos.html,boatos,2021-04-19,['boato'],1,boato,falso,False,falso,False,
https://www.boatos.org/politica/mourao-xeque-mate-stf-pedir-intervencao-militar-discurso-2021.html,boatos,2021-04-18,['boato'],1,boato,falso,False,falso,False,
https://www.boatos.org/politica/ricardo-salles-envenenado-governadores-teve-internado-2021.html,boatos,2021-04-18,['boato'],1,boato,falso,False,falso,False,
https://www.boatos.org/tecnologia/mexico-fez-virus-imagem-mostra-covid-19-curada.html,boatos,2021-04-17,['boato'],1,boato,falso,False,falso,False,
https://www.boatos.org/brasil/embraer-pede-video-intervencao-militar-brasil.html,boatos,2021-04-17,['boato'],1,boato,falso,False,falso,False,
https://www.boatos.org/saude/cabrini-fraude-compra-kits-covid-19-macapa.html,boatos,2021-04-17,['boato'],1,boato,falso,False,falso,False,
https://www.boatos.org/saude/estudo-sorocaba-prova-tratamento-precoce-kit-covid-99-eficacia.html,boatos,2021-04-16,['boato'],1,boato,falso,False,falso,False,
https://www.boatos.org/mundo/senado-italia-aprova-tratamento-precoce-hidroxicloroquina-ivermectina-contra-covid-19.html,boatos,2021-04-16,['boato'],1,boato,falso,False,falso,False,
https://www.boatos.org/politica/prefeituras-ganham-8-mil-medicos-ganham-1-mil-por-diagnostico-positivo-covid-19.html,boatos,2021-04-16,['boato'],1,boato,falso,False,falso,False,
https://www.boatos.org/brasil/restaurante-famiglia-mancini-faliu-vai-fechar-portas-por-causa-lockdown.html,boatos,2021-04-15,['boato'],1,boato,falso,False,falso,False,
https://www.boatos.org/politica/inquerito-6897-alexandre-de-moraes-proibe-bolsonaro-decretar-intervencao-militar.html,boatos,2021-04-15,['boato'],1,boato,falso,False,falso,False,
https://www.boatos.org/saude/dr-steve-hotze-vacinas-terapias-geneticas-experimentais.html,boatos,2021-04-12,['boato'],1,boato,falso,False,falso,False,
https://www.boatos.org/saude/equador-descobre-cura-do-coronavirus-covid-19-ignorar-oms-fazer-autopsias.html,boatos,2021-04-11,['boato'],1,boato,falso,False,falso,False,
https://www.boatos.org/saude/fiocruz-alerta-audio-agua-da-cedae-rio-de-janeiro-contaminada.html,boatos,2021-04-11,['boato'],1,boato,falso,False,falso,False,
https://www.boatos.org/mundo/morte-agnaldo-timoteo-alberto-fernandez-covid-19-surto-chile-provam-coronavac-nao-funciona.html,boatos,2021-04-09,['boato'],1,boato,falso,False,falso,False,
https://www.boatos.org/saude/stf-autoriza-criacao-campos-concentracao-nao-vacinados-contra-covid-19.html,boatos,2021-04-09,['boato'],1,boato,falso,False,falso,False,
https://www.boatos.org/saude/frutamida-descoberta-como-cura-covid-19.html,boatos,2021-04-08,['boato'],1,boato,falso,False,falso,False,
https://www.boatos.org/politica/doria-prorroga-lockdown-dia-22-abril-2021-sao-paulo.html,boatos,2021-04-08,['boato'],1,boato,falso,False,falso,False,
https://www.boatos.org/religiao/padres-de-aparecida-redentoristas-surto-covid-19-semana-santa.html,boatos,2021-04-07,['boato'],1,boato,falso,False,falso,False,
https://www.boatos.org/saude/fiocruz-atrasou-entrega-vacinas-porque-faz-boicote-bolsonaro.html,boatos,2021-04-07,['boato'],1,boato,falso,False,falso,False,
https://www.boatos.org/saude/52-cidades-zero-casos-morte-covid-19-gracas-ivermectina-hidroxicloroquina-tratamento-precoce-boato.html,boatos,2021-04-06,['boato'],1,boato,falso,False,falso,False,
https://www.boatos.org/brasil/lei-14132-preve-prisao-policiais-fecharem-comercio-agirem-favor-lockdown.html,boatos,2021-04-06,['boato'],1,boato,falso,False,falso,False,
https://www.boatos.org/brasil/87-mil-reprovaram-redacao-enem-usar-pronome-neutro.html,boatos,2021-04-06,['boato'],1,boato,falso,False,falso,False,
https://www.boatos.org/tecnologia/toyota-celebra-100o-aniversario-da-samsung-s21-iphone-12-whatsapp.html,boatos,2021-04-05,['boato'],1,boato,falso,False,falso,False,
https://www.boatos.org/tecnologia/adidas-oferece-iphone-12-s21-beneficios-gratuitos-site-whatsapp.html,boatos,2021-04-05,['boato'],1,boato,falso,False,falso,False,
https://www.boatos.org/saude/serrana-sp-aumento-mortes-covid-19-por-causa-vacina-coronavac.html,boatos,2021-04-05,['boato'],1,boato,falso,False,falso,False,
https://www.boatos.org/saude/chapeco-esvaziou-utis-tratamento-precoce.html,boatos,2021-04-04,['boato'],1,boato,falso,False,falso,False,
https://www.boatos.org/entretenimento/paulo-gustavo-morreu-decorrencia-covid-19.html,boatos,2021-04-04,['boato'],1,boato,falso,False,falso,False,
https://www.boatos.org/saude/homem-ensacado-vivo-mortes-pandemia.html,boatos,2021-04-03,['boato'],1,boato,falso,False,falso,False,
https://www.boatos.org/brasil/bandeira-china-hasteada-lugar-brasileira-votuporanga-sebastianopolis-do-sul-sao-paulo.html,boatos,2021-04-03,['boato'],1,boato,falso,False,falso,False,
https://www.boatos.org/brasil/mulher-com-covid-19-colocada-caixao-seria-enterrada-vida-governo-sao-paulo.html,boatos,2021-04-02,['boato'],1,boato,falso,False,falso,False,
https://www.boatos.org/politica/bolsonaro-acaba-de-renunciar-em-meio-a-crise.html,boatos,2021-04-01,['boato'],1,boato,falso,False,falso,False,
https://www.boatos.org/saude/video-gravado-cemiterio-barra-do-jucu-fraude-pandemia.html,boatos,2021-04-01,['boato'],1,boato,falso,False,falso,False,
https://www.boatos.org/religiao/lacta-e-do-diabo-porque-tem-bombom-chamado-feiticaria.html,boatos,2021-04-01,['boato'],1,boato,falso,False,falso,False,
https://www.boatos.org/saude/drogaraia-vendendo-vacinas-contra-covid-19.html,boatos,2021-04-01,['boato'],1,boato,falso,False,falso,False,
https://www.boatos.org/tecnologia/hoax-compartilhe-imagem-de-crianca-com-cabeca-deformada-facebook.html,boatos,2014-03-31,['boato'],1,boato,falso,False,falso,False,
https://www.boatos.org/brasil/lenda-falsa-enfermeira-esta-passando-hiv-em-suposto-teste-de-glicose.html,boatos,2014-03-29,['boato'],1,boato,falso,False,falso,False,
https://www.boatos.org/saude/estudo-falso-beber-esperma-ajuda-prevenir-cancer-de-mama.html,boatos,2014-03-28,['boato'],1,boato,falso,False,falso,False,
https://www.boatos.org/mundo/noticia-falsa-queniana-infectou-324-homens-com-hiv-por-vinganca.html,boatos,2014-03-20,['boato'],1,boato,falso,False,falso,False,
https://www.boatos.org/saude/hoax-ar-condicionado-de-carros-causa-cancer-por-causa-de-benzeno.html,boatos,2014-03-18,['boato'],1,boato,falso,False,falso,False,
https://www.boatos.org/saude/hoax-nao-lavar-roupas-intimas-novas-causa-larva-nos-seios.html,boatos,2014-03-15,['boato'],1,boato,falso,False,falso,False,
https://www.boatos.org/tecnologia/whatsbook-informacao-de-que-whatsapp-sera-cancelado-e-falsa.html,boatos,2014-03-09,['boato'],1,boato,falso,False,falso,False,
https://www.boatos.org/saude/mpf-proibe-vacina-hpv.html,boatos,2017-09-30,['boato'],1,boato,falso,False,falso,False,
https://www.boatos.org/saude/cha-hibisco-cavalinha-hepatite.html,boatos,2017-09-28,['boato'],1,boato,falso,False,falso,False,
https://www.boatos.org/brasil/drones-prf-monitoramento-multas.html,boatos,2017-09-26,['boato'],1,boato,falso,False,falso,False,
https://www.boatos.org/brasil/andre-lucas-coma-bolivia.html,boatos,2017-09-26,['boato'],1,boato,falso,False,falso,False,
https://www.boatos.org/politica/jean-wyllys-pabllo-vittar-turne.html,boatos,2017-09-23,['boato'],1,boato,falso,False,falso,False,
https://www.boatos.org/entretenimento/ultima-mensagem-marcelo-rezende.html,boatos,2017-09-19,['boato'],1,boato,falso,False,falso,False,
https://www.boatos.org/brasil/numero-samu-192-problemas.html,boatos,2017-09-19,['boato'],1,boato,falso,False,falso,False,
https://www.boatos.org/entretenimento/fatima-exposicao-santander-continuar.html,boatos,2017-09-14,['boato'],1,boato,falso,False,falso,False,
https://www.boatos.org/saude/pepsi-infectados-virus-aids.html,boatos,2017-09-12,['boato'],1,boato,falso,False,falso,False,
https://www.boatos.org/brasil/video-arrastao-tunel-zuzu.html,boatos,2017-09-06,['boato'],1,boato,falso,False,falso,False,
https://www.boatos.org/brasil/homem-ejaculou-passageira-espancado.html,boatos,2017-09-04,['boato'],1,boato,falso,False,falso,False,
https://www.boatos.org/brasil/boatos-beneficios-trabalhadores-aposentados.html,boatos,2017-09-02,['boato'],1,boato,falso,False,falso,False,
https://www.boatos.org/brasil/fgts-retroativo-consultado.html,boatos,2017-09-01,['boato'],1,boato,falso,False,falso,False,
https://www.boatos.org/politica/professora-cria-pec-governo.html,boatos,2016-10-28,['boato'],1,boato,falso,False,falso,False,
https://www.boatos.org/saude/inseto-com-fungos-que-corpo.html,boatos,2016-10-26,['boato'],1,boato,falso,False,falso,False,
https://www.boatos.org/saude/mulher-morre-inseticida-explodir.html,boatos,2016-10-26,['boato'],1,boato,falso,False,falso,False,
https://www.boatos.org/saude/macacos-virus-mortal-pandemia.html,boatos,2016-10-25,['boato'],1,boato,falso,False,falso,False,
https://www.boatos.org/entretenimento/gilberto-gil-morreu-insuficiencia-renal.html,boatos,2016-10-24,['boato'],1,boato,falso,False,falso,False,
https://www.boatos.org/saude/arroz-infectado-virus-bacterias.html,boatos,2016-10-19,['boato'],1,boato,falso,False,falso,False,
https://www.boatos.org/brasil/pao-de-acucar-vale-presente.html,boatos,2016-10-19,['boato'],1,boato,falso,False,falso,False,
https://www.boatos.org/mundo/pouso-forcado-odor-vagina.html,boatos,2016-10-17,['boato'],1,boato,falso,False,falso,False,
https://www.boatos.org/politica/michel-temer-fim-carnaval.html,boatos,2016-10-17,['boato'],1,boato,falso,False,falso,False,
https://www.boatos.org/brasil/cameras-transito-celular-cinto.html,boatos,2016-10-17,['boato'],1,boato,falso,False,falso,False,
https://www.boatos.org/entretenimento/alexandre-borges-jogar-predio.html,boatos,2016-10-15,['boato'],1,boato,falso,False,falso,False,
https://www.boatos.org/tecnologia/nao-atenda-telefone-31-99778-9305.html,boatos,2016-10-15,['boato'],1,boato,falso,False,falso,False,
https://www.boatos.org/tecnologia/whatsapp-sem-precisar-de-internet.html,boatos,2016-10-14,['boato'],1,boato,falso,False,falso,False,
https://www.boatos.org/politica/deputados-escrevem-concertando-pec.html,boatos,2016-10-12,['boato'],1,boato,falso,False,falso,False,
https://www.boatos.org/tecnologia/facebook-bebe-cancer-curtidas-amem.html,boatos,2016-10-11,['boato'],1,boato,falso,False,falso,False,
https://www.boatos.org/saude/7-boatos-outubro-rosa-cancer-mamografias.html,boatos,2016-10-08,['boato'],1,boato,falso,False,falso,False,
https://www.boatos.org/religiao/jovem-morte-cerebral-ressuscita.html,boatos,2016-10-07,['boato'],1,boato,falso,False,falso,False,
https://www.boatos.org/saude/drauzio-varella-mamografia-cancer.html,boatos,2016-10-05,['boato'],1,boato,falso,False,falso,False,
https://www.boatos.org/saude/mamografia-sesc-mario-penna-santa-isabel.html,boatos,2016-10-05,['boato'],1,boato,falso,False,falso,False,
https://www.boatos.org/saude/laboratorio-clandestino-coca-cola.html,boatos,2016-10-04,['boato'],1,boato,falso,False,falso,False,
https://www.boatos.org/entretenimento/vidente-espanhola-nube-maria-previu-quarentena-programa-24-12-2019.html,boatos,2020-03-31,['boato'],1,boato,falso,False,falso,False,
https://www.boatos.org/religiao/pastor-gerson-de-macedo-fez-profecia-em-audio-antes-de-morrer.html,boatos,2020-03-31,['boato'],1,boato,falso,False,falso,False,
https://www.boatos.org/saude/oms-volta-atras-da-razao-bolsonaro-pede-fim-isolamento-social-quer-pessoas-voltem-trabalho.html,boatos,2020-03-31,['boato'],1,boato,falso,False,falso,False,
https://www.boatos.org/politica/grupo-whatsapp-resistencia-para-psol-infectar-coronavirus.html,boatos,2020-03-31,['boato'],1,boato,falso,False,falso,False,
https://www.boatos.org/brasil/caco-barcellos-agredido-povo-2020-ataques-globo-bolsonaro.html,boatos,2020-03-30,['boato'],1,boato,falso,False,falso,False,
https://www.boatos.org/tecnologia/descubra-direito-auxilio-emergencial-compartilhando-link-whatsapp.html,boatos,2020-03-30,['boato'],1,boato,falso,False,falso,False,
https://www.boatos.org/politica/ricardo-certi-assessor-camilo-santana-audio-verdes-mares-ataques-bolsonaro.html,boatos,2020-03-30,['boato'],1,boato,falso,False,falso,False,
https://www.boatos.org/saude/revista-virologia-ph-coronavirus-acido-comer-alimentos-alcalinos.html,boatos,2020-03-30,['boato'],1,boato,falso,False,falso,False,
https://www.boatos.org/entretenimento/band-saiu-do-ar-datena-anunciaria-cura-coronavirus-recebeu-ligacao-misteriosa-china.html,boatos,2020-03-29,['boato'],1,boato,falso,False,falso,False,
https://www.boatos.org/saude/borracheiro-morreu-acidente-pneu-diagnosticado-covid-19-inflar-estatisticas-coronavirus.html,boatos,2020-03-29,['boato'],1,boato,falso,False,falso,False,
https://www.boatos.org/saude/cafe-ou-cha-curam-e-previnem-coronavirus.html,boatos,2020-03-29,['boato'],1,boato,falso,False,falso,False,
https://www.boatos.org/entretenimento/fernanda-torres-torce-coronavirus-mate-muitos-brasileiros.html,boatos,2020-03-29,['boato'],1,boato,falso,False,falso,False,
https://www.boatos.org/saude/dono-rede-atacadao-carrefour-fim-quarentena-demitir-60-funcionarios.html,boatos,2020-03-28,['boato'],1,boato,falso,False,falso,False,
https://www.boatos.org/saude/chefe-rotina-hospital-acari-ronaldo-gazolla-pede-pessoas-saiam-as-ruas-voltem-trabalho.html,boatos,2020-03-28,['boato'],1,boato,falso,False,falso,False,
https://www.boatos.org/mundo/chineses-cuspindo-elevadores-locais-publicos-espalhar-coronavirus.html,boatos,2020-03-28,['boato'],1,boato,falso,False,falso,False,
https://www.boatos.org/mundo/chinesa-presa-supermercado-na-australia-espirrar-cuspir-frutas.html,boatos,2020-03-28,['boato'],1,boato,falso,False,falso,False,
https://www.boatos.org/politica/doria-obriga-samu-atestar-mortes-naturais-como-conovirus.html,boatos,2020-03-28,['boato'],1,boato,falso,False,falso,False,
https://www.boatos.org/saude/estudo-universidade-hamburgo-coronavirus-menos-perigoso-doencas.html,boatos,2020-03-27,['boato'],1,boato,falso,False,falso,False,
https://www.boatos.org/tecnologia/cadastro-auxilio-emergencial-r-600-liberado-governo-site-whatsapp.html,boatos,2020-03-27,['boato'],1,boato,falso,False,falso,False,
https://www.boatos.org/politica/ricardo-amorim-grava-audio-pedindo-fim-da-quarentena-apoiando-bolsonaro.html,boatos,2020-03-27,['boato'],1,boato,falso,False,falso,False,
https://www.boatos.org/brasil/caminhoneiros-ceagesp-ceasa-sao-paulo-jogam-alimentos-quarentena.html,boatos,2020-03-27,['boato'],1,boato,falso,False,falso,False,
https://www.boatos.org/politica/lula-esta-dinamarca-pais-livre-coronavirus-brasil-covid-19.html,boatos,2020-03-26,['boato'],1,boato,falso,False,falso,False,
https://www.boatos.org/entretenimento/arnaldo-jabor-diz-bolsonaro-cara-sem-etiqueta-inteligente-voce-passa-gostar.html,boatos,2020-03-26,['boato'],1,boato,falso,False,falso,False,
https://www.boatos.org/mundo/governador-de-nova-york-diz-pessoas-voltarem-trabalho.html,boatos,2020-03-26,['boato'],1,boato,falso,False,falso,False,
https://www.boatos.org/saude/adib-jatene-critica-isolamento-social-coronavirus-video.html,boatos,2020-03-26,['boato'],1,boato,falso,False,falso,False,
https://www.boatos.org/saude/vacina-novo-coronavirus-covid-19-microchip-colher-identidade-populacao.html,boatos,2020-03-26,['boato'],1,boato,falso,False,falso,False,
https://www.boatos.org/saude/h1n1-gripe-suina-mata-mais-covid-19-novo-coronavirus-provam-numeros.html,boatos,2020-03-25,['boato'],1,boato,falso,False,falso,False,
https://www.boatos.org/politica/the-new-york-times-concorda-com-bolsonaro-presidente-certo-coronavirus.html,boatos,2020-03-25,['boato'],1,boato,falso,False,falso,False,
https://www.boatos.org/saude/unicamp-urgencia-engenheiros-mecanicos-manutencao-respiradores.html,boatos,2020-03-25,['boato'],1,boato,falso,False,falso,False,
https://www.boatos.org/brasil/governo-lei-proibe-saida-pessoas-rua-30-04-multa-r-1-443-prisao-30-dias.html,boatos,2020-03-24,['boato'],1,boato,falso,False,falso,False,
https://www.boatos.org/brasil/crianca-registrada-nome-alquingel-homenagem-covid-19-espirito-santo.html,boatos,2020-03-24,['boato'],1,boato,falso,False,falso,False,
https://www.boatos.org/saude/eua-vacina-cura-coronavirus-tres-horas.html,boatos,2020-03-24,['boato'],1,boato,falso,False,falso,False,
https://www.boatos.org/saude/vacinacao-gripe-idosos-ordem-alfabetica-brasil.html,boatos,2020-03-24,['boato'],1,boato,falso,False,falso,False,
https://www.boatos.org/tecnologia/anatel-esta-dando-7-gb-internet-conscientizacao-novo-coronavirus.html,boatos,2020-03-24,['boato'],1,boato,falso,False,falso,False,
https://www.boatos.org/tecnologia/ifood-cupom-de-r-100-compartilhar-link-whatsapp.html,boatos,2020-03-23,['boato'],1,boato,falso,False,falso,False,
https://www.boatos.org/politica/toffoli-maia-alcolumbre-quarentena-pacto-derrubar-bolsonaro.html,boatos,2020-03-23,['boato'],1,boato,falso,False,falso,False,
https://www.boatos.org/saude/decreto-40-538-proibe-circulacao-idosos-60-anos-distrito-federal.html,boatos,2020-03-23,['boato'],1,boato,falso,False,falso,False,
https://www.boatos.org/politica/lula-bolsonaro-rodrigo-maia-coronavirus.html,boatos,2020-03-22,['boato'],1,boato,falso,False,falso,False,
https://www.boatos.org/saude/mandetta-audio-final-de-abril-topo-pidemia-coronavirus.html,boatos,2020-03-22,['boato'],1,boato,falso,False,falso,False,
https://www.boatos.org/saude/drauzio-varella-continuar-andando-rua-durante-quarentena-coronavirus.html,boatos,2020-03-22,['boato'],1,boato,falso,False,falso,False,
https://www.boatos.org/esporte/casa-gabigol-barra-da-tijuca-rio-de-janeiro-pegou-fogo.html,boatos,2020-03-22,['boato'],1,boato,falso,False,falso,False,
https://www.boatos.org/saude/alexandre-garcia-texto-grande-encenacao-chinesa-coronavirus.html,boatos,2020-03-22,['boato'],1,boato,falso,False,falso,False,
https://www.boatos.org/mundo/foto-caixoes-vitimas-coronavirus-bergamo-italia.html,boatos,2020-03-22,['boato'],1,boato,falso,False,falso,False,
https://www.boatos.org/politica/vera-magalhaes-recebe-r-500-mil-mes-doria-tv-cultura-bolsonaro.html,boatos,2020-03-21,['boato'],1,boato,falso,False,falso,False,
https://www.boatos.org/entretenimento/maju-coutinho-vai-marido-praia-selfie-quarentena-coronavirus.html,boatos,2020-03-21,['boato'],1,boato,falso,False,falso,False,
https://www.boatos.org/saude/pessoas-usam-maconha-imunes-novo-coronavirus.html,boatos,2020-03-21,['boato'],1,boato,falso,False,falso,False,
https://www.boatos.org/saude/eua-cura-novo-coronavirus-teste-hospital-stanford.html,boatos,2020-03-21,['boato'],1,boato,falso,False,falso,False,
https://www.boatos.org/tecnologia/governo-liberou-auxilio-cidadao-saque-fgts-suspensao-contas-agua-luz-agendamento-vacina-contra-covid-19-whatsapp.html,boatos,2020-03-21,['boato'],1,boato,falso,False,falso,False,
https://www.boatos.org/saude/medicos-chineses-chegaram-italia-dicas-novo-coronavirus.html,boatos,2020-03-20,['boato'],1,boato,falso,False,falso,False,
https://www.boatos.org/entretenimento/lenine-desabafo-criticando-quem-bateu-panela-contra-bolsonaro.html,boatos,2020-03-20,['boato'],1,boato,falso,False,falso,False,
https://www.boatos.org/saude/biologa-espanhola-comparacao-salarios-biologos-jogadores-futebol.html,boatos,2020-03-20,['boato'],1,boato,falso,False,falso,False,
https://www.boatos.org/politica/medida-provisoria-922-suspensao-aposentadoria-idosos-ruas.html,boatos,2020-03-20,['boato'],1,boato,falso,False,falso,False,
https://www.boatos.org/brasil/supermercados-bh-anuncia-fechar-quarentena-coronavirus.html,boatos,2020-03-20,['boato'],1,boato,falso,False,falso,False,
https://www.boatos.org/tecnologia/assai-atacadista-doando-alcool-gel-cestas-basica-coronavirus.html,boatos,2020-03-19,['boato'],1,boato,falso,False,falso,False,
https://www.boatos.org/saude/vanguard-vacina-covid-19-coronavirus-armacao.html,boatos,2020-03-19,['boato'],1,boato,falso,False,falso,False,
https://www.boatos.org/saude/hospitais-albert-einstein-sirio-libanes-lotados-coronavirus.html,boatos,2020-03-19,['boato'],1,boato,falso,False,falso,False,
https://www.boatos.org/tecnologia/netflix-liberou-acesso-gratis-periodo-de-isolamento-whatsapp.html,boatos,2020-03-19,['boato'],1,boato,falso,False,falso,False,
https://www.boatos.org/tecnologia/ambev-alcool-gel-de-graca-whatsapp.html,boatos,2020-03-19,['boato'],1,boato,falso,False,falso,False,
https://www.boatos.org/saude/fernando-parrillo-prevent-senior-dados-mortes-coronavirus-escondidos.html,boatos,2020-03-19,['boato'],1,boato,falso,False,falso,False,
https://www.boatos.org/mundo/italia-decidiu-nao-prestar-mais-atendimento-idosos-mais-80-anos-coronavirus.html,boatos,2020-03-18,['boato'],1,boato,falso,False,falso,False,
https://www.boatos.org/saude/nota-oficial-governo-sao-paulo-dicas-covid-19-coronavirus-fechamento-fronteiras.html,boatos,2020-03-18,['boato'],1,boato,falso,False,falso,False,
https://www.boatos.org/religiao/centro-tupyara-vacina-espiritual-coronavirus.html,boatos,2020-03-18,['boato'],1,boato,falso,False,falso,False,
https://www.boatos.org/saude/sintomas-gripe-sao-paulo-156-atendido-casa.html,boatos,2020-03-18,['boato'],1,boato,falso,False,falso,False,
https://www.boatos.org/entretenimento/historiador-catolico-coronavirus-livro-os-olhos-da-escuridao-1981.html,boatos,2020-03-17,['boato'],1,boato,falso,False,falso,False,
https://www.boatos.org/politica/luis-roberto-barroso-ministro-stf-sai-defesa-bolsonaro.html,boatos,2020-03-17,['boato'],1,boato,falso,False,falso,False,
https://www.boatos.org/brasil/ambev-ferias-coletivas-para-fabricacao-cerveja-novo-coronavirus.html,boatos,2020-03-17,['boato'],1,boato,falso,False,falso,False,
https://www.boatos.org/saude/gargarejo-agua-sal-vinagre-cura-coronavirus.html,boatos,2020-03-17,['boato'],1,boato,falso,False,falso,False,
https://www.boatos.org/religiao/alcool-gel-ungido-coronavirus-r500-universal.html,boatos,2020-03-17,['boato'],1,boato,falso,False,falso,False,
https://www.boatos.org/saude/israel-descobriu-cura-vacina-coronavirus-disponivel-maio.html,boatos,2020-03-16,['boato'],1,boato,falso,False,falso,False,
https://www.boatos.org/saude/fiocruz-coronavirus-maior-normal-recomenda-gargarejar-agua-morna.html,boatos,2020-03-16,['boato'],1,boato,falso,False,falso,False,
https://www.boatos.org/tecnologia/beneficiarios-bolsa-familia-ganharao-r-470-coronavirus-whatsapp.html,boatos,2020-03-16,['boato'],1,boato,falso,False,falso,False,
https://www.boatos.org/saude/alho-agua-fervida-cura-novo-coronavirus.html,boatos,2020-03-16,['boato'],1,boato,falso,False,falso,False,
https://www.boatos.org/saude/prova-covid-19-existia-2018-glade-mata-coronavirus.html,boatos,2020-03-16,['boato'],1,boato,falso,False,falso,False,
https://www.boatos.org/mundo/forca-aerea-italiana-apresenta-praia-italia-pavarotti.html,boatos,2020-03-16,['boato'],1,boato,falso,False,falso,False,
https://www.boatos.org/saude/alcool-gel-caseiro-feito-gelatina-protege-novo-coronavirus.html,boatos,2020-03-15,['boato'],1,boato,falso,False,falso,False,
https://www.boatos.org/esporte/cristiano-ronaldo-transformar-hotel-hospital-coronavirus.html,boatos,2020-03-15,['boato'],1,boato,falso,False,falso,False,
https://www.boatos.org/mundo/china-coronavirus-ganhar-3a-guerra-mundial-golpe-mestre.html,boatos,2020-03-15,['boato'],1,boato,falso,False,falso,False,
https://www.boatos.org/entretenimento/nostradamus-previu-chegada-coronavirus-livro-1555.html,boatos,2020-03-15,['boato'],1,boato,falso,False,falso,False,
https://www.boatos.org/brasil/supermercado-guanabara-fechar16-03-a-20-03-coronavirus.html,boatos,2020-03-14,['boato'],1,boato,falso,False,falso,False,
https://www.boatos.org/saude/coronavirus-nao-e-virus-letal-nao-mata-ninguem.html,boatos,2020-03-14,['boato'],1,boato,falso,False,falso,False,
https://www.boatos.org/saude/dr-patrick-martin-dra-lidia-rota-vender-dicas-novo-coronavirus.html,boatos,2020-03-13,['boato'],1,boato,falso,False,falso,False,
https://www.boatos.org/mundo/pessoas-canada-informadas-coronavirus-teste-respiracao.html,boatos,2020-03-13,['boato'],1,boato,falso,False,falso,False,
https://www.boatos.org/saude/bolsonaro-decreta-feriado-7-dias-novo-coronavirus.html,boatos,2020-03-13,['boato'],1,boato,falso,False,falso,False,
https://www.boatos.org/saude/navio-3500-italianos-atracou-buzios-rj.html,boatos,2020-03-13,['boato'],1,boato,falso,False,falso,False,
https://www.boatos.org/saude/cuba-fabricou-vacina-novo-coronavirus.html,boatos,2020-03-12,['boato'],1,boato,falso,False,falso,False,
https://www.boatos.org/saude/diretoria-hospital-stanford-mensagem-novo-coronavirus.html,boatos,2020-03-12,['boato'],1,boato,falso,False,falso,False,
https://www.boatos.org/saude/lair-ribeiro-remedio-rx20-prevencao-catarata.html,boatos,2020-03-12,['boato'],1,boato,falso,False,falso,False,
https://www.boatos.org/saude/unicef-recomendacoes-coronavirus-celula-maior-normal.html,boatos,2020-03-10,['boato'],1,boato,falso,False,falso,False,
https://www.boatos.org/entretenimento/fatima-bernardes-reformar-cela-transexual-suzy-drauzio-varella.html,boatos,2020-03-10,['boato'],1,boato,falso,False,falso,False,
https://www.boatos.org/mundo/china-operacao-xeque-mate-coronavirus.html,boatos,2020-03-10,['boato'],1,boato,falso,False,falso,False,
https://www.boatos.org/entretenimento/pilula-para-emagrecer-unicamp-luciano-huck.html,boatos,2020-03-08,['boato'],1,boato,falso,False,falso,False,
https://www.boatos.org/saude/coronavirus-transmissivel-atraves-vinho-italia.html,boatos,2020-03-05,['boato'],1,boato,falso,False,falso,False,
https://www.boatos.org/entretenimento/simpsons-previu-chegada-coronavirus-episodio-1993.html,boatos,2020-03-05,['boato'],1,boato,falso,False,falso,False,
https://www.boatos.org/entretenimento/asterix-previu-chegada-coronavirus-livro-1981.html,boatos,2020-03-04,['boato'],1,boato,falso,False,falso,False,
https://www.boatos.org/politica/manifestacao-15-de-marco-para-disseminar-coronavirus.html,boatos,2020-03-03,['boato'],1,boato,falso,False,falso,False,
https://www.boatos.org/saude/alcool-gel-acarreta-multa-prisao-teste-bafometro-lei-seca.html,boatos,2020-03-03,['boato'],1,boato,falso,False,falso,False,
https://www.boatos.org/saude/toyota-processa-vigilante-confundiu-coronavirus-corolla-virus.html,boatos,2020-03-02,['boato'],1,boato,falso,False,falso,False,
https://www.boatos.org/saude/cebola-roxa-alho-mel-cura-cancer.html,boatos,2020-03-02,['boato'],1,boato,falso,False,falso,False,
https://www.boatos.org/saude/laila-ahmadi-vitamina-c-chen-horin-limao-coronavirus.html,boatos,2020-03-01,['boato'],1,boato,falso,False,falso,False,
https://www.boatos.org/saude/diretor-hospital-sao-jose-fortaleza-alerta-estocar-comida-coronavirus.html,boatos,2020-03-01,['boato'],1,boato,falso,False,falso,False,
https://www.boatos.org/tecnologia/recarga-facil-creditos-gratis-natal.html,boatos,2017-11-29,['boato'],1,boato,falso,False,falso,False,
https://www.boatos.org/saude/enfermeira-bacteria-sem-cura-dinheiro.html,boatos,2017-11-29,['boato'],1,boato,falso,False,falso,False,
https://www.boatos.org/saude/bacteria-do-dinheiro-mata.html,boatos,2017-11-28,['boato'],1,boato,falso,False,falso,False,
https://www.boatos.org/tecnologia/whatsapp-paga-menina-cancer-medula.html,boatos,2017-11-22,['boato'],1,boato,falso,False,falso,False,
https://www.boatos.org/religiao/papa-francisco-dancando-merengue.html,boatos,2017-11-18,['boato'],1,boato,falso,False,falso,False,
https://www.boatos.org/politica/lula-xinga-dilma-de-cretina-entrevista.html,boatos,2017-11-14,['boato'],1,boato,falso,False,falso,False,
https://www.boatos.org/entretenimento/silvio-santos-roque-lanchonete.html,boatos,2017-11-11,['boato'],1,boato,falso,False,falso,False,
https://www.boatos.org/mundo/hospital-san-juan-dios-doacao.html,boatos,2017-11-11,['boato'],1,boato,falso,False,falso,False,
https://www.boatos.org/brasil/yasmin-desaparecida-compartilhem-foto.html,boatos,2017-11-10,['boato'],1,boato,falso,False,falso,False,
https://www.boatos.org/tecnologia/whatsapp-recargas-gratis-black-friday.html,boatos,2017-11-08,['boato'],1,boato,falso,False,falso,False,
https://www.boatos.org/brasil/burundanga-bandidos-trafico-orgaos.html,boatos,2017-11-07,['boato'],1,boato,falso,False,falso,False,
https://www.boatos.org/brasil/policiais-abordagem-averiguar-celular.html,boatos,2017-11-04,['boato'],1,boato,falso,False,falso,False,
https://www.boatos.org/tecnologia/menina-com-feridas-centavo-whatsapp.html,boatos,2017-11-04,['boato'],1,boato,falso,False,falso,False,
https://www.boatos.org/brasil/foto-como-se-enforcar-criancas.html,boatos,2017-11-03,['boato'],1,boato,falso,False,falso,False,
https://www.boatos.org/saude/7-recomendacoes-medicas-falsas.html,boatos,2017-11-01,['boato'],1,boato,falso,False,falso,False,
https://www.boatos.org/saude/tempero-do-miojo-pega-fogo-e-e-inflamavel-diz-boato.html,boatos,2015-09-30,['boato'],1,boato,falso,False,falso,False,
https://www.boatos.org/tecnologia/whatsapp-pago-boato-fala-que-servico-deixara-de-ser-gratuito.html,boatos,2015-09-26,['boato'],1,boato,falso,False,falso,False,
https://www.boatos.org/saude/alem-da-larva-no-feijao-7-boatos-sobre-alimentos-contaminados-que-correm-a-web.html,boatos,2015-09-24,['boato'],1,boato,falso,False,falso,False,
https://www.boatos.org/saude/feijao-contaminado-com-bicho-mata-10-pessoas-diz-alerta-falso.html,boatos,2015-09-19,['boato'],1,boato,falso,False,falso,False,
https://www.boatos.org/mundo/cientistas-russos-descobrem-cura-para-homossexualidade-diz-noticia-falsa.html,boatos,2015-09-17,['boato'],1,boato,falso,False,falso,False,
https://www.boatos.org/tecnologia/virus-brasileiro-idiota-pode-apagar-o-seu-hd-diz-alerta-falso.html,boatos,2015-09-15,['boato'],1,boato,falso,False,falso,False,
https://www.boatos.org/saude/mentira-corneas-doadas-ao-hospital-de-sorocaba-sao-jogadas-fora.html,boatos,2015-09-11,['boato'],1,boato,falso,False,falso,False,
https://www.boatos.org/brasil/brasil-vai-construir-embaixada-para-terroristas-da-palestina.html,boatos,2015-09-08,['boato'],1,boato,falso,False,falso,False,
https://www.boatos.org/saude/fique-ligado-7-mitos-sobre-cancer-que-sempre-circulam-na-web.html,boatos,2015-09-08,['boato'],1,boato,falso,False,falso,False,
https://www.boatos.org/brasil/menino-leandro-de-8-anos-esta-desaparecido-diz-hoax.html,boatos,2015-09-04,['boato'],1,boato,falso,False,falso,False,
https://www.boatos.org/saude/nuggets-sao-feitos-de-pintinhos-triturados-diz-informacao-falsa.html,boatos,2015-09-03,['boato'],1,boato,falso,False,falso,False,
https://www.boatos.org/saude/brasileiro-descobre-a-cura-do-cancer-e-e-preso-afirma-boato.html,boatos,2015-09-03,['boato'],1,boato,falso,False,falso,False,
https://www.boatos.org/brasil/falta-nota-fiscal-pedagio-gratis.html,boatos,2015-09-02,['boato'],1,boato,falso,False,falso,False,
https://www.boatos.org/mundo/pegadinha-francesa-gravida-faz-video-para-encontrar-pai-do-bebe.html,boatos,2015-09-02,['boato'],1,boato,falso,False,falso,False,
https://www.boatos.org/mundo/ceo-euro-exim-bank-ciclistas-desastre-economia.html,boatos,2020-06-30,['boato'],1,boato,falso,False,falso,False,
https://www.boatos.org/tecnologia/tramontina-kit-completo-panelas-comentar-ok-post-facebook.html,boatos,2020-06-29,['boato'],1,boato,falso,False,falso,False,
https://www.boatos.org/entretenimento/luciano-huck-comprando-votos-2022-zap-bem.html,boatos,2020-06-29,['boato'],1,boato,falso,False,falso,False,
https://www.boatos.org/brasil/video-mostra-lagostas-mortas-beira-da-praia-itacare-bahia.html,boatos,2020-06-28,['boato'],1,boato,falso,False,falso,False,
https://www.boatos.org/brasil/interessados-bolsas-estudo-colegio-sao-bento-ligar-escola.html,boatos,2020-06-28,['boato'],1,boato,falso,False,falso,False,
https://www.boatos.org/religiao/chico-xavier-previu-pandemia-coronavirus-mensagem-desencarnes-coletivos-nova-era.html,boatos,2020-06-27,['boato'],1,boato,falso,False,falso,False,
https://www.boatos.org/politica/romeu-zema-estado-calamidade-minas-gerais-covid.html,boatos,2020-06-27,['boato'],1,boato,falso,False,falso,False,
https://www.boatos.org/saude/policial-invade-necroterio-covid-19-saco-respirando.html,boatos,2020-06-27,['boato'],1,boato,falso,False,falso,False,
https://www.boatos.org/esporte/presidente-flamengo-rodolfo-landim-resposta-jornal-nacional-globo.html,boatos,2020-06-25,['boato'],1,boato,falso,False,falso,False,
https://www.boatos.org/brasil/governo-federal-proibicao-de-aulas-presenciais.html,boatos,2020-06-25,['boato'],1,boato,falso,False,falso,False,
https://www.boatos.org/mundo/italiano-93-anos-chora-divida-hospital.html,boatos,2020-06-24,['boato'],1,boato,falso,False,falso,False,
https://www.boatos.org/tecnologia/brf-vagas-emprego-compartilhar-link-whatsapp.html,boatos,2020-06-24,['boato'],1,boato,falso,False,falso,False,
https://www.boatos.org/brasil/china-construiu-cidade-floresta-roubar-niobio-brasil.html,boatos,2020-06-24,['boato'],1,boato,falso,False,falso,False,
https://www.boatos.org/saude/mascara-ajuda-coronavirus-espalhar-gas-carbonico-so-usada-conversar.html,boatos,2020-06-23,['boato'],1,boato,falso,False,falso,False,
https://www.boatos.org/mundo/argentina-confisco-carros-pais-povo-protesta.html,boatos,2020-06-23,['boato'],1,boato,falso,False,falso,False,
https://www.boatos.org/tecnologia/instituto-mauricio-de-sousa-doando-super-almanaque-turma-da-monica-whatsapp.html,boatos,2020-06-23,['boato'],1,boato,falso,False,falso,False,
https://www.boatos.org/saude/atestado-obito-suspeita-de-covid-19-rende-r-18-000-hospital-diz-medico.html,boatos,2020-06-22,['boato'],1,boato,falso,False,falso,False,
https://www.boatos.org/religiao/pastor-italia-reabre-igreja-fotos-de-fieis-morreram-covid-19.html,boatos,2020-06-22,['boato'],1,boato,falso,False,falso,False,
https://www.boatos.org/brasil/intervias-contrata-120-profissionais-trabalhar-rodovia-sertaozinho-ribeirao-preto.html,boatos,2020-06-21,['boato'],1,boato,falso,False,falso,False,
https://www.boatos.org/tecnologia/programa-vale-gas-inscricoes-abertas-site-whatsapp.html,boatos,2020-06-19,['boato'],1,boato,falso,False,falso,False,
https://www.boatos.org/saude/cada-100-anos-pandemia-assola-humanidade.html,boatos,2020-06-19,['boato'],1,boato,falso,False,falso,False,
https://www.boatos.org/saude/beto-preto-secretario-saude-parana-escreve-mensagem-pico-pandemia.html,boatos,2020-06-18,['boato'],1,boato,falso,False,falso,False,
https://www.boatos.org/saude/dexametasona-cura-covid-19-previne-coronavirus.html,boatos,2020-06-18,['boato'],1,boato,falso,False,falso,False,
https://www.boatos.org/mundo/argentina-faliu-quebrou-todas-empresas-implantou-comunismo-apoio-china.html,boatos,2020-06-18,['boato'],1,boato,falso,False,falso,False,
https://www.boatos.org/entretenimento/foto-cantora-cher-75-anos-junto-mae-97-anos.html,boatos,2020-06-17,['boato'],1,boato,falso,False,falso,False,
https://www.boatos.org/mundo/senegal-cinco-mortes-coronavirus-cloroquina-todos-pacientes.html,boatos,2020-06-17,['boato'],1,boato,falso,False,falso,False,
https://www.boatos.org/saude/pf-encontra-dinheiro-escondido-forro-teto-casa-secretario-saude-paraiba-para-video.html,boatos,2020-06-17,['boato'],1,boato,falso,False,falso,False,
https://www.boatos.org/politica/ministros-do-stf-deixam-rombo-em-itaipu.html,boatos,2020-06-16,['boato'],1,boato,falso,False,falso,False,
https://www.boatos.org/mundo/tedros-adhanom-oms-dancando-forro-shortinho-brasil.html,boatos,2020-06-15,['boato'],1,boato,falso,False,falso,False,
https://www.boatos.org/entretenimento/filha-aldir-blanc-grava-video-alertando-coronavirus.html,boatos,2020-06-14,['boato'],1,boato,falso,False,falso,False,
https://www.boatos.org/mundo/jack-ma-dono-do-brasil-ofende-brasileiros.html,boatos,2020-06-13,['boato'],1,boato,falso,False,falso,False,
https://www.boatos.org/politica/doria-assinou-acordo-vacina-contra-covid-19-agosto-2019.html,boatos,2020-06-13,['boato'],1,boato,falso,False,falso,False,
https://www.boatos.org/tecnologia/mercado-livre-tem-vagas-trabalho-em-casa-quem-compartilhar-whatsapp.html,boatos,2020-06-12,['boato'],1,boato,falso,False,falso,False,
https://www.boatos.org/mundo/video-manifestacao-contra-comunismo-argentina-quarentena.html,boatos,2020-06-12,['boato'],1,boato,falso,False,falso,False,
https://www.boatos.org/saude/creme-dental-kolynos-cloroquina-propaganda.html,boatos,2020-06-11,['boato'],1,boato,falso,False,falso,False,
https://www.boatos.org/tecnologia/celepar-lancou-mapa-mostra-detectados-casos-covid-19.html,boatos,2020-06-11,['boato'],1,boato,falso,False,falso,False,
https://www.boatos.org/politica/lei-obriga-uso-de-mascaras-dentro-de-casa.html,boatos,2020-06-11,['boato'],1,boato,falso,False,falso,False,
https://www.boatos.org/saude/enxofre-alho-previne-cura-coronavirus-covid-19.html,boatos,2020-06-10,['boato'],1,boato,falso,False,falso,False,
https://www.boatos.org/saude/alcool-gel-liquido-chave-carro-causa-incendio-ignicao.html,boatos,2020-06-10,['boato'],1,boato,falso,False,falso,False,
https://www.boatos.org/religiao/pastor-valdemiro-santiago-pegou-coronavirus-e-continuou-pregando.html,boatos,2020-06-10,['boato'],1,boato,falso,False,falso,False,
https://www.boatos.org/tecnologia/programa-prato-cheio-governo-dao-cesta-basica-compartilhar-link-whatsapp.html,boatos,2020-06-09,['boato'],1,boato,falso,False,falso,False,
https://www.boatos.org/saude/porta-voz-diz-oms-contra-isolamento-social.html,boatos,2020-06-09,['boato'],1,boato,falso,False,falso,False,
https://www.boatos.org/mundo/isolamento-social-foi-inutil-porque-oms-disse-assintomaticos-nao-transmitem-covid-19.html,boatos,2020-06-09,['boato'],1,boato,falso,False,falso,False,
https://www.boatos.org/mundo/governo-alemanha-cobranca-china.html,boatos,2020-06-07,['boato'],1,boato,falso,False,falso,False,
https://www.boatos.org/entretenimento/fernando-pessoa-escreveu-texto-depois-de-tudo-comeca-com-de-tudo-ficaram-tres-coisas.html,boatos,2020-06-07,['boato'],1,boato,falso,False,falso,False,
https://www.boatos.org/mundo/trump-chamou-bolsonaro-javier-bolsonaro-deixou-de-seguir-twitter.html,boatos,2020-06-07,['boato'],1,boato,falso,False,falso,False,
https://www.boatos.org/religiao/cantora-gospel-fabiana-anastacio-audio-covid-19-hospital.html,boatos,2020-06-06,['boato'],1,boato,falso,False,falso,False,
https://www.boatos.org/mundo/relatorio-oficial-alemanha-pandemia-coronavirus-alarme-falso.html,boatos,2020-06-06,['boato'],1,boato,falso,False,falso,False,
https://www.boatos.org/saude/oms-reclassifica-conceito-jovens-18-65-anos-idosos-80-99-anos.html,boatos,2020-06-06,['boato'],1,boato,falso,False,falso,False,
https://www.boatos.org/saude/hospital-campanha-anhembi-sao-paulo-vazio-sem-pacientes.html,boatos,2020-06-05,['boato'],1,boato,falso,False,falso,False,
https://www.boatos.org/saude/governos-pernambuco-rio-grande-norte-areia-caixa-alcool-gel.html,boatos,2020-06-05,['boato'],1,boato,falso,False,falso,False,
https://www.boatos.org/saude/portal-transparencia-registro-civil-nao-ha-pandemia-covid-19-brasil.html,boatos,2020-06-05,['boato'],1,boato,falso,False,falso,False,
https://www.boatos.org/tecnologia/skol-dando-geladeirinha-gratis-site-whatsapp.html,boatos,2020-06-04,['boato'],1,boato,falso,False,falso,False,
https://www.boatos.org/entretenimento/renata-vasconcellos-testou-positivo-para-covid-19.html,boatos,2020-06-04,['boato'],1,boato,falso,False,falso,False,
https://www.boatos.org/brasil/luciano-hang-da-havan-recebeu-auxilio-emergencial.html,boatos,2020-06-03,['boato'],1,boato,falso,False,falso,False,
https://www.boatos.org/esporte/video-maradona-muito-gordo-chutando-bola-tenis-quarentena.html,boatos,2020-06-02,['boato'],1,boato,falso,False,falso,False,
https://www.boatos.org/mundo/medicos-israel-dancam-comemoram-zerado-covid-19-video.html,boatos,2020-06-01,['boato'],1,boato,falso,False,falso,False,
https://www.boatos.org/mundo/torre-eiffel-reabre-homenagem-vitimas-covid-19-video.html,boatos,2020-06-01,['boato'],1,boato,falso,False,falso,False,
https://www.boatos.org/mundo/chineses-vendem-sapos-vivos-caminhonete-apos-pandemia.html,boatos,2020-06-01,['boato'],1,boato,falso,False,falso,False,
https://www.boatos.org/mundo/nao-use-telefone-celular-cozinha.html,boatos,2017-02-26,['boato'],1,boato,falso,False,falso,False,
https://www.boatos.org/politica/alexandre-frota-ministro-relacoes.html,boatos,2017-02-25,['boato'],1,boato,falso,False,falso,False,
https://www.boatos.org/tecnologia/video-carnaval-de-pipoca-hackeia.html,boatos,2017-02-25,['boato'],1,boato,falso,False,falso,False,
https://www.boatos.org/brasil/deloitte-contratar-150-vagas.html,boatos,2017-02-18,['boato'],1,boato,falso,False,falso,False,
https://www.boatos.org/saude/agua-morna-cura-cancer.html,boatos,2017-02-15,['boato'],1,boato,falso,False,falso,False,
https://www.boatos.org/saude/frutas-estomago-vazio-evita-cancer.html,boatos,2017-02-13,['boato'],1,boato,falso,False,falso,False,
https://www.boatos.org/brasil/7-anuncios-falsos-de-emprego.html,boatos,2017-02-11,['boato'],1,boato,falso,False,falso,False,
https://www.boatos.org/brasil/caminhoneiro-tiro-procura-familia.html,boatos,2017-02-09,['boato'],1,boato,falso,False,falso,False,
https://www.boatos.org/politica/boatos-dona-marisa-leticia.html,boatos,2017-02-06,['boato'],1,boato,falso,False,falso,False,
https://www.boatos.org/politica/advogado-torceu-marisa-avc.html,boatos,2017-02-05,['boato'],1,boato,falso,False,falso,False,
https://www.boatos.org/politica/morte-dona-marisa-farsa-italia.html,boatos,2017-02-04,['boato'],1,boato,falso,False,falso,False,
https://www.boatos.org/politica/lula-marisa-culpa-sergio-moro.html,boatos,2017-02-03,['boato'],1,boato,falso,False,falso,False,
https://www.boatos.org/mundo/maduro-prender-equipe-medica-ajuda.html,boatos,2019-02-28,['boato'],1,boato,falso,False,falso,False,
https://www.boatos.org/saude/tailandia-carne-porco-cancer.html,boatos,2019-02-25,['boato'],1,boato,falso,False,falso,False,
https://www.boatos.org/politica/boris-casoy-bolsonaro-globo-inferno.html,boatos,2019-02-21,['boato'],1,boato,falso,False,falso,False,
https://www.boatos.org/entretenimento/atriz-suzy-rego-bebada.html,boatos,2019-02-20,['boato'],1,boato,falso,False,falso,False,
https://www.boatos.org/saude/alimentos-colesterol-liberado.html,boatos,2019-02-19,['boato'],1,boato,falso,False,falso,False,
https://www.boatos.org/esporte/jonatas-jogador-flamengo-habacuque.html,boatos,2019-02-16,['boato'],1,boato,falso,False,falso,False,
https://www.boatos.org/saude/dia-d-vacinacao-sarampo-16-fevereiro.html,boatos,2019-02-11,['boato'],1,boato,falso,False,falso,False,
https://www.boatos.org/entretenimento/samba-enredo-uniao-da-ilha-autistas.html,boatos,2019-02-08,['boato'],1,boato,falso,False,falso,False,
https://www.boatos.org/saude/hospital-doando-leite-nan-soy.html,boatos,2015-11-27,['boato'],1,boato,falso,False,falso,False,
https://www.boatos.org/mundo/brasil-pode-ser-o-proximo-alvo-do-estado-islamico-diz-boato.html,boatos,2015-11-15,['boato'],1,boato,falso,False,falso,False,
https://www.boatos.org/saude/novembro-azul-2015-o-exame-de-toque-retal-e-obrigatorio-para-todos-os-homens.html,boatos,2015-11-12,['boato'],1,boato,falso,False,falso,False,
https://www.boatos.org/brasil/hoax-mae-joga-filho-no-lixo-em-caucaia-cachorro-acha-e-leva-para-pm.html,boatos,2015-11-05,['boato'],1,boato,falso,False,falso,False,
https://www.boatos.org/saude/beber-agua-antes-de-pintar-o-cabelo-evita-cancer-diz-dica-falsa.html,boatos,2015-11-04,['boato'],1,boato,falso,False,falso,False,
https://www.boatos.org/politica/bruno-covas-libera-cloroquina-em-2021.html,boatos,2021-01-31,['boato'],1,boato,falso,False,falso,False,
https://www.boatos.org/politica/doria-negou-vacinas-prefeita-de-bauru-ela-foi-pedir-bolsonaro.html,boatos,2021-01-29,['boato'],1,boato,falso,False,falso,False,
https://www.boatos.org/brasil/fevereiro-tem-4-domingos-4-segundas-4-tercas-etc-uma-vez-cada-823-anos.html,boatos,2021-01-29,['boato'],1,boato,falso,False,falso,False,
https://www.boatos.org/tecnologia/influenciadores-digitais-do-brasil-nao-tem-relevancia-no-exterio.html,boatos,2021-01-28,['boato'],1,boato,falso,False,falso,False,
https://www.boatos.org/saude/covid-19-farsa-criada-venda-de-orgaos-mercado-negro.html,boatos,2021-01-28,['boato'],1,boato,falso,False,falso,False,
https://www.boatos.org/saude/vacina-contra-covid-19-mais-perigosa-virus-mostra-video.html,boatos,2021-01-28,['boato'],1,boato,falso,False,falso,False,
https://www.boatos.org/saude/carvativir-gotas-milagrosas-100-cura-covid-19.html,boatos,2021-01-28,['boato'],1,boato,falso,False,falso,False,
https://www.boatos.org/politica/doria-pagou-outdoor-campo-grande-ms-dinheiro-publico.html,boatos,2021-01-28,['boato'],1,boato,falso,False,falso,False,
https://www.boatos.org/tecnologia/whatsapp-vai-deixar-de-funcionar-em-todos-celulares-samsung-motorola-sony-iphone.html,boatos,2021-01-27,['boato'],1,boato,falso,False,falso,False,
https://www.boatos.org/mundo/governo-irlanda-coloca-aviso-contra-vacina-mascara-pedagios.html,boatos,2021-01-27,['boato'],1,boato,falso,False,falso,False,
https://www.boatos.org/saude/medicos-hospital-beneficente-portuguesa-manaus-desabafo-pandemia.html,boatos,2021-01-26,['boato'],1,boato,falso,False,falso,False,
https://www.boatos.org/saude/hospitais-militares-nao-registram-morte-covid-19-pandemia-farsa.html,boatos,2021-01-26,['boato'],1,boato,falso,False,falso,False,
https://www.boatos.org/politica/policia-federal-desvenda-sacanagem-vacina-chinesa-brasil.html,boatos,2021-01-26,['boato'],1,boato,falso,False,falso,False,
https://www.boatos.org/saude/pastor-wenceslau-morre-apos-tomar-vacina-contra-covid-19.html,boatos,2021-01-25,['boato'],1,boato,falso,False,falso,False,
https://www.boatos.org/saude/anvisa-aprovou-falsas-vacinas.html,boatos,2021-01-25,['boato'],1,boato,falso,False,falso,False,
https://www.boatos.org/politica/bolsonaro-apagou-todas-fotos-promovia-cloroquina.html,boatos,2021-01-24,['boato'],1,boato,falso,False,falso,False,
https://www.boatos.org/brasil/vendedor-morreu-abordado-pela-policia.html,boatos,2021-01-24,['boato'],1,boato,falso,False,falso,False,
https://www.boatos.org/politica/ministro-da-saude-eduardo-pazuello-filmado-em-aula-de-bale.html,boatos,2021-01-23,['boato'],1,boato,falso,False,falso,False,
https://www.boatos.org/saude/luciano-hang-da-havan-anuncia-doacao-200-cilindros-oxigenio-para-manaus.html,boatos,2021-01-23,['boato'],1,boato,falso,False,falso,False,
https://www.boatos.org/saude/enfermeiras-paraty-vacina-chinesa-covid-19.html,boatos,2021-01-23,['boato'],1,boato,falso,False,falso,False,
https://www.boatos.org/saude/biden-e-american-journal-of-medicine-recomendam-hidroxicloroquina.html,boatos,2021-01-22,['boato'],1,boato,falso,False,falso,False,
https://www.boatos.org/brasil/reporter-pergunta-medico-negro-tomou-vacina-bahia-se-ele-e-motorista-ou-socorrista.html,boatos,2021-01-22,['boato'],1,boato,falso,False,falso,False,
https://www.boatos.org/politica/carlos-bolsonaro-furou-fila-tomou-vacina-contra-covid-19.html,boatos,2021-01-22,['boato'],1,boato,falso,False,falso,False,
https://www.boatos.org/mundo/israelenses-tomaram-vacina-lotam-hospitais-efeitos-colaterais.html,boatos,2021-01-21,['boato'],1,boato,falso,False,falso,False,
https://www.boatos.org/saude/vacina-sem-agulha-sendo-aplicada-mundo-todo.html,boatos,2021-01-20,['boato'],1,boato,falso,False,falso,False,
https://www.boatos.org/tecnologia/sephora-vai-fechar-lojas-doar-produtos-beleza.html,boatos,2021-01-20,['boato'],1,boato,falso,False,falso,False,
https://www.boatos.org/saude/vacina-nao-da-imunidade-nao-elimina-virus-nao-impede-morte-nao-serve-para-nada.html,boatos,2021-01-20,['boato'],1,boato,falso,False,falso,False,
https://www.boatos.org/saude/venezuela-nao-doou-oxigenio-para-amazonas-foi-white-martins.html,boatos,2021-01-20,['boato'],1,boato,falso,False,falso,False,
https://www.boatos.org/saude/medico-cabo-frio-afirma-vacina-covid-19-mata.html,boatos,2021-01-19,['boato'],1,boato,falso,False,falso,False,
https://www.boatos.org/tecnologia/vacinaja-vacinaja-sp-gov-br-um-site-fake-aplica-golpes.html,boatos,2021-01-19,['boato'],1,boato,falso,False,falso,False,
https://www.boatos.org/politica/filho-lula-comprou-20-sinovac-pacto-doria-com-pt.html,boatos,2021-01-19,['boato'],1,boato,falso,False,falso,False,
https://www.boatos.org/saude/propolis-previne-cura-covid-19.html,boatos,2021-01-19,['boato'],1,boato,falso,False,falso,False,
https://www.boatos.org/brasil/aviao-da-fab-passa-entre-torres-congresso-nacional.html,boatos,2021-01-19,['boato'],1,boato,falso,False,falso,False,
https://www.boatos.org/saude/anthony-wong-envenenado-china-por-ser-contra-vacina.html,boatos,2021-01-18,['boato'],1,boato,falso,False,falso,False,
https://www.boatos.org/saude/enfermeira-monica-calazans-ja-havia-sido-vacinada-covid-19.html,boatos,2021-01-18,['boato'],1,boato,falso,False,falso,False,
https://www.boatos.org/saude/secretario-de-saude-de-sao-paulo-chegamos-ao-pico-recomenda-tratamento-precoce-e-ph-covid-19.html,boatos,2021-01-17,['boato'],1,boato,falso,False,falso,False,
https://www.boatos.org/brasil/revista-veja-fechou-funcionarios-gravam-ultima-edicao.html,boatos,2021-01-17,['boato'],1,boato,falso,False,falso,False,
https://www.boatos.org/brasil/lg-parar-producao-doar-oxigenio-manaus.html,boatos,2021-01-16,['boato'],1,boato,falso,False,falso,False,
https://www.boatos.org/politica/falta-oxigenio-manaus-amazonas-porque-governador-nao-quer-comprar-da-oposicao-tem-divida-fornecedor.html,boatos,2021-01-15,['boato'],1,boato,falso,False,falso,False,
https://www.boatos.org/saude/vacina-natural-organismo-imuniza-contra-covid-19.html,boatos,2021-01-15,['boato'],1,boato,falso,False,falso,False,
https://www.boatos.org/tecnologia/ministerio-da-saude-pesquisa-pede-codigo-sms-whatsapp.html,boatos,2021-01-14,['boato'],1,boato,falso,False,falso,False,
https://www.boatos.org/tecnologia/renner-esta-doando-produtos-beleza-vai-fechar-lojas-fisicas.html,boatos,2021-01-14,['boato'],1,boato,falso,False,falso,False,
https://www.boatos.org/saude/eficacia-global-vacina-coronavac-4969-nao-de-5038.html,boatos,2021-01-14,['boato'],1,boato,falso,False,falso,False,
https://www.boatos.org/tecnologia/programa-renda-familiar-mensal-inscricoes-site-whatsapp.html,boatos,2021-01-13,['boato'],1,boato,falso,False,falso,False,
https://www.boatos.org/saude/tabela-cronograma-vacinacao-brasil-estados-rj-am.html,boatos,2021-01-12,['boato'],1,boato,falso,False,falso,False,
https://www.boatos.org/saude/video-vacuna-show-farsa-da-vacinacao-covid-19.html,boatos,2021-01-10,['boato'],1,boato,falso,False,falso,False,
https://www.boatos.org/saude/cadastro-conecte-sus-obrigatorio-vacinar-covid-19.html,boatos,2021-01-09,['boato'],1,boato,falso,False,falso,False,
https://www.boatos.org/mundo/cristina-kirchner-tomou-vacina-covid-19-sem-agulha-mascara.html,boatos,2021-01-09,['boato'],1,boato,falso,False,falso,False,
https://www.boatos.org/saude/gerson-camarotti-pediu-cassacao-registro-medicos-receitam-antivirais-contra-covid-19.html,boatos,2021-01-08,['boato'],1,boato,falso,False,falso,False,
https://www.boatos.org/saude/secretario-saude-minas-gerais-mensagem-chegamos-ao-pico.html,boatos,2021-01-08,['boato'],1,boato,falso,False,falso,False,
https://www.boatos.org/mundo/presidente-pais-leste-europeu-vacinou-sem-agulha.html,boatos,2021-01-07,['boato'],1,boato,falso,False,falso,False,
https://www.boatos.org/saude/pfizer-proibe-sexo-apos-vacina-por-causa-alteracoes-dna.html,boatos,2021-01-07,['boato'],1,boato,falso,False,falso,False,
https://www.boatos.org/mundo/enfermeira-khalilah-mitchell-paralisia-facial-vacina.html,boatos,2021-01-07,['boato'],1,boato,falso,False,falso,False,
https://www.boatos.org/mundo/nao-havera-mais-regresso-normalidade-viviamos.html,boatos,2021-01-06,['boato'],1,boato,falso,False,falso,False,
https://www.boatos.org/saude/todos-tomado-ivermectina-imuniza-mais-vacina-pandemia-teria-acabado.html,boatos,2021-01-06,['boato'],1,boato,falso,False,falso,False,
https://www.boatos.org/entretenimento/faustao-internado-uti-causa-covid-19.html,boatos,2021-01-05,['boato'],1,boato,falso,False,falso,False,
https://www.boatos.org/mundo/papa-nao-manifestou-sobre-legalizacao-aborto-argentina.html,boatos,2021-01-05,['boato'],1,boato,falso,False,falso,False,
https://www.boatos.org/saude/video-nao-devemos-ter-esperanca-vacina.html,boatos,2021-01-05,['boato'],1,boato,falso,False,falso,False,
https://www.boatos.org/mundo/voo-914-da-pan-america-durou-37-anos-aviao-pousar.html,boatos,2021-01-04,['boato'],1,boato,falso,False,falso,False,
https://www.boatos.org/mundo/argentina-vacinou-duas-vezes-mesmo-homem-contra-a-covid-19.html,boatos,2021-01-03,['boato'],1,boato,falso,False,falso,False,
https://www.boatos.org/saude/soro-instituto-vital-brazil-100-cura-covid-19.html,boatos,2021-01-03,['boato'],1,boato,falso,False,falso,False,
https://www.boatos.org/mundo/kamala-harris-seringa-falsa-tomar-vacina-contra-covid-19.html,boatos,2021-01-03,['boato'],1,boato,falso,False,falso,False,
https://www.boatos.org/politica/radio-band-soltou-bomba-washington-post-doria-china.html,boatos,2021-01-01,['boato'],1,boato,falso,False,falso,False,
https://www.boatos.org/saude/ceo-pfizer-disse-nao-vai-tomar-vacina-contra-covid-19.html,boatos,2021-01-01,['boato'],1,boato,falso,False,falso,False,
https://www.boatos.org/brasil/cuidado-link-brincadeira-graca-acaba-morte-predio-recife-esconde-malware-facebook.html,boatos,2013-08-29,['boato'],1,boato,falso,False,falso,False,
https://www.boatos.org/saude/hoax-aponta-que-a-cebola-e-um-ima-de-bacterias-e-previne-gripe.html,boatos,2013-08-19,['boato'],1,boato,falso,False,falso,False,
https://www.boatos.org/saude/celular-escuro-maculopatia-cancer-olho.html,boatos,2018-08-31,['boato'],1,boato,falso,False,falso,False,
https://www.boatos.org/politica/planserv-bahia-vendida-qualicorp.html,boatos,2018-08-31,['boato'],1,boato,falso,False,falso,False,
https://www.boatos.org/politica/coca-cola-vai-deixar-o-brasil.html,boatos,2018-08-23,['boato'],1,boato,falso,False,falso,False,
https://www.boatos.org/saude/socorrista-resgatista-avc-minuto-agua.html,boatos,2018-08-22,['boato'],1,boato,falso,False,falso,False,
https://www.boatos.org/politica/nicolas-maduro-cair-venezuela-guerra.html,boatos,2018-08-22,['boato'],1,boato,falso,False,falso,False,
https://www.boatos.org/politica/guilherme-boulos-mansao-mtst.html,boatos,2018-08-19,['boato'],1,boato,falso,False,falso,False,
https://www.boatos.org/saude/propaganda-cigarro-winston-gravidez.html,boatos,2018-08-17,['boato'],1,boato,falso,False,falso,False,
https://www.boatos.org/politica/governador-pezao-video-milicianos-rio.html,boatos,2018-08-16,['boato'],1,boato,falso,False,falso,False,
https://www.boatos.org/brasil/disco-voador-bocaiuva-do-sul-parana.html,boatos,2018-08-16,['boato'],1,boato,falso,False,falso,False,
https://www.boatos.org/saude/otavio-garoto-suicidio-jogos-eletronicos.html,boatos,2018-08-09,['boato'],1,boato,falso,False,falso,False,
https://www.boatos.org/saude/abacaxi-cola-cola-rins-vesicula.html,boatos,2018-08-08,['boato'],1,boato,falso,False,falso,False,
https://www.boatos.org/brasil/pai-esteril-divorcio-ceara.html,boatos,2018-08-03,['boato'],1,boato,falso,False,falso,False,
https://www.boatos.org/saude/biscoito-nesfit-fogo-plastico.html,boatos,2018-08-02,['boato'],1,boato,falso,False,falso,False,
https://www.boatos.org/saude/atestado-medico-ressaca-conselho.html,boatos,2018-08-02,['boato'],1,boato,falso,False,falso,False,
https://www.aosfatos.org/noticias/e-falso-que-usuario-precisa-se-cadastrar-no-sus-para-evitar-corte-em-posto-de-saude/,aos fatos,2019-11-27,['falso'],1,falso,falso,False,falso,False,
https://www.aosfatos.org/noticias/abdelmassih-nao-foi-solto-apos-decisao-do-stf-sobre-segunda-instancia/,aos fatos,2019-11-12,['falso'],1,falso,falso,False,falso,False,
https://www.aosfatos.org/noticias/e-falso-que-primeira-dama-pediu-ao-governo-envio-de-veterinarios-para-resgatar-animais-em-brumadinho/,aos fatos,2019-01-28,['falso'],1,falso,falso,False,falso,False,
https://www.aosfatos.org/noticias/moro-nao-retirou-tomadas-de-presidios-medida-e-parte-de-lei-sancionada-no-Ceara/,aos fatos,2019-01-17,['falso'],1,falso,falso,False,falso,False,
https://www.aosfatos.org/noticias/cortar-acucar-ou-tomar-limao-e-oleo-de-coco-nao-curam-cancer-texto-traz-informacoes-falsas/,aos fatos,2019-01-15,['falso'],1,falso,falso,False,falso,False,
https://www.aosfatos.org/noticias/nao-e-verdade-que-promotor-pediu-prisao-de-lutadora-de-MMA-que-reagiu-assalto-no-rio/,aos fatos,2019-01-08,['falso'],1,falso,falso,False,falso,False,
https://www.aosfatos.org/noticias/curriculo-de-professora-universitaria-do-amazonas-e-atribuido-a-mulher-do-vice-presidente-mourao/,aos fatos,2019-01-04,['falso'],1,falso,falso,False,falso,False,
https://www.aosfatos.org/noticias/e-falso-que-covid-19-nao-matou-nenhum-politico-no-brasil/,aos fatos,2020-09-23,"['falso', 'falso']",2,falso|falso,falso|falso,False,falso,False,
https://www.aosfatos.org/noticias/e-falso-que-doria-vendeu-empresas-china/,aos fatos,2020-09-17,"['falso', 'falso']",2,falso|falso,falso|falso,False,falso,False,
https://www.aosfatos.org/noticias/e-falso-que-fazer-exercicio-usando-mascara-leve-falta-de-oxigenio-no-organismo/,aos fatos,2020-09-15,"['falso', 'falso']",2,falso|falso,falso|falso,False,falso,False,
https://www.aosfatos.org/noticias/e-falso-que-adolescentes-morreram-apos-receberem-dose-da-coronavac/,aos fatos,2020-09-14,"['falso', 'falso']",2,falso|falso,falso|falso,False,falso,False,
https://www.aosfatos.org/noticias/nao-e-verdade-que-vacina-contra-covid-19-cause-dano-irreversivel-ao-dna-humano/,aos fatos,2020-09-10,"['falso', 'falso', 'falso', 'falso', 'falso', 'falso', 'falso', 'falso', 'falso', 'falso']",10,falso|falso|falso|falso|falso|falso|falso|falso|falso|falso,falso|falso|falso|falso|falso|falso|falso|falso|falso|falso,False,falso,False,
https://www.aosfatos.org/noticias/e-falso-que-base-de-dados-mostra-que-kits-de-testes-para-covid-19-eram-comprados-desde-2017/,aos fatos,2020-09-09,"['falso', 'falso']",2,falso|falso,falso|falso,False,falso,False,
https://www.aosfatos.org/noticias/teste-de-prender-respiracao-nao-indica-se-alguem-tem-covid-19/,aos fatos,2020-09-08,"['falso', 'falso']",2,falso|falso,falso|falso,False,falso,False,
https://www.aosfatos.org/noticias/foto-de-rodrigo-maia-em-evento-com-pezao-foi-registrada-em-2018/,aos fatos,2020-09-08,"['falso', 'falso']",2,falso|falso,falso|falso,False,falso,False,
https://www.aosfatos.org/noticias/post-usa-dados-em-atualizacao-ao-relacionar-praias-lotadas-queda-de-obitos-por-covid-19/,aos fatos,2020-09-04,"['falso', 'falso']",2,falso|falso,falso|falso,False,falso,False,
https://www.aosfatos.org/noticias/bahia-nao-abriu-licitacao-para-remedio-oferecido-de-graca-pelo-ministerio-da-saude/,aos fatos,2020-09-04,"['falso', 'falso']",2,falso|falso,falso|falso,False,falso,False,
https://www.aosfatos.org/noticias/china-nao-preferiu-vacina-contra-covid-19-de-oxford-e-descartou-vendida-para-sp/,aos fatos,2020-09-03,['distorcido'],1,distorcido,verdadeiro fora de contexto ou exagerado,False,verdadeiro fora de contexto ou exagerado,False,
https://www.aosfatos.org/noticias/uso-de-mascaras-nao-aumenta-acidez-no-sangue-nem-prejudica-imunidade/,aos fatos,2020-09-03,['falso'],1,falso,falso,False,falso,False,
https://www.aosfatos.org/noticias/video-nao-mostra-tenia-sendo-retirada-do-estomago-de-uma-mulher/,aos fatos,2020-09-02,"['falso', 'falso']",2,falso|falso,falso|falso,False,falso,False,
https://www.aosfatos.org/noticias/e-falso-que-pesquisa-americana-disse-que-so-6-das-vitimas-de-covid-19-morreram-pela-infeccao/,aos fatos,2020-09-02,"['falso', 'falso']",2,falso|falso,falso|falso,False,falso,False,
https://www.aosfatos.org/noticias/deputadas-nao-foram-contra-denunciar-estupradores-em-carta-onu/,aos fatos,2020-09-01,"['falso', 'falso']",2,falso|falso,falso|falso,False,falso,False,
https://www.aosfatos.org/noticias/covid-19-nao-quer-dizer-certificado-internacional-de-vacinacao-com-inteligencia-artificial/,aos fatos,2020-09-01,"['falso', 'falso', 'falso', 'falso', 'falso', 'falso']",6,falso|falso|falso|falso|falso|falso,falso|falso|falso|falso|falso|falso,False,falso,False,
https://www.aosfatos.org/noticias/estudo-coreano-nao-concluiu-que-distanciamento-social-e-inutil-contra-covid-19/,aos fatos,2020-07-31,"['falso', 'falso']",2,falso|falso,falso|falso,False,falso,False,
https://www.aosfatos.org/noticias/prefeituras-nao-recebem-r-19-mil-do-governo-federal-cada-morte-por-covid-19/,aos fatos,2020-07-30,"['falso', 'falso']",2,falso|falso,falso|falso,False,falso,False,
https://www.aosfatos.org/noticias/em-video-difundido-por-trump-medica-engana-ao-dizer-que-cloroquina-cura-covid19/,aos fatos,2020-07-29,"['falso', 'falso', 'falso', 'falso']",4,falso|falso|falso|falso,falso|falso|falso|falso,False,falso,False,
https://www.aosfatos.org/noticias/nao-e-verdade-que-uso-de-mascara-reduz-nivel-de-oxigenio-no-sangue/,aos fatos,2020-07-29,"['falso', 'falso', 'falso', 'falso']",4,falso|falso|falso|falso,falso|falso|falso|falso,False,falso,False,
https://www.aosfatos.org/noticias/foto-de-homem-com-rosto-inchado-nao-retrata-efeito-colateral-da-coronavac/,aos fatos,2020-07-28,"['falso', 'falso']",2,falso|falso,falso|falso,False,falso,False,
https://www.aosfatos.org/noticias/e-falso-que-coronavac-usa-celulas-de-bebes-abortados/,aos fatos,2020-07-28,['falso'],1,falso,falso,False,falso,False,
https://www.aosfatos.org/noticias/nao-e-verdade-que-cascas-de-laranja-e-limao-contem-ivermectina-e-cloroquina/,aos fatos,2020-07-24,"['falso', 'falso']",2,falso|falso,falso|falso,False,falso,False,
https://www.aosfatos.org/noticias/e-falso-que-oms-recomendou-vacina-produzida-na-china-e-descartou-outra-dos-eua/,aos fatos,2020-07-23,"['falso', 'falso']",2,falso|falso,falso|falso,False,falso,False,
https://www.aosfatos.org/noticias/nao-e-verdade-que-video-prova-que-testes-de-vacina-em-sp-sao-armados/,aos fatos,2020-07-23,"['falso', 'falso']",2,falso|falso,falso|falso,False,falso,False,
https://www.aosfatos.org/noticias/video-nao-mostra-execucao-de-reporter-que-denunciou-superfaturamento-no-para/,aos fatos,2020-07-22,"['falso', 'falso']",2,falso|falso,falso|falso,False,falso,False,
https://www.aosfatos.org/noticias/governo-nao-demitiu-396-mil-servidores-por-fraude-em-auxilio-emergencial/,aos fatos,2020-07-22,"['falso', 'falso']",2,falso|falso,falso|falso,False,falso,False,
https://www.aosfatos.org/noticias/nao-e-verdade-que-oms-aprovou-mistura-de-pimenta-mel-e-gengibre-como-cura-da-covid-19/,aos fatos,2020-07-21,"['falso', 'falso']",2,falso|falso,falso|falso,False,falso,False,
https://www.aosfatos.org/noticias/e-falso-que-ivermectina-apresentou-bons-resultados-contra-covid-19-em-outros-paises/,aos fatos,2020-07-20,"['falso', 'falso']",2,falso|falso,falso|falso,False,falso,False,
https://www.aosfatos.org/noticias/e-falso-que-porto-feliz-em-sao-paulo-nao-registra-mortes-por-covid-19/,aos fatos,2020-07-17,"['falso', 'falso']",2,falso|falso,falso|falso,False,falso,False,
https://www.aosfatos.org/noticias/nao-e-verdade-que-assintomaticos-da-covid-19-transmitem-anticorpos-outras-pessoas/,aos fatos,2020-07-17,"['falso', 'falso', 'falso', 'falso']",4,falso|falso|falso|falso,falso|falso|falso|falso,False,falso,False,
https://www.aosfatos.org/noticias/e-falso-que-premie-e-ministro-franceses-foram-demitidos-por-suspender-uso-da-hidroxicloroquina/,aos fatos,2020-07-16,"['falso', 'falso']",2,falso|falso,falso|falso,False,falso,False,
https://www.aosfatos.org/noticias/uso-precoce-de-ivermectina-azitromicina-e-aas-contra-covid-19-nao-tem-respaldo-cientifico/,aos fatos,2020-07-14,"['falso', 'falso', 'falso', 'falso']",4,falso|falso|falso|falso,falso|falso|falso|falso,False,falso,False,
https://www.aosfatos.org/noticias/e-falso-que-oms-nao-recomenda-o-uso-de-mascaras-por-pessoas-saudaveis/,aos fatos,2020-07-13,['falso'],1,falso,falso,False,falso,False,
https://www.aosfatos.org/noticias/medico-engana-ao-prometer-que-tratamento-caseiro-com-remedios-cura-covid-19/,aos fatos,2020-07-13,"['falso', 'falso', 'falso', 'falso', 'falso', 'falso', 'falso', 'falso']",8,falso|falso|falso|falso|falso|falso|falso|falso,falso|falso|falso|falso|falso|falso|falso|falso,False,falso,False,
https://www.aosfatos.org/noticias/e-falso-que-camara-liberou-aborto-ate-22-semanas-durante-pandemia/,aos fatos,2020-07-10,"['falso', 'falso']",2,falso|falso,falso|falso,False,falso,False,
https://www.aosfatos.org/noticias/medicos-desinformam-ao-recomendar-ivermectina-para-prevenir-e-tratar-covid-19/,aos fatos,2020-07-10,['falso'],1,falso,falso,False,falso,False,
https://www.aosfatos.org/noticias/nao-e-de-cortella-texto-que-critica-quem-atira-pedras-em-governantes-por-causa-da-pandemia/,aos fatos,2020-07-10,"['falso', 'falso']",2,falso|falso,falso|falso,False,falso,False,
https://www.aosfatos.org/noticias/nao-e-verdade-que-teste-que-diagnostica-covid-19-pode-causar-inflamacao-no-cerebro/,aos fatos,2020-07-09,"['falso', 'falso']",2,falso|falso,falso|falso,False,falso,False,
https://www.aosfatos.org/noticias/e-falso-que-video-mostra-luiz-mandetta-e-gilmar-mendes-em-restaurante-em-lisboa/,aos fatos,2020-07-09,"['falso', 'falso']",2,falso|falso,falso|falso,False,falso,False,
https://www.aosfatos.org/noticias/ivermectina-azitromicina-e-acetilcisteina-nao-tem-eficacia-comprovada-contra-covid-19/,aos fatos,2020-07-08,"['falso', 'falso']",2,falso|falso,falso|falso,False,falso,False,
https://www.aosfatos.org/noticias/ao-anunciar-que-contraiu-covid-19-bolsonaro-recorre-informacoes-falsas-sobre-pandemia/,aos fatos,2020-07-07,"['falso', 'falso', 'falso', 'falso', 'falso', 'falso', 'falso', 'falso', 'contraditório', 'contraditório', 'verdadeiro']",11,falso|falso|falso|falso|falso|falso|falso|falso|contraditorio|contraditorio|verdadeiro,falso|falso|falso|falso|falso|falso|falso|falso|nao_mapeavel|nao_mapeavel|verdadeiro,True,,False,
https://www.aosfatos.org/noticias/texto-cita-informacoes-falsas-e-distorcidas-ao-orientar-automedicacao-contra-covid-19/,aos fatos,2020-07-06,"['falso', 'falso', 'falso', 'falso', 'falso', 'falso', 'falso', 'falso']",8,falso|falso|falso|falso|falso|falso|falso|falso,falso|falso|falso|falso|falso|falso|falso|falso,False,falso,False,
https://www.aosfatos.org/noticias/nao-e-verdade-que-medica-foi-demitida-por-perseguicao-politica-na-bahia/,aos fatos,2020-07-03,"['falso', 'falso']",2,falso|falso,falso|falso,False,falso,False,
https://www.aosfatos.org/noticias/video-de-tempestade-em-2017-compartilhado-como-se-fosse-de-ciclone-no-sul-do-brasil/,aos fatos,2020-07-01,"['falso', 'falso']",2,falso|falso,falso|falso,False,falso,False,
https://www.aosfatos.org/noticias/nao-e-verdade-que-stf-afastou-bolsonaro-de-acoes-para-o-controle-da-pandemia/,aos fatos,2020-07-01,"['falso', 'falso']",2,falso|falso,falso|falso,False,falso,False,
https://www.aosfatos.org/noticias/eunicio-defende-marco-zero-para-seguranca-publica-mas-sistema-ja-existe/,aos fatos,2018-02-19,['contraditório'],1,contraditorio,nao_mapeavel,False,nao_mapeavel,False,
https://www.aosfatos.org/noticias/outros-partidos-receberam-dinheiro-de-envolvidos-n/,aos fatos,2016-01-21,['impreciso'],1,impreciso,verdadeiro fora de contexto ou exagerado,False,verdadeiro fora de contexto ou exagerado,False,
https://www.aosfatos.org/noticias/crivella-exalta-mais-emprego-e-menos-crime-no-rio-mas-dados-mostram-outro-cenario/,aos fatos,2017-09-15,"['impreciso', 'falso', 'falso']",3,impreciso|falso|falso,verdadeiro fora de contexto ou exagerado|falso|falso,True,,False,
https://www.aosfatos.org/noticias/e-falso-que-video-mostre-venezuelanos-atacando-soldados-brasileiros/,aos fatos,2019-08-30,['falso'],1,falso,falso,False,falso,False,
https://www.aosfatos.org/noticias/quadrado-na-embalagem-de-pasta-de-dente-nao-indica-origem-de-ingredientes/,aos fatos,2019-08-30,['falso'],1,falso,falso,False,falso,False,
https://www.aosfatos.org/noticias/e-falso-que-perfurar-dedos-e-orelhas-auxilie-no-socorro-a-vitimas-de-avc/,aos fatos,2019-08-21,['falso'],1,falso,falso,False,falso,False,
https://www.aosfatos.org/noticias/osmar-terra-cita-informacoes-falsas-ao-discutir-legalizacao-da-maconha/,aos fatos,2019-08-15,"['falso', 'falso', 'impreciso', 'impreciso', 'verdadeiro']",5,falso|falso|impreciso|impreciso|verdadeiro,falso|falso|verdadeiro fora de contexto ou exagerado|verdadeiro fora de contexto ou exagerado|verdadeiro,True,,False,
https://www.aosfatos.org/noticias/e-falso-que-validade-da-carteira-de-motorista-passou-de-cinco-para-dez-anos/,aos fatos,2019-08-09,['falso'],1,falso,falso,False,falso,False,
https://www.aosfatos.org/noticias/japao-nao-proibiu-o-forno-microondas-texto-que-circula-nas-redes-e-de-site-satirico/,aos fatos,2019-08-07,['falso'],1,falso,falso,False,falso,False,
https://www.aosfatos.org/noticias/reducao-de-gastos-com-saneamento-explica-mas-nao-justifica-atuais-epidemias/,aos fatos,2016-03-22,['impreciso'],1,impreciso,verdadeiro fora de contexto ou exagerado,False,verdadeiro fora de contexto ou exagerado,False,
https://www.aosfatos.org/noticias/checamos-o-balanco-do-primeiro-ano-de-temer-na-presidencia/,aos fatos,2017-05-12,"['falso', 'verdadeiro', 'impreciso', 'falso', 'impreciso', 'exagerado']",6,falso|verdadeiro|impreciso|falso|impreciso|exagerado,falso|verdadeiro|verdadeiro fora de contexto ou exagerado|falso|verdadeiro fora de contexto ou exagerado|verdadeiro fora de contexto ou exagerado,True,,False,
https://www.aosfatos.org/noticias/pf-nao-interceptou-remessa-de-dolares-de-cuba-ao-pt-em-caixas-de-medicamento/,aos fatos,2018-11-30,['falso'],1,falso,falso,False,falso,False,
https://www.aosfatos.org/noticias/e-falso-que-comissao-de-direitos-humanos-mandou-prender-estudante-que-bateu-em-assaltante-em-mg/,aos fatos,2018-11-29,['falso'],1,falso,falso,False,falso,False,
https://www.aosfatos.org/noticias/bolsonaro-nao-disse-que-pacientes-com-cancer-custam-muito-caro-e-que-vai-cortar-tratamento/,aos fatos,2018-11-22,['falso'],1,falso,falso,False,falso,False,
https://www.aosfatos.org/noticias/cubanos-nao-tem-privilegio-no-edital-do-mais-medicos-texto-no-whatsapp-e-enganoso/,aos fatos,2018-11-21,['falso'],1,falso,falso,False,falso,False,
https://www.aosfatos.org/noticias/escolas-de-medicina-de-cuba-formam-mais-de-3600-medicos-por-ano-e-nao-300-como-diz-meme/,aos fatos,2018-11-21,['falso'],1,falso,falso,False,falso,False,
https://www.aosfatos.org/noticias/video-de-medica-reune-diversas-informacoes-falsas-sobre-mais-medicos/,aos fatos,2018-11-19,['falso'],1,falso,falso,False,falso,False,
https://www.aosfatos.org/noticias/o-que-e-fato-nas-declaracoes-de-jair-bolsonaro-sobre-o-programa-mais-medicos/,aos fatos,2018-11-16,"['falso', 'contraditório', 'verdadeiro']",3,falso|contraditorio|verdadeiro,falso|nao_mapeavel|verdadeiro,True,,False,
https://www.aosfatos.org/noticias/dipirona-nao-e-importada-da-venezuela-nem-esta-infectada-por-virus-mortal/,aos fatos,2018-11-07,['falso'],1,falso,falso,False,falso,False,
https://www.aosfatos.org/noticias/aviao-em-queda-mostrado-em-video-nao-tem-relacao-com-acidente-na-etiopia/,aos fatos,2019-03-19,['falso'],1,falso,falso,False,falso,False,
https://www.aosfatos.org/noticias/e-falso-que-lula-e-dilma-nunca-se-hospedaram-na-blair-house-nos-eua/,aos fatos,2019-03-18,['falso'],1,falso,falso,False,falso,False,
https://www.aosfatos.org/noticias/lula-nao-vetou-distribuicao-de-vacina-contra-meningite-posts-distorcem-informacoes/,aos fatos,2019-03-07,['distorcido'],1,distorcido,verdadeiro fora de contexto ou exagerado,False,verdadeiro fora de contexto ou exagerado,False,
https://www.aosfatos.org/noticias/integrantes-do-governo-recorrem-informacoes-falsas-para-minimizar-desastre-no-nordeste/,aos fatos,2019-10-29,"['falso', 'falso', 'falso', 'falso', 'falso', 'insustentável']",6,falso|falso|falso|falso|falso|insustentavel,falso|falso|falso|falso|falso|nao_mapeavel,True,,False,
https://www.aosfatos.org/noticias/comprimidos-nao-devem-ser-partidos-pelo-paciente-antes-de-ingeridos/,aos fatos,2019-10-08,['falso'],1,falso,falso,False,falso,False,
https://www.aosfatos.org/noticias/e-falso-que-seis-pessoas-morreram-de-overdose-no-rock-rio/,aos fatos,2019-10-08,['falso'],1,falso,falso,False,falso,False,
https://www.aosfatos.org/noticias/e-falso-que-agua-quente-com-abacaxi-cura-o-cancer/,aos fatos,2019-10-02,['falso'],1,falso,falso,False,falso,False,
https://www.aosfatos.org/noticias/nao-e-verdade-que-estados-recebem-r-19-mil-por-cada-morte-de-covid-19/,aos fatos,2021-03-31,['falso'],1,falso,falso,False,falso,False,
https://www.aosfatos.org/noticias/nao-e-verdade-que-governo-do-sergipe-aboliu-direito-propriedade-privada/,aos fatos,2021-03-30,['falso'],1,falso,falso,False,falso,False,
https://www.aosfatos.org/noticias/e-falso-que-tratamento-precoce-zerou-internacoes-por-covid-19-em-15-cidades/,aos fatos,2021-03-30,['falso'],1,falso,falso,False,falso,False,
https://www.aosfatos.org/noticias/nao-e-verdade-que-exigencia-de-cpf-em-notificacao-de-morte-fez-cair-obitos-por-covid-19/,aos fatos,2021-03-29,['distorcido'],1,distorcido,verdadeiro fora de contexto ou exagerado,False,verdadeiro fora de contexto ou exagerado,False,
https://www.aosfatos.org/noticias/e-falso-que-vacinas-podem-gerar-reacao-letal-em-30-dos-imunizados/,aos fatos,2021-03-29,['falso'],1,falso,falso,False,falso,False,
https://www.aosfatos.org/noticias/radicais-usam-imagem-de-pm-que-abriu-fogo-em-salvador-para-divulgar-informacoes-falsas/,aos fatos,2021-03-29,['falso'],1,falso,falso,False,falso,False,
https://www.aosfatos.org/noticias/governador-de-se-nao-ordenou-policia-agredir-quem-burlar-toque-de-recolher/,aos fatos,2021-03-26,['falso'],1,falso,falso,False,falso,False,
https://www.aosfatos.org/noticias/e-falso-que-policiais-se-recusaram-coibir-protesto-contra-lockdown-na-italia/,aos fatos,2021-03-25,['falso'],1,falso,falso,False,falso,False,
https://www.aosfatos.org/noticias/e-falso-calendario-de-vacinacao-contra-covid-19-de-pessoas-entre-18-e-71-anos/,aos fatos,2021-03-24,['falso'],1,falso,falso,False,falso,False,
https://www.aosfatos.org/noticias/e-falso-que-ivermectina-seja-mais-eficaz-que-vacinas-contra-covid-19/,aos fatos,2021-03-24,['falso'],1,falso,falso,False,falso,False,
https://www.aosfatos.org/noticias/nao-e-verdade-que-o-brasil-nao-teve-nenhum-caso-de-dengue-em-2021/,aos fatos,2021-03-24,['falso'],1,falso,falso,False,falso,False,
https://www.aosfatos.org/noticias/e-falso-que-brasil-produziu-vacina-contra-covid-19-em-segredo-com-ajuda-de-israel/,aos fatos,2021-03-24,['falso'],1,falso,falso,False,falso,False,
https://www.aosfatos.org/noticias/e-falso-que-governo-do-ceara-simulou-caos-hospitalar-em-video-gravacao-e-de-israel/,aos fatos,2021-03-23,['falso'],1,falso,falso,False,falso,False,
https://www.aosfatos.org/noticias/e-falso-que-medico-tenha-curado-pacientes-com-covid-19-com-flutamida/,aos fatos,2021-03-22,['falso'],1,falso,falso,False,falso,False,
https://www.aosfatos.org/noticias/nao-e-atual-video-de-saque-a-supermercado-de-salvador-mas-de-2012/,aos fatos,2021-03-22,['falso'],1,falso,falso,False,falso,False,
https://www.aosfatos.org/noticias/e-falso-que-cilindro-de-oxigenio-caseiro-tenha-eficacia-medica/,aos fatos,2021-03-19,['falso'],1,falso,falso,False,falso,False,
https://www.aosfatos.org/noticias/foto-de-2019-volta-circular-para-criticar-maju-coutinho-por-fala-sobre-isolamento/,aos fatos,2021-03-19,['distorcido'],1,distorcido,verdadeiro fora de contexto ou exagerado,False,verdadeiro fora de contexto ou exagerado,False,
https://www.aosfatos.org/noticias/e-falso-que-empresarios-de-mt-irao-cuba-para-tomar-vacina-sputnik-v/,aos fatos,2021-03-19,['falso'],1,falso,falso,False,falso,False,
https://www.aosfatos.org/noticias/e-falso-que-nao-ha-internados-com-covid-19-em-buzios-por-causa-de-tratamento-precoce/,aos fatos,2021-03-18,['falso'],1,falso,falso,False,falso,False,
https://www.aosfatos.org/noticias/foto-do-governador-de-pe-e-prefeito-de-recife-em-confraternizacao-e-de-2017/,aos fatos,2021-03-18,['distorcido'],1,distorcido,verdadeiro fora de contexto ou exagerado,False,verdadeiro fora de contexto ou exagerado,False,
https://www.aosfatos.org/noticias/e-falso-que-sao-lourenco-zerou-mortes-e-internacoes-por-covid-19-devido-tratamento-precoce/,aos fatos,2021-03-17,['falso'],1,falso,falso,False,falso,False,
https://www.aosfatos.org/noticias/e-falso-que-governo-de-sp-descartou-respiradores-para-aumentar-mortes-por-covid-19/,aos fatos,2021-03-17,['falso'],1,falso,falso,False,falso,False,
https://www.aosfatos.org/noticias/e-falso-que-joao-doria-cortara-energia-eletrica-em-sp-entre-0h-e-6h/,aos fatos,2021-03-16,['falso'],1,falso,falso,False,falso,False,
https://www.aosfatos.org/noticias/nao-e-verdade-que-governadores-escondem-vacinas-contra-covid-19/,aos fatos,2021-03-15,['falso'],1,falso,falso,False,falso,False,
https://www.aosfatos.org/noticias/foto-de-pm-tentando-prender-ambulante-e-antiga-e-nao-tem-relacao-com-lockdown/,aos fatos,2021-03-12,['falso'],1,falso,falso,False,falso,False,
https://www.aosfatos.org/noticias/e-falso-que-novo-estudo-comprova-eficacia-da-ivermectina-contra-covid-19/,aos fatos,2021-03-11,['falso'],1,falso,falso,False,falso,False,
https://www.aosfatos.org/noticias/foto-de-doria-em-almoco-com-integrantes-do-governo-de-sp-foi-registrada-em-2019/,aos fatos,2021-03-11,['distorcido'],1,distorcido,verdadeiro fora de contexto ou exagerado,False,verdadeiro fora de contexto ou exagerado,False,
https://www.aosfatos.org/noticias/video-em-que-lula-diz-que-esta-livre-para-ajudar-libertar-o-brasil-nao-e-atual-mas-de-2019/,aos fatos,2021-03-09,['distorcido'],1,distorcido,verdadeiro fora de contexto ou exagerado,False,verdadeiro fora de contexto ou exagerado,False,
https://www.aosfatos.org/noticias/e-falso-que-nao-houve-mortes-por-covid-19-na-cidade-de-rancho-queimado/,aos fatos,2021-03-09,['falso'],1,falso,falso,False,falso,False,
https://www.aosfatos.org/noticias/e-falso-que-cdc-admitiu-que-mascaras-nao-protegem-contra-covid-19/,aos fatos,2021-03-08,['falso'],1,falso,falso,False,falso,False,
https://www.aosfatos.org/noticias/carros-da-ufrn-foram-ligados-para-inspecao-nao-para-queimar-combustivel/,aos fatos,2021-03-05,['distorcido'],1,distorcido,verdadeiro fora de contexto ou exagerado,False,verdadeiro fora de contexto ou exagerado,False,
https://www.aosfatos.org/noticias/posts-compartilham-imagens-de-dinheiro-apreendido-em-sergipe-como-se-fossem-do-maranhao/,aos fatos,2021-03-05,['distorcido'],1,distorcido,verdadeiro fora de contexto ou exagerado,False,verdadeiro fora de contexto ou exagerado,False,
https://www.aosfatos.org/noticias/e-falso-que-hospital-de-porto-alegre-esteja-vazio-em-meio-pandemia-de-covid-19/,aos fatos,2021-03-04,['falso'],1,falso,falso,False,falso,False,
https://www.aosfatos.org/noticias/dados-do-cdc-voltam-ser-distorcidos-para-sugerir-mortes-apos-vacinacao-nos-eua/,aos fatos,2021-03-04,['distorcido'],1,distorcido,verdadeiro fora de contexto ou exagerado,False,verdadeiro fora de contexto ou exagerado,False,
https://www.aosfatos.org/noticias/nao-e-verdade-que-anvisa-confirma-mortes-em-decorrencia-de-vacinas-contra-covid-19/,aos fatos,2021-03-03,['distorcido'],1,distorcido,verdadeiro fora de contexto ou exagerado,False,verdadeiro fora de contexto ou exagerado,False,
https://www.aosfatos.org/noticias/e-falso-que-coquetel-com-hidroxicloroquina-azitromicina-e-ivermectina-cure-covid-19/,aos fatos,2021-03-02,['falso'],1,falso,falso,False,falso,False,
https://www.aosfatos.org/noticias/e-falso-que-estudo-concluiu-que-ivermectina-reduziu-em-75-infeccoes-por-covid-19/,aos fatos,2021-03-02,['falso'],1,falso,falso,False,falso,False,
https://www.aosfatos.org/noticias/e-falso-que-uso-de-mascaras-reduz-entrada-de-oxigenio-nos-pulmoes/,aos fatos,2020-06-26,"['falso', 'falso']",2,falso|falso,falso|falso,False,falso,False,
https://www.aosfatos.org/noticias/prefeito-de-sao-paulo-nao-proibiu-uso-de-hidroxicloroquina-nem-disse-que-tomou-medicamento/,aos fatos,2020-06-25,"['falso', 'falso']",2,falso|falso,falso|falso,False,falso,False,
https://www.aosfatos.org/noticias/e-falso-que-hospitais-recebem-r-18-mil-para-cada-registro-de-obito-com-suspeita-de-covid-19/,aos fatos,2020-06-25,"['falso', 'falso']",2,falso|falso,falso|falso,False,falso,False,
https://www.aosfatos.org/noticias/decisao-da-fda-nao-amplia-uso-de-cloroquina-para-tratamento-da-covid-19-nos-eua/,aos fatos,2020-06-24,"['falso', 'falso']",2,falso|falso,falso|falso,False,falso,False,
https://www.aosfatos.org/noticias/e-falso-que-hospital-em-fortaleza-fechou-ala-de-covid-19-por-falta-de-pacientes/,aos fatos,2020-06-24,"['falso', 'falso']",2,falso|falso,falso|falso,False,falso,False,
https://www.aosfatos.org/noticias/nao-ha-evidencias-de-que-uso-prolongado-de-mascaras-torna-o-sangue-acido/,aos fatos,2020-06-23,"['falso', 'falso']",2,falso|falso,falso|falso,False,falso,False,
https://www.aosfatos.org/noticias/e-falso-que-oms-disse-que-coronavac-nao-foi-testada-em-nenhum-lugar-do-mundo/,aos fatos,2020-06-19,"['falso', 'falso']",2,falso|falso,falso|falso,False,falso,False,
https://www.aosfatos.org/noticias/chas-de-boldo-do-chile-e-de-quina-quina-nao-previnem-nem-curam-covid-19/,aos fatos,2020-06-19,['falso'],1,falso,falso,False,falso,False,
https://www.aosfatos.org/noticias/azitromicina-ivermectina-e-nitazoxanida-nao-tem-eficacia-comprovada-contra-covid-19/,aos fatos,2020-06-19,"['falso', 'falso']",2,falso|falso,falso|falso,False,falso,False,
https://www.aosfatos.org/noticias/enfermeiro-engana-ao-dizer-em-video-que-estados-e-municipios-faturam-com-mortes-por-covid-19/,aos fatos,2020-06-19,"['falso', 'falso', 'falso', 'falso', 'falso', 'falso']",6,falso|falso|falso|falso|falso|falso,falso|falso|falso|falso|falso|falso,False,falso,False,
https://www.aosfatos.org/noticias/foto-de-joice-hasselmann-em-hospital-e-de-marco-e-nao-tem-relacao-com-covid-19/,aos fatos,2020-06-18,"['falso', 'falso']",2,falso|falso,falso|falso,False,falso,False,
https://www.aosfatos.org/noticias/e-falso-que-policia-apreendeu-dinheiro-na-casa-do-secretario-de-saude-de-belem/,aos fatos,2020-06-17,"['falso', 'falso']",2,falso|falso,falso|falso,False,falso,False,
https://www.aosfatos.org/noticias/e-falso-que-doria-fechou-contrato-com-chineses-em-2019-para-vacina-contra-o-novo-coronavirus/,aos fatos,2020-06-16,"['falso', 'falso']",2,falso|falso,falso|falso,False,falso,False,
https://www.aosfatos.org/noticias/projeto-aprovado-pela-camara-nao-obriga-usar-mascara-dentro-de-casa/,aos fatos,2020-06-12,"['falso', 'falso']",2,falso|falso,falso|falso,False,falso,False,
https://www.aosfatos.org/noticias/noticia-sobre-suicidio-de-empresario-que-demitiu-223-e-antiga-e-sem-relacao-com-pandemia/,aos fatos,2020-06-10,"['falso', 'falso']",2,falso|falso,falso|falso,False,falso,False,
https://www.aosfatos.org/noticias/haddad-nao-celebrou-aniversario-com-amigos-durante-pandemia-foto-e-de-2018/,aos fatos,2020-06-10,['falso'],1,falso,falso,False,falso,False,
https://www.aosfatos.org/noticias/e-incorreto-dizer-que-oms-concluiu-que-assintomaticos-nao-tem-potencial-de-transmitir-covid19/,aos fatos,2020-06-09,['distorcido'],1,distorcido,verdadeiro fora de contexto ou exagerado,False,verdadeiro fora de contexto ou exagerado,False,
https://www.aosfatos.org/noticias/posts-distorcem-fala-de-porta-voz-da-oms-para-sugerir-que-entidade-recuou-sobre-quarentena/,aos fatos,2020-06-09,['distorcido'],1,distorcido,verdadeiro fora de contexto ou exagerado,False,verdadeiro fora de contexto ou exagerado,False,
https://www.aosfatos.org/noticias/governo-da-alemanha-nao-enviou-china-conta-bilionaria-de-prejuizos-com-pandemia/,aos fatos,2020-06-09,['falso'],1,falso,falso,False,falso,False,
https://www.aosfatos.org/noticias/pazuello-nao-disse-que-suspeita-de-covid-19-nao-pode-mais-constar-em-atestados-de-obito/,aos fatos,2020-06-08,"['falso', 'falso']",2,falso|falso,falso|falso,False,falso,False,
https://www.aosfatos.org/noticias/foto-de-sacos-pretos-nao-mostra-fraude-de-enterros-de-vitimas-de-covid-19-no-brasil/,aos fatos,2020-06-03,"['falso', 'falso']",2,falso|falso,falso|falso,False,falso,False,
https://www.aosfatos.org/noticias/aluna-foi-expulsa-de-sala-por-uso-de-celular-e-nao-por-apoiar-bolsonaro/,aos fatos,2018-08-20,['falso'],1,falso,falso,False,falso,False,
https://www.aosfatos.org/noticias/bolsonaro-erra-dados-sobre-armas-nos-eua-reforma-da-previdencia-e-meio-ambiente/,aos fatos,2018-08-04,"['falso', 'falso', 'impreciso', 'contraditório', 'falso', 'falso']",6,falso|falso|impreciso|contraditorio|falso|falso,falso|falso|verdadeiro fora de contexto ou exagerado|nao_mapeavel|falso|falso,True,,False,
https://www.aosfatos.org/noticias/alckmin-cita-dados-errados-sobre-numero-de-penitenciarias-e-consumo-de-drogas-na-globonews/,aos fatos,2018-08-03,"['insustentável', 'impreciso', 'impreciso', 'verdadeiro', 'verdadeiro']",5,insustentavel|impreciso|impreciso|verdadeiro|verdadeiro,nao_mapeavel|verdadeiro fora de contexto ou exagerado|verdadeiro fora de contexto ou exagerado|verdadeiro|verdadeiro,True,,False,
https://www.aosfatos.org/noticias/aos-fatos-checa-em-tempo-real-debate-da-tv-globo-no-rio/,aos fatos,2016-09-29,"['falso', 'verdadeiro', 'verdadeiro', 'falso', 'verdadeiro', 'falso', 'verdadeiro', 'impreciso', 'verdadeiro', 'verdadeiro', 'insustentável', 'falso', 'falso', 'exagerado']",14,falso|verdadeiro|verdadeiro|falso|verdadeiro|falso|verdadeiro|impreciso|verdadeiro|verdadeiro|insustentavel|falso|falso|exagerado,falso|verdadeiro|verdadeiro|falso|verdadeiro|falso|verdadeiro|verdadeiro fora de contexto ou exagerado|verdadeiro|verdadeiro|nao_mapeavel|falso|falso|verdadeiro fora de contexto ou exagerado,True,,False,
https://www.aosfatos.org/noticias/veja-o-que-checamos-em-tempo-real-no-debate-da-tv-record-no-rio/,aos fatos,2016-09-25,"['impreciso', 'falso', 'insustentável', 'verdadeiro', 'verdadeiro', 'falso', 'falso', 'falso', 'falso', 'falso', 'exagerado', 'falso']",12,impreciso|falso|insustentavel|verdadeiro|verdadeiro|falso|falso|falso|falso|falso|exagerado|falso,verdadeiro fora de contexto ou exagerado|falso|nao_mapeavel|verdadeiro|verdadeiro|falso|falso|falso|falso|falso|verdadeiro fora de contexto ou exagerado|falso,True,,False,
https://www.aosfatos.org/noticias/osorio-cita-estatisticas-de-todo-o-estado-para-medir-crime-na-capital/,aos fatos,2016-09-06,['falso'],1,falso,falso,False,falso,False,
https://www.aosfatos.org/noticias/ao-contrario-do-que-diz-crivella-rio-nao-e-campeao-em-mortalidade-materna/,aos fatos,2016-09-05,['falso'],1,falso,falso,False,falso,False,
https://www.aosfatos.org/noticias/nao-e-verdade-que-cloroquina-azitromicina-ivermectina-zinco-e-vitamina-c-curam-covid-19/,aos fatos,2021-04-29,['falso'],1,falso,falso,False,falso,False,
https://www.aosfatos.org/noticias/video-de-leitos-vazios-nao-prova-que-utis-foram-zeradas-em-hospital-na-paraiba/,aos fatos,2021-04-29,['distorcido'],1,distorcido,verdadeiro fora de contexto ou exagerado,False,verdadeiro fora de contexto ou exagerado,False,
https://www.aosfatos.org/noticias/tv-globo-nao-orientou-jornalistas-manipularem-cobertura-da-pandemia/,aos fatos,2021-04-28,['falso'],1,falso,falso,False,falso,False,
https://www.aosfatos.org/noticias/e-montagem-foto-de-bolsonaro-com-cartaz-390000-cpfs-cancelados/,aos fatos,2021-04-28,['falso'],1,falso,falso,False,falso,False,
https://www.aosfatos.org/noticias/medico-engana-ao-afirmar-que-tratamento-precoce-foi-comprovado-cientificamente/,aos fatos,2021-04-27,['falso'],1,falso,falso,False,falso,False,
https://www.aosfatos.org/noticias/e-falso-que-estudo-de-stanford-concluiu-que-mascaras-sao-ineficazes-contra-covid-19/,aos fatos,2021-04-27,['falso'],1,falso,falso,False,falso,False,
https://www.aosfatos.org/noticias/nao-e-verdade-que-teste-para-covid-19-da-positivo-em-contato-com-agua/,aos fatos,2021-04-26,['falso'],1,falso,falso,False,falso,False,
https://www.aosfatos.org/noticias/e-falso-que-pesquisa-americana-nao-encontrou-sars-cov-2-em-1500-testes-positivos/,aos fatos,2021-04-23,['falso'],1,falso,falso,False,falso,False,
https://www.aosfatos.org/noticias/bolsonaro-nao-construiu-secretamente-industrias-de-vacina-e-de-tecnologia-5g/,aos fatos,2021-04-23,['falso'],1,falso,falso,False,falso,False,
https://www.aosfatos.org/noticias/e-falso-que-celular-de-adelio-bispo-nao-foi-periciado-pela-policia/,aos fatos,2021-04-20,['falso'],1,falso,falso,False,falso,False,
https://www.aosfatos.org/noticias/nao-e-atual-mas-de-2017-video-em-que-manifestantes-atiram-pedras-em-policiais-na-argentina/,aos fatos,2021-04-20,['distorcido'],1,distorcido,verdadeiro fora de contexto ou exagerado,False,verdadeiro fora de contexto ou exagerado,False,
https://www.aosfatos.org/noticias/e-falso-que-bahia-zerou-fila-de-pacientes-intubados-com-covid-19-apos-anuncio-de-cpi/,aos fatos,2021-04-20,['falso'],1,falso,falso,False,falso,False,
https://www.aosfatos.org/noticias/e-falso-que-doria-e-witzel-participaram-de-carnaval-em-2020-ja-sabendo-da-pandemia/,aos fatos,2021-04-19,['falso'],1,falso,falso,False,falso,False,
https://www.aosfatos.org/noticias/senado-da-italia-aprovou-cuidado-domiciliar-nao-tratamento-precoce-para-covid-19/,aos fatos,2021-04-19,['falso'],1,falso,falso,False,falso,False,
https://www.aosfatos.org/noticias/e-falso-que-forcas-armadas-vao-fiscalizar-restricoes-contra-covid-19-na-argentina/,aos fatos,2021-04-16,['falso'],1,falso,falso,False,falso,False,
https://www.aosfatos.org/noticias/posts-omitem-fatos-ao-dizer-que-carnaval-foi-mantido-em-2020-apesar-de-estado-de-emergencia/,aos fatos,2021-04-16,['distorcido'],1,distorcido,verdadeiro fora de contexto ou exagerado,False,verdadeiro fora de contexto ou exagerado,False,
https://www.aosfatos.org/noticias/estudo-da-prefeitura-de-sorocaba-sobre-tratamento-precoce-tem-metodologia-falha/,aos fatos,2021-04-15,['falso'],1,falso,falso,False,falso,False,
https://www.aosfatos.org/noticias/queda-de-mortes-por-covid-19-no-am-nao-e-consequencia-de-tratamento-precoce/,aos fatos,2021-04-15,['falso'],1,falso,falso,False,falso,False,
https://www.aosfatos.org/noticias/nao-e-verdade-que-video-mostre-policiais-impedindo-trabalho-de-caminhoneiros-no-pr/,aos fatos,2021-04-14,['falso'],1,falso,falso,False,falso,False,
https://www.aosfatos.org/noticias/e-falso-que-rn-quitou-salarios-de-servidores-com-verbas-federais-exclusivas-para-covid-19/,aos fatos,2021-04-14,['falso'],1,falso,falso,False,falso,False,
https://www.aosfatos.org/noticias/e-falso-que-variantes-do-novo-coronavirus-provocam-danos-graves-ao-figado/,aos fatos,2021-04-13,['falso'],1,falso,falso,False,falso,False,
https://www.aosfatos.org/noticias/e-de-2019-e-nao-atual-foto-de-ivete-sangalo-em-mesa-com-25-pessoas/,aos fatos,2021-04-12,['falso'],1,falso,falso,False,falso,False,
https://www.aosfatos.org/noticias/e-falso-que-governo-federal-repassou-r-40-bilhoes-para-rs-aplicar-na-saude/,aos fatos,2021-04-12,['falso'],1,falso,falso,False,falso,False,
https://www.aosfatos.org/noticias/e-falso-que-stf-autorizou-criacao-de-campos-de-concentracao-para-nao-vacinados/,aos fatos,2021-04-12,['falso'],1,falso,falso,False,falso,False,
https://www.aosfatos.org/noticias/e-falso-que-banhistas-expulsaram-fiscais-de-praia-do-rio-durante-pandemia/,aos fatos,2021-04-09,['falso'],1,falso,falso,False,falso,False,
https://www.aosfatos.org/noticias/nunes-marques-cita-dados-falsos-e-distorcidos-ao-defender-igrejas-abertas-na-pandemia/,aos fatos,2021-04-08,"['falso', 'insustentável', 'impreciso', 'verdadeiro']",4,falso|insustentavel|impreciso|verdadeiro,falso|nao_mapeavel|verdadeiro fora de contexto ou exagerado|verdadeiro,True,,False,
https://www.aosfatos.org/noticias/foto-de-reporter-de-mascara-e-macacao-volta-a-circular-para-insinuar-que-midia-fabrica-panico/,aos fatos,2021-04-08,['distorcido'],1,distorcido,verdadeiro fora de contexto ou exagerado,False,verdadeiro fora de contexto ou exagerado,False,
https://www.aosfatos.org/noticias/e-falso-que-decreto-impede-policiais-de-fiscalizar-cumprimento-de-medidas-restritivas/,aos fatos,2021-04-08,['falso'],1,falso,falso,False,falso,False,
https://www.aosfatos.org/noticias/tabela-promove-tratamento-precoce-com-base-em-site-de-metodologia-duvidosa/,aos fatos,2021-04-07,['falso'],1,falso,falso,False,falso,False,
https://www.aosfatos.org/noticias/nao-e-verdade-que-idosa-foi-enterrada-viva-em-sao-paulo/,aos fatos,2021-04-07,['falso'],1,falso,falso,False,falso,False,
https://www.aosfatos.org/noticias/e-falso-que-tratamento-precoce-zerou-internacoes-por-covid-19-em-cascavel/,aos fatos,2021-04-06,['falso'],1,falso,falso,False,falso,False,
https://www.aosfatos.org/noticias/nao-e-verdade-que-chapeco-tenha-zerado-internacoes-por-covid-19/,aos fatos,2021-04-05,['falso'],1,falso,falso,False,falso,False,
https://www.aosfatos.org/noticias/video-nao-mostra-policiais-franceses-em-protesto-contra-medidas-de-restricao/,aos fatos,2021-04-05,['falso'],1,falso,falso,False,falso,False,
https://www.aosfatos.org/noticias/video-nao-mostra-enterro-falso-de-covid-19-mas-gravacao-de-reportagem-sobre-coveiros/,aos fatos,2021-04-01,['falso'],1,falso,falso,False,falso,False,
https://www.aosfatos.org/noticias/video-nao-mostra-fraude-de-mortes-na-pandemia-mas-bastidor-de-clipe-de-rapper-russo/,aos fatos,2021-04-01,['falso'],1,falso,falso,False,falso,False,
https://www.aosfatos.org/noticias/lula-ataca-psol-responde-e-nos-checamos-a-briga-na-esquerda/,aos fatos,2017-07-21,"['insustentável', 'falso', 'insustentável', 'verdadeiro', 'verdadeiro', 'verdadeiro', 'verdadeiro', 'impreciso', 'verdadeiro', 'verdadeiro', 'exagerado']",11,insustentavel|falso|insustentavel|verdadeiro|verdadeiro|verdadeiro|verdadeiro|impreciso|verdadeiro|verdadeiro|exagerado,nao_mapeavel|falso|nao_mapeavel|verdadeiro|verdadeiro|verdadeiro|verdadeiro|verdadeiro fora de contexto ou exagerado|verdadeiro|verdadeiro|verdadeiro fora de contexto ou exagerado,True,,False,
https://www.aosfatos.org/noticias/maia-se-contradiz-sobre-aborto-e-ignora-distorcoes-na-reforma-da-previdencia/,aos fatos,2017-07-19,"['contraditório', 'exagerado', 'exagerado']",3,contraditorio|exagerado|exagerado,nao_mapeavel|verdadeiro fora de contexto ou exagerado|verdadeiro fora de contexto ou exagerado,True,,False,
https://www.aosfatos.org/noticias/no-roda-viva-ciro-repete-dados-errados-sobre-previdencia-e-orcamento/,aos fatos,2018-05-30,"['falso', 'impreciso', 'falso', 'impreciso', 'insustentável', 'impreciso']",6,falso|impreciso|falso|impreciso|insustentavel|impreciso,falso|verdadeiro fora de contexto ou exagerado|falso|verdadeiro fora de contexto ou exagerado|nao_mapeavel|verdadeiro fora de contexto ou exagerado,True,,False,
https://www.aosfatos.org/noticias/projeto-que-retira-rotulos-de-produtos-transgenicos-usa-dados-errados-em-sua-justificativa/,aos fatos,2018-05-09,"['insustentável', 'falso', 'insustentável']",3,insustentavel|falso|insustentavel,nao_mapeavel|falso|nao_mapeavel,True,,False,
https://www.aosfatos.org/noticias/checamos-o-que-flavio-bolsonaro-disse-sobre-seguranca-publica-em-entrevista-globonews/,aos fatos,2018-12-06,"['insustentável', 'insustentável', 'verdadeiro']",3,insustentavel|insustentavel|verdadeiro,nao_mapeavel|nao_mapeavel|verdadeiro,True,,False,
https://www.aosfatos.org/noticias/e-falso-que-oms-admitiu-erro-e-se-desculpou-por-posicionamento-sobre-hidroxicloroquina/,aos fatos,2020-08-31,"['falso', 'falso']",2,falso|falso,falso|falso,False,falso,False,
https://www.aosfatos.org/noticias/O-que-e-fato-e-ficcao-discurso-Wilson-Witzel-apos-afastado-governo-Rio/,aos fatos,2020-08-28,"['falso', 'falso', 'falso', 'falso', 'impreciso', 'impreciso', 'impreciso', 'impreciso', 'verdadeiro', 'verdadeiro', 'verdadeiro', 'verdadeiro']",12,falso|falso|falso|falso|impreciso|impreciso|impreciso|impreciso|verdadeiro|verdadeiro|verdadeiro|verdadeiro,falso|falso|falso|falso|verdadeiro fora de contexto ou exagerado|verdadeiro fora de contexto ou exagerado|verdadeiro fora de contexto ou exagerado|verdadeiro fora de contexto ou exagerado|verdadeiro|verdadeiro|verdadeiro|verdadeiro,True,,False,
https://www.aosfatos.org/noticias/foto-de-flavio-dino-sem-mascara-em-velorio-lotado-e-de-2018/,aos fatos,2020-08-28,"['falso', 'falso']",2,falso|falso,falso|falso,False,falso,False,
https://www.aosfatos.org/noticias/e-falso-que-aviso-de-privacidade-do-whatsapp-clona-numero-do-telefone/,aos fatos,2020-08-26,"['falso', 'falso']",2,falso|falso,falso|falso,False,falso,False,
https://www.aosfatos.org/noticias/nao-e-verdade-que-camila-pitanga-anunciou-que-teve-covid-19-em-vez-de-malaria/,aos fatos,2020-08-21,"['falso', 'falso']",2,falso|falso,falso|falso,False,falso,False,
https://www.aosfatos.org/noticias/nao-e-verdade-que-tomar-vinagre-com-alho-cure-covid-19/,aos fatos,2020-08-21,['falso'],1,falso,falso,False,falso,False,
https://www.aosfatos.org/noticias/pesquisa-feita-na-usp-nao-prova-que-pessoas-em-confinamento-sao-mais-vulneraveis-covid-19/,aos fatos,2020-08-19,['falso'],1,falso,falso,False,falso,False,
https://www.aosfatos.org/noticias/e-falso-que-comecar-o-banho-molhando-cabeca-pode-causar-ataque-cardiaco/,aos fatos,2020-08-19,['falso'],1,falso,falso,False,falso,False,
https://www.aosfatos.org/noticias/dados-do-registro-civil-nao-indicam-que-mortes-por-covid-19-estao-em-queda-acentuada/,aos fatos,2020-08-18,['distorcido'],1,distorcido,verdadeiro fora de contexto ou exagerado,False,verdadeiro fora de contexto ou exagerado,False,
https://www.aosfatos.org/noticias/nao-e-verdade-que-estudo-aponte-que-maioria-das-pessoas-seja-imune-covid-19/,aos fatos,2020-08-18,"['falso', 'falso']",2,falso|falso,falso|falso,False,falso,False,
https://www.aosfatos.org/noticias/video-em-que-secretario-de-saude-da-bahia-libera-uso-de-cloroquina-e-de-abril-nao-atual/,aos fatos,2020-08-14,['distorcido'],1,distorcido,verdadeiro fora de contexto ou exagerado,False,verdadeiro fora de contexto ou exagerado,False,
https://www.aosfatos.org/noticias/termometro-infravermelho-nao-causa-danos-glandula-pineal/,aos fatos,2020-08-14,"['falso', 'falso']",2,falso|falso,falso|falso,False,falso,False,
https://www.aosfatos.org/noticias/dados-de-cartorios-nao-desmentem-que-ha-mais-de-100-mil-mortos-pela-covid-19-no-brasil/,aos fatos,2020-08-14,['distorcido'],1,distorcido,verdadeiro fora de contexto ou exagerado,False,verdadeiro fora de contexto ou exagerado,False,
https://www.aosfatos.org/noticias/nao-e-verdade-que-beber-agua-cada-15-minutos-seja-eficaz-na-prevencao-covid19/,aos fatos,2020-08-13,"['falso', 'falso']",2,falso|falso,falso|falso,False,falso,False,
https://www.aosfatos.org/noticias/e-falso-que-joao-doria-tomou-vacina-contra-covid-19/,aos fatos,2020-08-13,"['falso', 'falso']",2,falso|falso,falso|falso,False,falso,False,
https://www.aosfatos.org/noticias/e-falso-que-camila-pitanga-falsificou-diagnostico-de-malaria-para-se-medicar-com-cloroquina/,aos fatos,2020-08-12,"['falso', 'falso']",2,falso|falso,falso|falso,False,falso,False,
https://www.aosfatos.org/noticias/stf-nao-tirou-poderes-de-bolsonaro-no-combate-covid-19/,aos fatos,2020-08-12,"['falso', 'falso']",2,falso|falso,falso|falso,False,falso,False,
https://www.aosfatos.org/noticias/publicacoes-falseiam-dados-para-sugerir-que-mortes-por-covid-19-no-brasil-seriam-menores-que-25-mil/,aos fatos,2020-08-12,"['falso', 'falso']",2,falso|falso,falso|falso,False,falso,False,
https://www.aosfatos.org/noticias/registros-de-mortes-por-pneumonia-e-insuficiencia-respiratoria-nao-foram-substituidos-por-covid19-em-2020/,aos fatos,2020-08-12,['distorcido'],1,distorcido,verdadeiro fora de contexto ou exagerado,False,verdadeiro fora de contexto ou exagerado,False,
https://www.aosfatos.org/noticias/lula-nao-foi-diagnosticado-com-covid-19-nem-fez-teste-no-hospital-adventista/,aos fatos,2020-08-06,"['falso', 'falso']",2,falso|falso,falso|falso,False,falso,False,
https://www.aosfatos.org/noticias/video-de-kalil-almocando-em-restaurante-e-anterior-pandemia-de-covid-19/,aos fatos,2020-08-06,"['falso', 'falso']",2,falso|falso,falso|falso,False,falso,False,
https://www.aosfatos.org/noticias/vacinas-testadas-contra-covid-19-nao-usam-nanochip-para-rastrear-pessoas-pelo-5g/,aos fatos,2020-08-06,"['falso', 'falso']",2,falso|falso,falso|falso,False,falso,False,
https://www.aosfatos.org/noticias/e-falso-que-boicote-fez-importacao-de-produtos-chineses-cair-78-no-brasil/,aos fatos,2020-08-05,"['falso', 'falso']",2,falso|falso,falso|falso,False,falso,False,
https://www.aosfatos.org/noticias/foto-de-festival-na-suica-em-2018-e-atribuida-nas-redes-protesto-contra-isolamento-na-alemanha/,aos fatos,2020-08-03,"['falso', 'falso']",2,falso|falso,falso|falso,False,falso,False,
https://www.aosfatos.org/noticias/e-falso-que-manifestante-esfaqueou-policial-durante-greve-geral-em-sp/,aos fatos,2019-06-14,['falso'],1,falso,falso,False,falso,False,
https://www.aosfatos.org/noticias/telegram-nao-disse-que-hackers-alteraram-mensagens-vazadas-da-lava-jato/,aos fatos,2019-06-13,['falso'],1,falso,falso,False,falso,False,
https://www.aosfatos.org/noticias/foto-de-keanu-reeves-rodeado-de-gatos-e-montagem/,aos fatos,2019-06-04,['falso'],1,falso,falso,False,falso,False,
https://www.aosfatos.org/noticias/cristina-kirchner-nao-tomou-vacina-contra-covid-19-sem-mascara-foto-e-de-2013/,aos fatos,2020-12-30,['falso'],1,falso,falso,False,falso,False,
https://www.aosfatos.org/noticias/e-falso-que-governo-de-sp-gastou-r-22-bilhoes-com-coronavac-para-imunizar-populacao-do-estado/,aos fatos,2020-12-30,['falso'],1,falso,falso,False,falso,False,
https://www.aosfatos.org/noticias/e-falso-que-o-ceo-da-pfizer-disse-que-nao-tomara-vacina-contra-covid-19-produzida-pela-empresa/,aos fatos,2020-12-28,['falso'],1,falso,falso,False,falso,False,
https://www.aosfatos.org/noticias/associacao-medica-americana-nao-recomenda-hidroxicloroquina-contra-covid-19/,aos fatos,2020-12-22,['falso'],1,falso,falso,False,falso,False,
https://www.aosfatos.org/noticias/video-nao-mostra-vacinacao-com-injecao-falsa-mas-seringa-com-agulha-retratil/,aos fatos,2020-12-22,['falso'],1,falso,falso,False,falso,False,
https://www.aosfatos.org/noticias/e-falso-que-china-nao-iniciou-vacinacao-contra-covid-19/,aos fatos,2020-12-21,"['falso', 'falso']",2,falso|falso,falso|falso,False,falso,False,
https://www.aosfatos.org/noticias/stf-nao-decidiu-em-2018-que-vacinacao-obrigatoria-seria-inconstitucional/,aos fatos,2020-12-21,"['falso', 'falso']",2,falso|falso,falso|falso,False,falso,False,
https://www.aosfatos.org/noticias/e-falso-que-enfermeira-americana-morreu-apos-tomar-vacina-contra-covid-19/,aos fatos,2020-12-21,"['falso', 'falso']",2,falso|falso,falso|falso,False,falso,False,
https://www.aosfatos.org/noticias/foto-nao-mostra-prefeito-de-londres-fingindo-receber-dose-da-vacina-contra-covid-19/,aos fatos,2020-12-18,"['falso', 'falso']",2,falso|falso,falso|falso,False,falso,False,
https://www.aosfatos.org/noticias/nao-e-verdade-que-coronavac-cause-cancer-ou-pensamentos-suicidas/,aos fatos,2020-12-16,"['falso', 'falso']",2,falso|falso,falso|falso,False,falso,False,
https://www.aosfatos.org/noticias/e-falso-que-vacina-da-pfizer-causou-morte-de-seis-voluntarios/,aos fatos,2020-12-16,"['falso', 'falso']",2,falso|falso,falso|falso,False,falso,False,
https://www.aosfatos.org/noticias/foto-nao-mostra-homem-recebendo-vacina-por-cima-da-camiseta/,aos fatos,2020-12-16,"['falso', 'falso']",2,falso|falso,falso|falso,False,falso,False,
https://www.aosfatos.org/noticias/bruno-covas-nao-e-irmao-de-dimas-covas-diretor-do-instituto-butantan/,aos fatos,2020-12-15,['falso'],1,falso,falso,False,falso,False,
https://www.aosfatos.org/noticias/e-falso-que-fda-alertou-que-vacinas-contra-covid-19-podem-causar-infarto/,aos fatos,2020-12-15,"['falso', 'falso']",2,falso|falso,falso|falso,False,falso,False,
https://www.aosfatos.org/noticias/vacina-que-teve-testes-clinicos-interrompidos-no-peru-nao-e-coronavac/,aos fatos,2020-12-14,"['falso', 'falso']",2,falso|falso,falso|falso,False,falso,False,
https://www.aosfatos.org/noticias/posts-enganam-ao-comparar-dados-oficiais-de-morte-por-covid-19-com-estimativas-de-obito-por-outras-causas/,aos fatos,2020-12-11,"['falso', 'falso']",2,falso|falso,falso|falso,False,falso,False,
https://www.aosfatos.org/noticias/anvisa-nao-flagrou-vacinacao-ilegal-da-coronavac-em-jogadores-do-sao-paulo-fc/,aos fatos,2020-12-11,"['falso', 'falso']",2,falso|falso,falso|falso,False,falso,False,
https://www.aosfatos.org/noticias/e-falso-que-registro-da-primeira-pessoa-receber-vacina-da-pfizer-foi-feito-em-outubro/,aos fatos,2020-12-11,"['falso', 'falso']",2,falso|falso,falso|falso,False,falso,False,
https://www.aosfatos.org/noticias/e-falso-que-washington-post-acusou-joao-doria-de-receber-propina-da-sinovac/,aos fatos,2020-12-10,"['falso', 'falso']",2,falso|falso,falso|falso,False,falso,False,
https://www.aosfatos.org/noticias/dieta-rica-em-alimentos-alcalinos-nao-e-capaz-de-eliminar-o-coronavirus/,aos fatos,2020-12-09,"['falso', 'falso']",2,falso|falso,falso|falso,False,falso,False,
https://www.aosfatos.org/noticias/trump-nao-aprovou-projeto-de-lei-que-obriga-implantacao-de-chips-nas-pessoas/,aos fatos,2020-12-08,"['falso', 'falso']",2,falso|falso,falso|falso,False,falso,False,
https://www.aosfatos.org/noticias/foto-antiga-da-rua-25-de-marco-cheia-circula-em-posts-como-se-fosse-recente/,aos fatos,2020-12-07,['distorcido'],1,distorcido,verdadeiro fora de contexto ou exagerado,False,verdadeiro fora de contexto ou exagerado,False,
https://www.aosfatos.org/noticias/e-falso-que-porto-feliz-nao-registra-mortes-por-covid-19/,aos fatos,2020-12-07,"['falso', 'falso']",2,falso|falso,falso|falso,False,falso,False,
https://www.aosfatos.org/noticias/vacinas-de-rna-contra-covid-19-nao-sao-capazes-de-alterar-o-dna/,aos fatos,2020-12-04,"['falso', 'falso']",2,falso|falso,falso|falso,False,falso,False,
https://www.aosfatos.org/noticias/e-falso-que-estudo-indicou-que-80-do-alcool-em-gel-vendido-no-brasil-nao-age-contra-o-coronavirus/,aos fatos,2020-12-04,"['falso', 'falso']",2,falso|falso,falso|falso,False,falso,False,
https://www.aosfatos.org/noticias/feridas-nos-pes-de-voluntaria-nao-sao-efeito-colateral-da-vacina-da-pfizer/,aos fatos,2020-12-04,"['falso', 'falso']",2,falso|falso,falso|falso,False,falso,False,
https://www.aosfatos.org/noticias/foto-de-fatima-bezerra-com-boneco-de-vodu-de-bolsonaro-e-montagem/,aos fatos,2020-03-31,"['falso', 'falso']",2,falso|falso,falso|falso,False,falso,False,
https://www.aosfatos.org/noticias/cloroquina-so-foi-liberada-para-pacientes-internados-com-covid-19-posts-omitem-informacoes/,aos fatos,2020-03-31,['distorcido'],1,distorcido,verdadeiro fora de contexto ou exagerado,False,verdadeiro fora de contexto ou exagerado,False,
https://www.aosfatos.org/noticias/mensagens-que-prometem-cadastro-para-auxilio-emergencial-sao-golpe-de-roubo-de-dados/,aos fatos,2020-03-30,"['falso', 'falso']",2,falso|falso,falso|falso,False,falso,False,
https://www.aosfatos.org/noticias/e-falso-que-morte-de-traficante-pela-policia-foi-noticiada-como-se-fosse-por-covid-19/,aos fatos,2020-03-30,"['falso', 'falso']",2,falso|falso,falso|falso,False,falso,False,
https://www.aosfatos.org/noticias/morte-de-borracheiro-nao-consta-de-dados-oficiais-de-letalidade-pelo-novo-coronavirus/,aos fatos,2020-03-29,"['falso', 'falso']",2,falso|falso,falso|falso,False,falso,False,
https://www.aosfatos.org/noticias/bolsonaristas-usam-foto-de-paciente-com-enfisema-pulmonar-para-promover-cura-da-covid-19/,aos fatos,2020-03-29,['distorcido'],1,distorcido,verdadeiro fora de contexto ou exagerado,False,verdadeiro fora de contexto ou exagerado,False,
https://www.aosfatos.org/noticias/video-em-que-ministro-de-israel-defende-isolar-apenas-idosos-e-anterior-restricoes-no-pais/,aos fatos,2020-03-27,['distorcido'],1,distorcido,verdadeiro fora de contexto ou exagerado,False,verdadeiro fora de contexto ou exagerado,False,
https://www.aosfatos.org/noticias/video-de-saque-supermercado-foi-gravado-em-honduras-em-2017-nao-no-brasil/,aos fatos,2020-03-27,"['falso', 'falso']",2,falso|falso,falso|falso,False,falso,False,
https://www.aosfatos.org/noticias/governo-nao-liberou-saque-de-fundo-previdenciario-que-nem-mesmo-existe/,aos fatos,2020-03-26,"['falso', 'falso']",2,falso|falso,falso|falso,False,falso,False,
https://www.aosfatos.org/noticias/e-falso-que-israel-conseguiu-combater-o-coronavirus-isolando-apenas-idosos/,aos fatos,2020-03-26,"['falso', 'falso']",2,falso|falso,falso|falso,False,falso,False,
https://www.aosfatos.org/noticias/nao-houve-saques-em-supermercados-de-sao-vicente-por-causa-do-coronavirus/,aos fatos,2020-03-25,['distorcido'],1,distorcido,verdadeiro fora de contexto ou exagerado,False,verdadeiro fora de contexto ou exagerado,False,
https://www.aosfatos.org/noticias/e-falso-que-232-criancas-morreram-na-italia-em-decorrencia-da-covid-19/,aos fatos,2020-03-25,"['falso', 'falso']",2,falso|falso,falso|falso,False,falso,False,
https://www.aosfatos.org/noticias/grafico-desatualizado-engana-ao-comparar-mortes-por-covid-19-com-de-outras-doencas/,aos fatos,2020-03-25,['distorcido'],1,distorcido,verdadeiro fora de contexto ou exagerado,False,verdadeiro fora de contexto ou exagerado,False,
https://www.aosfatos.org/noticias/bolsonaro-nega-orientacoes-da-ciencia-e-distorce-informacoes-para-minimizar-pandemia/,aos fatos,2020-03-24,"['falso', 'falso', 'falso', 'falso', 'contraditório', 'insustentável', 'insustentável', 'impreciso', 'verdadeiro', 'verdadeiro']",10,falso|falso|falso|falso|contraditorio|insustentavel|insustentavel|impreciso|verdadeiro|verdadeiro,falso|falso|falso|falso|nao_mapeavel|nao_mapeavel|nao_mapeavel|verdadeiro fora de contexto ou exagerado|verdadeiro|verdadeiro,True,,False,
https://www.aosfatos.org/noticias/nao-e-verdade-que-governo-vai-multar-pessoas-que-circularem-nas-ruas/,aos fatos,2020-03-24,"['falso', 'falso']",2,falso|falso,falso|falso,False,falso,False,
https://www.aosfatos.org/noticias/e-falso-que-inicio-do-surto-de-h1n1-foi-mais-mortal-que-o-de-covid-19/,aos fatos,2020-03-24,"['falso', 'falso']",2,falso|falso,falso|falso,False,falso,False,
https://www.aosfatos.org/noticias/e-falso-que-filme-chamado-coronavirus-foi-lancado-na-china-em-2013/,aos fatos,2020-03-24,"['falso', 'falso']",2,falso|falso,falso|falso,False,falso,False,
https://www.aosfatos.org/noticias/presidente-chines-nao-disse-que-pandemia-e-inicio-de-nova-era-para-o-socialismo/,aos fatos,2020-03-24,"['falso', 'falso']",2,falso|falso,falso|falso,False,falso,False,
https://www.aosfatos.org/noticias/nao-e-verdade-que-vacina-cura-covid-19-em-tres-horas/,aos fatos,2020-03-23,"['falso', 'falso']",2,falso|falso,falso|falso,False,falso,False,
https://www.aosfatos.org/noticias/governo-nao-iniciou-cadastro-para-auxilio-cidadao-de-r-200-contra-coronavirus/,aos fatos,2020-03-23,"['falso', 'falso']",2,falso|falso,falso|falso,False,falso,False,
https://www.aosfatos.org/noticias/nao-ha-evidencia-cientifica-de-que-auto-hemoterapia-cure-covid-19/,aos fatos,2020-03-23,"['falso', 'falso']",2,falso|falso,falso|falso,False,falso,False,
https://www.aosfatos.org/noticias/bolsonaristas-resgatam-video-antigo-de-drauzio-varella-para-difundir-desinformacao-sobre-covid-19/,aos fatos,2020-03-22,"['falso', 'falso']",2,falso|falso,falso|falso,False,falso,False,
https://www.aosfatos.org/noticias/video-engana-ao-afirmar-que-foi-descoberto-remedio-eficaz-contra-covid-19/,aos fatos,2020-03-20,"['falso', 'falso', 'falso', 'falso', 'distorcido', 'falso', 'falso', 'falso', 'falso']",9,falso|falso|falso|falso|distorcido|falso|falso|falso|falso,falso|falso|falso|falso|verdadeiro fora de contexto ou exagerado|falso|falso|falso|falso,True,,False,
https://www.aosfatos.org/noticias/nao-e-verdade-que-governo-suspendera-aposentadoria-de-idoso-que-sair-rua/,aos fatos,2020-03-20,"['falso', 'falso']",2,falso|falso,falso|falso,False,falso,False,
https://www.aosfatos.org/noticias/e-falso-que-preta-gil-cantou-em-bloco-de-rua-apos-ser-diagnosticada-com-covid-19/,aos fatos,2020-03-19,['falso'],1,falso,falso,False,falso,False,
https://www.aosfatos.org/noticias/vacina-contra-coronavirus-para-caes-nao-tem-relacao-com-covid-19/,aos fatos,2020-03-19,"['falso', 'falso']",2,falso|falso,falso|falso,False,falso,False,
https://www.aosfatos.org/noticias/lei-de-migracao-nao-impede-o-fechamento-de-fronteiras/,aos fatos,2020-03-18,"['falso', 'falso']",2,falso|falso,falso|falso,False,falso,False,
https://www.aosfatos.org/noticias/israel-nao-descobriu-cura-ou-vacina-para-o-coronavirus/,aos fatos,2020-03-18,"['falso', 'falso']",2,falso|falso,falso|falso,False,falso,False,
https://www.aosfatos.org/noticias/-economicos-para-sugerir-que-china-se-beneficiou-do/,aos fatos,2020-03-17,"['falso', 'falso']",2,falso|falso,falso|falso,False,falso,False,
https://www.aosfatos.org/noticias/e-falso-que-barroso-declarou-apoio-manifestacoes-bolsonaristas-de-15-de-marco/,aos fatos,2020-03-17,"['falso', 'falso']",2,falso|falso,falso|falso,False,falso,False,
https://www.aosfatos.org/noticias/e-falso-que-governo-liberou-saques-para-beneficiarios-do-bolsa-familia-por-causa-do-coronavirus/,aos fatos,2020-03-17,"['falso', 'falso']",2,falso|falso,falso|falso,False,falso,False,
https://www.aosfatos.org/noticias/o-que-o-presidente-falou-do-coronavirus-e-o-que-e-fato/,aos fatos,2020-03-16,"['falso', 'falso', 'impreciso', 'impreciso', 'falso', 'falso', 'falso', 'falso', 'contraditório', 'insustentável', 'insustentável', 'impreciso', 'verdadeiro', 'verdadeiro', 'falso', 'falso', 'falso', 'falso', 'contraditório', 'verdadeiro', 'verdadeiro', 'contraditório', 'insustentável', 'impreciso', 'impreciso', 'verdadeiro', 'verdadeiro', 'verdadeiro', 'verdadeiro', 'impreciso', 'falso', 'falso', 'falso', 'falso', 'falso', 'falso', 'falso', 'falso', 'falso', 'falso', 'falso', 'falso', 'contraditório', 'impreciso', 'impreciso', 'verdadeiro', 'verdadeiro', 'falso', 'falso', 'falso', 'falso', 'falso', 'falso', 'impreciso', 'contraditório', 'contraditório', 'verdadeiro', 'contraditório', 'falso', 'falso']",60,falso|falso|impreciso|impreciso|falso|falso|falso|falso|contraditorio|insustentavel|insustentavel|impreciso|verdadeiro|verdadeiro|falso|falso|falso|falso|contraditorio|verdadeiro|verdadeiro|contraditorio|insustentavel|impreciso|impreciso|verdadeiro|verdadeiro|verdadeiro|verdadeiro|impreciso|falso|falso|falso|falso|falso|falso|falso|falso|falso|falso|falso|falso|contraditorio|impreciso|impreciso|verdadeiro|verdadeiro|falso|falso|falso|falso|falso|falso|impreciso|contraditorio|contraditorio|verdadeiro|contraditorio|falso|falso,falso|falso|verdadeiro fora de contexto ou exagerado|verdadeiro fora de contexto ou exagerado|falso|falso|falso|falso|nao_mapeavel|nao_mapeavel|nao_mapeavel|verdadeiro fora de contexto ou exagerado|verdadeiro|verdadeiro|falso|falso|falso|falso|nao_mapeavel|verdadeiro|verdadeiro|nao_mapeavel|nao_mapeavel|verdadeiro fora de contexto ou exagerado|verdadeiro fora de contexto ou exagerado|verdadeiro|verdadeiro|verdadeiro|verdadeiro|verdadeiro fora de contexto ou exagerado|falso|falso|falso|falso|falso|falso|falso|falso|falso|falso|falso|falso|nao_mapeavel|verdadeiro fora de contexto ou exagerado|verdadeiro fora de contexto ou exagerado|verdadeiro|verdadeiro|falso|falso|falso|falso|falso|falso|verdadeiro fora de contexto ou exagerado|nao_mapeavel|nao_mapeavel|verdadeiro|nao_mapeavel|falso|falso,True,,True,"compilado periódico de agência: 60 vereditos num registro, acima do limite de 20. Não é mensagem que alguém receberia, logo não serve de estímulo de teste com usuário."
https://www.aosfatos.org/noticias/beber-agua-e-fazer-gargarejos-com-sal-ou-vinagre-nao-impedem-infeccao-por-coronavirus/,aos fatos,2020-03-16,"['falso', 'falso']",2,falso|falso,falso|falso,False,falso,False,
https://www.aosfatos.org/noticias/edir-macedo-usa-video-com-informacoes-falsas-para-minimizar-pandemia-do-coronavirus/,aos fatos,2020-03-16,"['falso', 'falso', 'falso', 'falso']",4,falso|falso|falso|falso,falso|falso|falso|falso,False,falso,False,
https://www.aosfatos.org/noticias/cuba-nao-desenvolveu-vacina-para-o-novo-coronavirus/,aos fatos,2020-03-13,"['falso', 'falso']",2,falso|falso,falso|falso,False,falso,False,
https://www.aosfatos.org/noticias/bolsonaro-nao-disse-em-pronunciamento-que-manifestacoes-do-dia-15-continuam-inabalaveis/,aos fatos,2020-03-13,"['falso', 'falso']",2,falso|falso,falso|falso,False,falso,False,
https://www.aosfatos.org/noticias/e-falso-que-3500-italianos-desembarcaram-em-buzios-apos-decretacao-de-quarentena-em-pais-europeu/,aos fatos,2020-03-13,"['falso', 'falso']",2,falso|falso,falso|falso,False,falso,False,
https://www.aosfatos.org/noticias/allan-dos-santos-nao-afirmou-que-substituira-wajngarten-tweet-e-de-conta-falsa/,aos fatos,2020-03-12,"['falso', 'falso']",2,falso|falso,falso|falso,False,falso,False,
https://www.aosfatos.org/noticias/corrente-engana-ao-indicar-vitamina-c-e-agua-quente-com-limao-contra-coronavirus/,aos fatos,2020-03-05,"['falso', 'falso', 'falso', 'falso', 'falso', 'falso']",6,falso|falso|falso|falso|falso|falso,falso|falso|falso|falso|falso|falso,False,falso,False,
https://www.aosfatos.org/noticias/video-desinforma-ao-negar-eficacia-de-alcool-em-gel-e-indicar-vinagre-contra-coronavirus/,aos fatos,2020-03-04,"['falso', 'falso', 'falso', 'falso', 'falso', 'falso', 'falso', 'falso']",8,falso|falso|falso|falso|falso|falso|falso|falso,falso|falso|falso|falso|falso|falso|falso|falso,False,falso,False,
https://www.aosfatos.org/noticias/tratamento-de-cancer-por-meio-de-ultrassom-nao-foi-importado-por-bolsonaro/,aos fatos,2019-09-20,['falso'],1,falso,falso,False,falso,False,
https://www.aosfatos.org/noticias/mulher-que-aparece-em-foto-cheirando-cocaina-nao-e-deputada-do-psol/,aos fatos,2019-09-12,['falso'],1,falso,falso,False,falso,False,
https://www.aosfatos.org/noticias/o-mundo-e-machista-na-hora-de-se-aposentar-o-que-diz-o-governo-e-o-que-dizem-os-fatos/,aos fatos,2017-02-15,['verdadeiro'],1,verdadeiro,verdadeiro,False,verdadeiro,False,
https://www.aosfatos.org/noticias/erros-e-acertos-de-temer-em-sua-mensagem-ao-congresso/,aos fatos,2017-02-03,"['verdadeiro', 'exagerado', 'exagerado', 'exagerado', 'exagerado', 'exagerado', 'verdadeiro']",7,verdadeiro|exagerado|exagerado|exagerado|exagerado|exagerado|verdadeiro,verdadeiro|verdadeiro fora de contexto ou exagerado|verdadeiro fora de contexto ou exagerado|verdadeiro fora de contexto ou exagerado|verdadeiro fora de contexto ou exagerado|verdadeiro fora de contexto ou exagerado|verdadeiro,True,,False,
https://www.aosfatos.org/noticias/nao-ha-discrepancia-entre-datas-de-reportagem-e-explicacao-da-folha-sobre-fonte/,aos fatos,2020-02-12,"['falso', 'falso']",2,falso|falso,falso|falso,False,falso,False,
https://www.aosfatos.org/noticias/eduardo-bolsonaro-difunde-e-amplifica-informacoes-falsas-para-atacar-jornalista-da-folha/,aos fatos,2020-02-12,"['falso', 'falso', 'falso']",3,falso|falso|falso,falso|falso|falso,False,falso,False,
https://www.aosfatos.org/noticias/e-falso-que-cafe-em-po-brasileiro-e-misturado-com-sangue-de-boi/,aos fatos,2020-02-10,"['falso', 'falso']",2,falso|falso,falso|falso,False,falso,False,
https://www.aosfatos.org/noticias/nao-e-verdade-que-stf-pode-deixar-de-punir-roubo-de-celular-de-ate-r-500/,aos fatos,2020-02-06,"['falso', 'falso']",2,falso|falso,falso|falso,False,falso,False,
https://www.aosfatos.org/noticias/feira-de-animais-mostrada-em-video-nao-fica-na-china-mas-na-indonesia/,aos fatos,2020-02-05,"['falso', 'falso']",2,falso|falso,falso|falso,False,falso,False,
https://www.aosfatos.org/noticias/vitamina-c-com-zinco-nao-previne-nem-trata-sintomas-do-novo-coronavirus/,aos fatos,2020-02-04,"['falso', 'falso', 'falso']",3,falso|falso|falso,falso|falso|falso,False,falso,False,
https://www.aosfatos.org/noticias/mineradora-seleciona-dados-oficiais-para-dizer-que/,aos fatos,2015-11-27,['impreciso'],1,impreciso,verdadeiro fora de contexto ou exagerado,False,verdadeiro fora de contexto ou exagerado,False,
https://www.aosfatos.org/noticias/el-video-de-militares-corriendo-por-la-playa-es-viejo-y-no-tiene-relacion-con-el-aislamiento-social/,aos fatos,2020-04-30,"['falso', 'falso']",2,falso|falso,falso|falso,False,falso,False,
https://www.aosfatos.org/noticias/la-foto-y-el-video-de-doria-en-aracatuba-son-anteriores-la-pandemia-de-covid-19/,aos fatos,2020-04-30,"['falso', 'falso', 'falso', 'falso', 'falso']",5,falso|falso|falso|falso|falso,falso|falso|falso|falso|falso,False,falso,False,
https://www.aosfatos.org/noticias/nao-e-verdade-que-o-remedio-ivermectina-cure-covid-19/,aos fatos,2020-04-30,"['falso', 'falso', 'falso', 'falso', 'falso', 'falso']",6,falso|falso|falso|falso|falso|falso,falso|falso|falso|falso|falso|falso,False,falso,False,
https://www.aosfatos.org/noticias/e-falso-que-politicas-educacionais-da-oms-incentivam-masturbacao-infantil/,aos fatos,2020-04-30,"['falso', 'falso']",2,falso|falso,falso|falso,False,falso,False,
https://www.aosfatos.org/noticias/foto-que-mostra-caixao-vazio-desenterrado-e-de-2017-e-foi-tirada-em-sao-paulo-nao-no-amazonas/,aos fatos,2020-04-30,['falso'],1,falso,falso,False,falso,False,
https://www.aosfatos.org/noticias/e-falso-que-rui-costa-pediu-para-prefeita-de-porto-seguro-inventar-200-casos-de-covid-19/,aos fatos,2020-04-29,"['falso', 'falso']",2,falso|falso,falso|falso,False,falso,False,
https://www.aosfatos.org/noticias/es-falso-que-brasil-sea-el-pais-con-el-mayor-numero-de-personas-recuperadas-de-covid-19/,aos fatos,2020-04-28,"['falso', 'falso']",2,falso|falso,falso|falso,False,falso,False,
https://www.aosfatos.org/noticias/es-falso-que-haya-menos-muertes-por-covid-19-en-sp-despues-de-una-auditoria-del-ministerio-de-salud/,aos fatos,2020-04-28,"['falso', 'falso']",2,falso|falso,falso|falso,False,falso,False,
https://www.aosfatos.org/noticias/es-falso-que-las-mascarillas-importadas-de-china-estan-infectadas-con-el-nuevo-coronavirus/,aos fatos,2020-04-28,"['falso', 'falso']",2,falso|falso,falso|falso,False,falso,False,
https://www.aosfatos.org/noticias/nobel-de-medicina-tasuku-honjo-nao-disse-que-novo-coronavirus-foi-criado-pela-china/,aos fatos,2020-04-28,"['falso', 'falso']",2,falso|falso,falso|falso,False,falso,False,
https://www.aosfatos.org/noticias/e-falso-que-alcool-deixado-dentro-de-veiculo-pode-pegar-fogo/,aos fatos,2020-04-28,"['falso', 'falso']",2,falso|falso,falso|falso,False,falso,False,
https://www.aosfatos.org/noticias/e-falso-que-oms-alertou-que-india-e-china-exportam-mascaras-com-coronavirus/,aos fatos,2020-04-27,"['falso', 'falso']",2,falso|falso,falso|falso,False,falso,False,
https://www.aosfatos.org/noticias/e-falso-tweet-em-que-sergio-moro-elogia-rodrigo-maia/,aos fatos,2020-04-27,"['falso', 'falso']",2,falso|falso,falso|falso,False,falso,False,
https://www.aosfatos.org/noticias/e-falso-que-obitos-por-covid-19-em-sp-cairam-apos-auditoria-do-ministerio-da-saude/,aos fatos,2020-04-24,"['falso', 'falso']",2,falso|falso,falso|falso,False,falso,False,
https://www.aosfatos.org/noticias/e-falso-que-mascaras-importadas-da-china-estao-infectadas-com-o-novo-coronavirus/,aos fatos,2020-04-24,"['falso', 'falso']",2,falso|falso,falso|falso,False,falso,False,
https://www.aosfatos.org/noticias/e-falso-que-o-brasil-seja-o-pais-com-maior-taxa-de-pessoas-recuperadas-da-covid-19/,aos fatos,2020-04-23,"['falso', 'falso']",2,falso|falso,falso|falso,False,falso,False,
https://www.aosfatos.org/noticias/video-de-militares-correndo-na-praia-e-antigo-e-nao-tem-relacao-com-isolamento-social/,aos fatos,2020-04-20,"['falso', 'falso']",2,falso|falso,falso|falso,False,falso,False,
https://www.aosfatos.org/noticias/foto-e-video-de-doria-em-aracatuba-sao-anteriores-pandemia-de-covid-19/,aos fatos,2020-04-20,"['falso', 'falso', 'falso', 'falso', 'falso', 'falso']",6,falso|falso|falso|falso|falso|falso,falso|falso|falso|falso|falso|falso,False,falso,False,
https://www.aosfatos.org/noticias/video-de-protesto-contra-governo-dilma-e-difundido-como-fosse-de-ato-pro-bolsonaro/,aos fatos,2020-04-19,"['falso', 'falso']",2,falso|falso,falso|falso,False,falso,False,
https://www.aosfatos.org/noticias/e-falso-que-bolsonaro-disse-que-beneficiario-do-auxilio-emergencial-nao-gosta-de-trabalhar/,aos fatos,2020-04-18,"['falso', 'falso']",2,falso|falso,falso|falso,False,falso,False,
https://www.aosfatos.org/noticias/foto-de-hospital-recem-inaugurado-em-santo-andre-e-compartilhada-para-sugerir-que-sistema-de-saude-esta-vazio/,aos fatos,2020-04-18,['distorcido'],1,distorcido,verdadeiro fora de contexto ou exagerado,False,verdadeiro fora de contexto ou exagerado,False,
https://www.aosfatos.org/noticias/e-falso-que-numero-de-mortes-por-covid-19-caiu-apos-moro-anunciar-investigacao/,aos fatos,2020-04-17,"['falso', 'falso']",2,falso|falso,falso|falso,False,falso,False,
https://www.aosfatos.org/noticias/tabela-que-compara-mortes-por-covid-19-com-outras-causas-traz-dados-falsos/,aos fatos,2020-04-17,"['falso', 'falso']",2,falso|falso,falso|falso,False,falso,False,
https://www.aosfatos.org/noticias/alimentos-alcalinos-nao-ajudam-prevenir-ou-tratar-covid-19/,aos fatos,2020-04-15,"['falso', 'falso']",2,falso|falso,falso|falso,False,falso,False,
https://www.aosfatos.org/noticias/e-falso-que-tv-italiana-noticiou-em-2015-que-novo-coronavirus-foi-criado-em-laboratorio/,aos fatos,2020-04-15,"['falso', 'falso']",2,falso|falso,falso|falso,False,falso,False,
https://www.aosfatos.org/noticias/e-falso-que-pandemia-de-covid-19-so-reduziu-trafego-aereo-no-brasil-e-no-continente-africano/,aos fatos,2020-04-14,"['falso', 'falso']",2,falso|falso,falso|falso,False,falso,False,
https://www.aosfatos.org/noticias/e-falso-que-fda-aprovou-uso-da-hidroxicloroquina-para-todos-os-pacientes-com-covid-19/,aos fatos,2020-04-13,"['falso', 'falso', 'falso', 'falso']",4,falso|falso|falso|falso,falso|falso|falso|falso,False,falso,False,
https://www.aosfatos.org/noticias/presos-nao-vao-monitorar-populacao-em-pontos-de-onibus-no-para/,aos fatos,2020-04-11,"['falso', 'falso']",2,falso|falso,falso|falso,False,falso,False,
https://www.aosfatos.org/noticias/hospital-de-campanha-do-pacaembu-nao-esta-vazio-nem-faz-triagens/,aos fatos,2020-04-09,"['falso', 'falso']",2,falso|falso,falso|falso,False,falso,False,
https://www.aosfatos.org/noticias/prisao-de-professor-de-harvard-ligado-universidade-de-wuhan-nao-tem-relacao-com-covid-19/,aos fatos,2020-04-09,"['falso', 'falso']",2,falso|falso,falso|falso,False,falso,False,
https://www.aosfatos.org/noticias/diretor-da-oms-nao-afirmou-que-quarentena-agrava-pandemia/,aos fatos,2020-04-09,"['falso', 'falso']",2,falso|falso,falso|falso,False,falso,False,
https://www.aosfatos.org/noticias/rodrigo-maia-nao-descartou-projeto-do-governo-bolsonaro-sobre-quarentena/,aos fatos,2020-04-08,"['falso', 'falso']",2,falso|falso,falso|falso,False,falso,False,
https://www.aosfatos.org/noticias/e-falso-que-banco-mundial-classificou-brasil-como-melhor-pais-no-combate-covid-19/,aos fatos,2020-04-07,"['falso', 'falso']",2,falso|falso,falso|falso,False,falso,False,
https://www.aosfatos.org/noticias/acordo-com-china-media-group-nao-foi-firmado-por-mandetta-mas-por-osmar-terra/,aos fatos,2020-04-07,"['falso', 'falso']",2,falso|falso,falso|falso,False,falso,False,
https://www.aosfatos.org/noticias/e-falso-que-mandetta-renovou-contratos-de-publicidade-do-governo-dilma-sem-aval-do-planalto/,aos fatos,2020-04-06,"['falso', 'falso']",2,falso|falso,falso|falso,False,falso,False,
https://www.aosfatos.org/noticias/e-falso-que-sp-revisou-dados-e-agora-registra-apenas-26-mortes-por-covid-19/,aos fatos,2020-04-06,"['falso', 'falso']",2,falso|falso,falso|falso,False,falso,False,
https://www.aosfatos.org/noticias/rodrigo-maia-nao-afirmou-que-fundo-eleitoral-e-mais-importante-que-vida-de-brasileiros/,aos fatos,2020-04-05,"['falso', 'falso']",2,falso|falso,falso|falso,False,falso,False,
https://www.aosfatos.org/noticias/osmar-terra-distorce-dados-para-defender-que-isolamento-nao-diminui-disseminacao-da-covid-19/,aos fatos,2020-04-04,"['falso', 'falso']",2,falso|falso,falso|falso,False,falso,False,
https://www.aosfatos.org/noticias/globo-nao-veiculou-foto-de-mortos-de-naufragio-como-se-fosse-de-vitimas-de-covid-19/,aos fatos,2020-04-03,"['falso', 'falso']",2,falso|falso,falso|falso,False,falso,False,
https://www.aosfatos.org/noticias/texto-que-acusa-china-de-criar-coronavirus-para-obter-vantagem-economica-reune-informacoes-falsas/,aos fatos,2020-04-03,"['falso', 'falso', 'falso', 'falso', 'falso', 'falso', 'falso', 'falso', 'falso', 'falso', 'falso', 'falso', 'verdadeiro']",13,falso|falso|falso|falso|falso|falso|falso|falso|falso|falso|falso|falso|verdadeiro,falso|falso|falso|falso|falso|falso|falso|falso|falso|falso|falso|falso|verdadeiro,True,,False,
https://www.aosfatos.org/noticias/nao-e-verdade-que-morte-por-atropelamento-em-sp-foi-registrada-como-covid-19/,aos fatos,2020-04-02,"['falso', 'falso']",2,falso|falso,falso|falso,False,falso,False,
https://www.aosfatos.org/noticias/fora-de-contexto-videos-sao-usados-para-acusar-chineses-de-disseminar-novo-coronavirus/,aos fatos,2020-04-01,"['falso', 'falso']",2,falso|falso,falso|falso,False,falso,False,
https://www.aosfatos.org/noticias/ministerio-da-saude-nao-orientou-que-parentes-duvidem-de-atestados-de-obito-por-covid-19/,aos fatos,2020-04-01,"['falso', 'falso']",2,falso|falso,falso|falso,False,falso,False,
https://www.aosfatos.org/noticias/video-compartilhado-por-bolsonaro-engana-ao-afirmar-que-ceasa-em-mg-esta-desabastecida/,aos fatos,2020-04-01,"['falso', 'falso']",2,falso|falso,falso|falso,False,falso,False,
https://www.aosfatos.org/noticias/nao-e-verdade-que-diretor-da-oms-recuou-de-recomendacao-de-isolamento-social/,aos fatos,2020-04-01,"['falso', 'falso']",2,falso|falso,falso|falso,False,falso,False,
https://www.aosfatos.org/noticias/meme-falseia-e-distorce-dados-sobre-tramitacao-de-processo-de-lula-na-justica/,aos fatos,2019-04-23,['falso'],1,falso,falso,False,falso,False,
https://www.aosfatos.org/noticias/restricoes-mais-duras-em-sp-nao-afetam-abastecimento-de-alimentos-e-combustiveis/,aos fatos,2021-02-26,['falso'],1,falso,falso,False,falso,False,
https://www.aosfatos.org/noticias/posts-tiram-dados-de-contexto-ao-vincular-vacinas-doencas-oculares-no-reino-unido/,aos fatos,2021-02-25,['distorcido'],1,distorcido,verdadeiro fora de contexto ou exagerado,False,verdadeiro fora de contexto ou exagerado,False,
https://www.aosfatos.org/noticias/posts-listam-beneficios-da-ivermectina-que-nao-foram-comprovados-cientificamente/,aos fatos,2021-02-22,['falso'],1,falso,falso,False,falso,False,
https://www.aosfatos.org/noticias/e-falso-que-internacoes-por-covid-19-em-santarem-cairam-apos-visita-de-pazuello/,aos fatos,2021-02-19,['falso'],1,falso,falso,False,falso,False,
https://www.aosfatos.org/noticias/stf-nao-impediu-defesa-de-bolsonaro-de-acessar-mensagens-de-adelio-bispo/,aos fatos,2021-02-11,['falso'],1,falso,falso,False,falso,False,
https://www.aosfatos.org/noticias/dados-de-plataforma-do-cdc-nao-atestam-que-mortes-foram-causadas-por-vacina/,aos fatos,2021-02-10,['distorcido'],1,distorcido,verdadeiro fora de contexto ou exagerado,False,verdadeiro fora de contexto ou exagerado,False,
https://www.aosfatos.org/noticias/e-falso-que-um-ginecologista-foi-preso-por-recusar-atendimento-travesti/,aos fatos,2021-02-10,['falso'],1,falso,falso,False,falso,False,
https://www.aosfatos.org/noticias/e-falso-que-mortes-no-amazonas-cairam-logo-apos-visita-de-pazuello-ao-estado/,aos fatos,2021-02-09,['falso'],1,falso,falso,False,falso,False,
https://www.aosfatos.org/noticias/e-falso-que-uso-de-mascaras-torna-o-sangue-acido-e-causa-cancer/,aos fatos,2021-02-09,['falso'],1,falso,falso,False,falso,False,
https://www.aosfatos.org/noticias/estudo-da-usp-nao-comprova-que-hidroxicloroquina-e-azitromicina-funcionam-contra-covid-19/,aos fatos,2021-02-08,['falso'],1,falso,falso,False,falso,False,
https://www.aosfatos.org/noticias/estudo-nao-indica-relacao-entre-uso-de-mascaras-e-agravamento-de-cancer-de-pulmao/,aos fatos,2021-02-08,['falso'],1,falso,falso,False,falso,False,
https://www.aosfatos.org/noticias/video-sobre-idosa-morta-apos-tomar-vacina-e-de-2018-e-imunizante-nao-foi-causa-do-obito/,aos fatos,2021-02-05,['distorcido'],1,distorcido,verdadeiro fora de contexto ou exagerado,False,verdadeiro fora de contexto ou exagerado,False,
https://www.aosfatos.org/noticias/e-falso-que-doria-gastou-r-400-milhoes-do-governo-de-sp-instalando-outdoors-em-14-estados/,aos fatos,2021-02-04,['falso'],1,falso,falso,False,falso,False,
https://www.aosfatos.org/noticias/facebook-nao-admitiu-erro-nem-disse-que-hidroxicloroquina-e-eficaz-contra-covid-19/,aos fatos,2021-02-04,['falso'],1,falso,falso,False,falso,False,
https://www.aosfatos.org/noticias/e-falso-que-tratamento-com-ivermectina-diminuiu-mortalidade-por-covid-19-em-asilos-na-eslovaquia/,aos fatos,2021-02-03,['falso'],1,falso,falso,False,falso,False,
https://www.aosfatos.org/noticias/medico-engana-ao-dizer-que-exame-rt-pcr-gera-97-de-falsos-positivos-para-covid-19/,aos fatos,2021-02-03,"['falso', 'falso', 'distorcido']",3,falso|falso|distorcido,falso|falso|verdadeiro fora de contexto ou exagerado,True,,False,
https://www.aosfatos.org/noticias/foto-de-cesar-tralli-na-praia-nao-e-recente-mas-de-fevereiro-de-2014/,aos fatos,2021-02-03,['distorcido'],1,distorcido,verdadeiro fora de contexto ou exagerado,False,verdadeiro fora de contexto ou exagerado,False,
https://www.aosfatos.org/noticias/comparacao-de-precos-de-vacinas-cita-valor-errado-do-imunizante-oxfordastrazeneca/,aos fatos,2021-02-02,['distorcido'],1,distorcido,verdadeiro fora de contexto ou exagerado,False,verdadeiro fora de contexto ou exagerado,False,
https://www.aosfatos.org/noticias/nestle-nao-doou-caixas-de-leite-condensado-para-forcas-armadas/,aos fatos,2021-02-01,['falso'],1,falso,falso,False,falso,False,
https://www.aosfatos.org/noticias/e-de-2019-foto-de-doria-sem-mascara-e-com-camisa-do-santos-em-estadio/,aos fatos,2021-02-01,['falso'],1,falso,falso,False,falso,False,
https://www.aosfatos.org/noticias/dilma-omite-politica-lgbt-erratica/,aos fatos,2016-06-28,['exagerado'],1,exagerado,verdadeiro fora de contexto ou exagerado,False,verdadeiro fora de contexto ou exagerado,False,
https://www.aosfatos.org/noticias/ao-contrario-do-que-diz-deputado-decisao-do-stf-sobre-aborto-nao-libera-matar-criancas/,aos fatos,2016-12-02,['exagerado'],1,exagerado,verdadeiro fora de contexto ou exagerado,False,verdadeiro fora de contexto ou exagerado,False,
https://www.aosfatos.org/noticias/em-pronunciamento-apos-denuncia-temer-infla-cenario-economico/,aos fatos,2017-10-26,"['verdadeiro', 'impreciso', 'exagerado', 'falso', 'contraditório', 'exagerado', 'falso', 'insustentável']",8,verdadeiro|impreciso|exagerado|falso|contraditorio|exagerado|falso|insustentavel,verdadeiro|verdadeiro fora de contexto ou exagerado|verdadeiro fora de contexto ou exagerado|falso|nao_mapeavel|verdadeiro fora de contexto ou exagerado|falso|nao_mapeavel,True,,False,
https://www.aosfatos.org/noticias/temer-exagera-ao-ressaltar-aumento-para-saude-e-educacao-em-2017/,aos fatos,2016-11-07,['exagerado'],1,exagerado,verdadeiro fora de contexto ou exagerado,False,verdadeiro fora de contexto ou exagerado,False,
https://www.aosfatos.org/noticias/homem-foi-encontrado-vivo-em-saco-funerario-na-bahia-em-2014-nao-recentemente/,aos fatos,2020-05-29,"['falso', 'falso']",2,falso|falso,falso|falso,False,falso,False,
https://www.aosfatos.org/noticias/no-es-verdad-que-el-uso-prolongado-de-mascaras-de-proteccion-cause-hipoxia/,aos fatos,2020-05-28,"['falso', 'falso', 'falso', 'falso', 'falso', 'falso']",6,falso|falso|falso|falso|falso|falso,falso|falso|falso|falso|falso|falso,False,falso,False,
https://www.aosfatos.org/noticias/es-falso-que-170-millones-de-personas-se-inscribieron-para-la-asistencia-de-emergencia/,aos fatos,2020-05-28,"['falso', 'falso']",2,falso|falso,falso|falso,False,falso,False,
https://www.aosfatos.org/noticias/e-falso-que-operacao-da-pf-fez-rio-excluir-1177-mortes-da-estatistica-de-covid-19/,aos fatos,2020-05-28,"['falso', 'falso']",2,falso|falso,falso|falso,False,falso,False,
https://www.aosfatos.org/noticias/video-nao-mostra-homem-enterrado-vivo-nem-tem-relacao-com-pandemia/,aos fatos,2020-05-27,"['falso', 'falso']",2,falso|falso,falso|falso,False,falso,False,
https://www.aosfatos.org/noticias/es-falso-que-el-numero-de-muertes-por-covid-19-disminuyo-en-manaos-luego-de-la-visita-del-ministro-de-salud/,aos fatos,2020-05-27,"['falso', 'falso']",2,falso|falso,falso|falso,False,falso,False,
https://www.aosfatos.org/noticias/no-es-verdad-que-la-covid-19-pueda-tratarse-con-antibioticos/,aos fatos,2020-05-27,"['falso', 'falso']",2,falso|falso,falso|falso,False,falso,False,
https://www.aosfatos.org/noticias/foto-de-witzel-almocando-em-angra-e-anterior-pandemia-do-novo-coronavirus/,aos fatos,2020-05-26,"['falso', 'falso']",2,falso|falso,falso|falso,False,falso,False,
https://www.aosfatos.org/noticias/ao-comparar-mortes-por-covid-19-em-mg-e-sp-posts-ignoram-volume-de-testes-e-subnotificacao/,aos fatos,2020-05-26,['distorcido'],1,distorcido,verdadeiro fora de contexto ou exagerado,False,verdadeiro fora de contexto ou exagerado,False,
https://www.aosfatos.org/noticias/es-falso-que-se-enterraron-cajones-con-piedras-y-madera-en-belo-horizonte/,aos fatos,2020-05-25,"['falso', 'falso']",2,falso|falso,falso|falso,False,falso,False,
https://www.aosfatos.org/noticias/el-numero-de-muertes-por-covid-19-en-amazonas-no-fue-menor-despues-de-la-visita-de-teich/,aos fatos,2020-05-25,"['falso', 'falso']",2,falso|falso,falso|falso,False,falso,False,
https://www.aosfatos.org/noticias/em-reuniao-ministerial-bolsonaro-falseia-dado-de-desemprego-e-se-contradiz-sobre-interferencia-no-governo/,aos fatos,2020-05-22,"['falso', 'falso', 'falso', 'falso', 'contraditório', 'contraditório', 'impreciso', 'impreciso', 'impreciso', 'verdadeiro']",10,falso|falso|falso|falso|contraditorio|contraditorio|impreciso|impreciso|impreciso|verdadeiro,falso|falso|falso|falso|nao_mapeavel|nao_mapeavel|verdadeiro fora de contexto ou exagerado|verdadeiro fora de contexto ou exagerado|verdadeiro fora de contexto ou exagerado|verdadeiro,True,,False,
https://www.aosfatos.org/noticias/e-falso-que-pesquisa-indica-tratamento-com-hidroxicloroquina-como-o-mais-eficaz-contra-covid-19/,aos fatos,2020-05-21,"['falso', 'falso']",2,falso|falso,falso|falso,False,falso,False,
https://www.aosfatos.org/noticias/nao-existe-taxa-de-sobrevivencia-covid-19-citada-em-posts-nas-redes-sociais/,aos fatos,2020-05-21,['falso'],1,falso,falso,False,falso,False,
https://www.aosfatos.org/noticias/substancias-presentes-no-boldo-e-na-quina-nao-tratam-covid-19/,aos fatos,2020-05-21,"['falso', 'falso']",2,falso|falso,falso|falso,False,falso,False,
https://www.aosfatos.org/noticias/profissionais-de-saude-nao-viraram-costas-para-bruno-covas-video-foi-gravado-na-belgica/,aos fatos,2020-05-20,"['falso', 'falso']",2,falso|falso,falso|falso,False,falso,False,
https://www.aosfatos.org/noticias/e-falso-que-o-hospital-central-da-pm-no-rio-tem-apenas-um-paciente-com-covid-19/,aos fatos,2020-05-20,"['falso', 'falso']",2,falso|falso,falso|falso,False,falso,False,
https://www.aosfatos.org/noticias/e-falso-que-estados-recebem-verba-federal-cada-obito-registrado-por-covid-19/,aos fatos,2020-05-19,"['falso', 'falso']",2,falso|falso,falso|falso,False,falso,False,
https://www.aosfatos.org/noticias/foto-em-que-mandetta-e-helder-barbalho-se-cumprimentam-sem-mascaras-e-de-2019/,aos fatos,2020-05-19,"['falso', 'falso']",2,falso|falso,falso|falso,False,falso,False,
https://www.aosfatos.org/noticias/e-falso-post-em-que-o-juiz-marcelo-bretas-defende-uso-de-hidroxicloroquina/,aos fatos,2020-05-18,['falso'],1,falso,falso,False,falso,False,
https://www.aosfatos.org/noticias/e-falso-que-partidos-pediram-e-stf-barrou-hospitais-militares-para-pacientes-com-covid-19/,aos fatos,2020-05-18,"['falso', 'falso']",2,falso|falso,falso|falso,False,falso,False,
https://www.aosfatos.org/noticias/video-de-briga-entre-ambulantes-e-fiscais-em-sp-e-antigo-e-nao-tem-relacao-com-isolamento/,aos fatos,2020-05-18,"['falso', 'falso']",2,falso|falso,falso|falso,False,falso,False,
https://www.aosfatos.org/noticias/covid-19-nao-e-causada-por-bacteria-nem-pode-ser-curada-com-aspirina/,aos fatos,2020-05-15,"['falso', 'falso']",2,falso|falso,falso|falso,False,falso,False,
https://www.aosfatos.org/noticias/comparacao-entre-minas-e-ceara-engana-ao-omitir-nivel-de-testagem-de-covid-19-nos-estados/,aos fatos,2020-05-15,['distorcido'],1,distorcido,verdadeiro fora de contexto ou exagerado,False,verdadeiro fora de contexto ou exagerado,False,
https://www.aosfatos.org/noticias/numero-de-mortos-por-milhao-de-habitantes-nao-evidencia-que-pandemia-no-brasil-e-menos-grave/,aos fatos,2020-05-15,['distorcido'],1,distorcido,verdadeiro fora de contexto ou exagerado,False,verdadeiro fora de contexto ou exagerado,False,
https://www.aosfatos.org/noticias/nao-e-possivel-afirmar-que-pacientes-foram-curados-por-cloroquina-ou-corticoides-no-piaui/,aos fatos,2020-05-15,['distorcido'],1,distorcido,verdadeiro fora de contexto ou exagerado,False,verdadeiro fora de contexto ou exagerado,False,
https://www.aosfatos.org/noticias/e-falso-que-mandetta-editou-protocolo-da-morte-que-indica-tamiflu-para-covid-19/,aos fatos,2020-05-14,"['falso', 'falso']",2,falso|falso,falso|falso,False,falso,False,
https://www.aosfatos.org/noticias/cha-de-boldo-nao-combate-sintomas-nem-cura-covid-19/,aos fatos,2020-05-14,"['falso', 'falso']",2,falso|falso,falso|falso,False,falso,False,
https://www.aosfatos.org/noticias/es-falso-que-datos-de-reparticiones-del-registro-civil-senalan-que-los-estados-sobrenotifican-muertes-por-covid-19/,aos fatos,2020-05-13,"['falso', 'falso', 'falso', 'falso', 'falso', 'falso', 'falso', 'falso']",8,falso|falso|falso|falso|falso|falso|falso|falso,falso|falso|falso|falso|falso|falso|falso|falso,False,falso,False,
https://www.aosfatos.org/noticias/no-es-verdad-que-el-remedio-ivermectina-cure-la-covid-19/,aos fatos,2020-05-13,"['falso', 'falso', 'falso', 'falso', 'falso', 'falso']",6,falso|falso|falso|falso|falso|falso,falso|falso|falso|falso|falso|falso,False,falso,False,
https://www.aosfatos.org/noticias/es-falso-que-las-politicas-educativas-de-la-oms-incentivan-la-masturbacion-infantil/,aos fatos,2020-05-13,"['falso', 'falso']",2,falso|falso,falso|falso,False,falso,False,
https://www.aosfatos.org/noticias/las-imagenes-de-cajones-vacios-no-prueban-fraude-en-numero-de-casos-de-covid-19/,aos fatos,2020-05-13,"['falso', 'falso']",2,falso|falso,falso|falso,False,falso,False,
https://www.aosfatos.org/noticias/es-falso-que-rui-costa-pidio-la-alcaldesa-de-puerto-seguro-que-invente-200-casos-de-covid-19/,aos fatos,2020-05-13,"['falso', 'falso']",2,falso|falso,falso|falso,False,falso,False,
https://www.aosfatos.org/noticias/ceara-nao-teve-mais-mortes-por-doencas-respiratorias-em-2019-do-que-em-2020/,aos fatos,2020-05-12,"['falso', 'falso']",2,falso|falso,falso|falso,False,falso,False,
https://www.aosfatos.org/noticias/e-falso-que-hospital-de-campanha-da-unicamp-foi-desmontado-por-falta-de-pacientes/,aos fatos,2020-05-12,"['falso', 'falso']",2,falso|falso,falso|falso,False,falso,False,
https://www.aosfatos.org/noticias/governador-de-ny-nao-mostrou-que-isolamento-e-ineficaz-contra-covid-19/,aos fatos,2020-05-12,"['falso', 'falso']",2,falso|falso,falso|falso,False,falso,False,
https://www.aosfatos.org/noticias/nao-e-verdade-que-uso-prolongado-de-mascara-de-protecao-causa-hipoxia/,aos fatos,2020-05-12,"['falso', 'falso', 'falso', 'falso', 'falso', 'falso']",6,falso|falso|falso|falso|falso|falso,falso|falso|falso|falso|falso|falso,False,falso,False,
https://www.aosfatos.org/noticias/e-falso-que-globo-exibiu-foto-de-caixoes-tirada-em-2013-como-se-fossem-de-vitimas-da-covid-19/,aos fatos,2020-05-11,"['falso', 'falso']",2,falso|falso,falso|falso,False,falso,False,
https://www.aosfatos.org/noticias/e-falso-que-170-milhoes-de-pessoas-se-inscreveram-para-o-auxilio-emergencial/,aos fatos,2020-05-08,"['falso', 'falso']",2,falso|falso,falso|falso,False,falso,False,
https://www.aosfatos.org/noticias/e-falso-que-numero-de-mortes-por-covid-19-caiu-em-manaus-apos-visita-do-ministro-da-saude/,aos fatos,2020-05-08,"['falso', 'falso']",2,falso|falso,falso|falso,False,falso,False,
https://www.aosfatos.org/noticias/nao-e-verdade-que-covid-19-pode-ser-tratada-com-antibioticos/,aos fatos,2020-05-07,"['falso', 'falso']",2,falso|falso,falso|falso,False,falso,False,
https://www.aosfatos.org/noticias/e-falso-que-caixoes-foram-enterrados-com-pedras-e-madeira-em-belo-horizonte/,aos fatos,2020-05-07,"['falso', 'falso']",2,falso|falso,falso|falso,False,falso,False,
https://www.aosfatos.org/noticias/numero-de-mortes-por-covid-19-no-amazonas-nao-caiu-apos-visita-de-teich/,aos fatos,2020-05-06,"['falso', 'falso']",2,falso|falso,falso|falso,False,falso,False,
https://www.aosfatos.org/noticias/nobel-de-medicina-tasuku-honjo-no-dijo-que-china-creo-el-nuevo-coronavirus/,aos fatos,2020-05-06,"['falso', 'falso']",2,falso|falso,falso|falso,False,falso,False,
https://www.aosfatos.org/noticias/es-falso-que-alcohol-dejado-dentro-de-vehiculos-puede-causar-incendios/,aos fatos,2020-05-06,"['falso', 'falso']",2,falso|falso,falso|falso,False,falso,False,
https://www.aosfatos.org/noticias/es-falso-que-la-oms-alerto-sobre-que-india-y-china-exportan-mascarillas-con-coronavirus/,aos fatos,2020-05-06,"['falso', 'falso']",2,falso|falso,falso|falso,False,falso,False,
https://www.aosfatos.org/noticias/foto-mostra-medicos-cubanos-em-2013-nao-profissionais-enviados-ao-am-para-conter-covid-19/,aos fatos,2020-05-05,['distorcido'],1,distorcido,verdadeiro fora de contexto ou exagerado,False,verdadeiro fora de contexto ou exagerado,False,
https://www.aosfatos.org/noticias/e-falso-que-dados-de-cartorios-indicam-que-estados-supernotificam-mortes-por-covid-19/,aos fatos,2020-05-04,"['falso', 'falso', 'falso', 'falso', 'falso', 'falso', 'falso', 'falso']",8,falso|falso|falso|falso|falso|falso|falso|falso,falso|falso|falso|falso|falso|falso|falso|falso,False,falso,False,
https://www.aosfatos.org/noticias/virus-zika-nao-foi-criado-pelos-rockefeller-nao-tem-patente-e-nao-gera-lucro-com-vacinas/,aos fatos,2018-07-26,['falso'],1,falso,falso,False,falso,False,
https://www.aosfatos.org/noticias/o-que-e-fato-e-o-que-nao-e-na-entrevista-de-alckmin-no-roda-viva/,aos fatos,2018-07-25,"['exagerado', 'insustentável', 'verdadeiro', 'verdadeiro', 'verdadeiro']",5,exagerado|insustentavel|verdadeiro|verdadeiro|verdadeiro,verdadeiro fora de contexto ou exagerado|nao_mapeavel|verdadeiro|verdadeiro|verdadeiro,True,,False,
https://www.aosfatos.org/noticias/o-que-e-fato-e-ficcao-no-discurso-de-ciro-gomes-ao-oficializar-candidatura/,aos fatos,2018-07-23,"['insustentável', 'exagerado', 'verdadeiro', 'impreciso', 'verdadeiro']",5,insustentavel|exagerado|verdadeiro|impreciso|verdadeiro,nao_mapeavel|verdadeiro fora de contexto ou exagerado|verdadeiro|verdadeiro fora de contexto ou exagerado|verdadeiro,True,,False,
https://www.aosfatos.org/noticias/nao-e-verdade-que-foi-encontrada-cura-para-diabetes-tipo-2/,aos fatos,2018-07-17,['falso'],1,falso,falso,False,falso,False,
https://www.aosfatos.org/noticias/em-defesa-das-olimpiadas-paes-superestima-gastos-com-saude-e-educacao/,aos fatos,2016-07-28,['impreciso'],1,impreciso,verdadeiro fora de contexto ou exagerado,False,verdadeiro fora de contexto ou exagerado,False,
https://www.aosfatos.org/noticias/ao-contrario-do-que-diz-sua-vice-pedro-paulo-ainda-e-investigado-por-agressao/,aos fatos,2016-07-26,['falso'],1,falso,falso,False,falso,False,
https://www.aosfatos.org/noticias/se-olimpiadas-nao-causaram-problemas-financeiros-ao-rio-o-que-causou/,aos fatos,2016-07-01,['impreciso'],1,impreciso,verdadeiro fora de contexto ou exagerado,False,verdadeiro fora de contexto ou exagerado,False,
https://www.aosfatos.org/noticias/e-falso-que-23-pessoas-foram-internadas-apos-beber-cerveja-skol/,aos fatos,2019-12-20,"['falso', 'falso', 'falso', 'falso', 'falso', 'falso']",6,falso|falso|falso|falso|falso|falso,falso|falso|falso|falso|falso|falso,False,falso,False,
https://www.aosfatos.org/noticias/e-falso-que-filha-de-lula-vai-receber-37-mil-como-assessora-no-senado/,aos fatos,2019-12-16,['falso'],1,falso,falso,False,falso,False,
https://www.aosfatos.org/noticias/nao-e-verdade-que-doria-foi-vacinado-com-imunizante-da-pfizer/,aos fatos,2021-05-12,['falso'],1,falso,falso,False,falso,False,
https://www.aosfatos.org/noticias/wajngarten-se-defende-na-cpi-da-covid-com-informacoes-falsas-sobre-vacina-e-distanciamento/,aos fatos,2021-05-12,"['falso', 'falso', 'falso', 'falso', 'falso', 'falso', 'falso', 'falso', 'falso', 'falso', 'contraditório']",11,falso|falso|falso|falso|falso|falso|falso|falso|falso|falso|contraditorio,falso|falso|falso|falso|falso|falso|falso|falso|falso|falso|nao_mapeavel,True,,False,
https://www.aosfatos.org/noticias/e-falso-que-neta-de-dercy-goncalves-usou-camisa-com-palavrao-contra-lula-ao-ser-vacinada/,aos fatos,2021-05-10,['falso'],1,falso,falso,False,falso,False,
https://www.aosfatos.org/noticias/e-falso-que-teich-disse-na-cpi-da-covid-19-que-senadores-torcem-pelo-caos/,aos fatos,2021-05-10,['falso'],1,falso,falso,False,falso,False,
https://www.aosfatos.org/noticias/posts-distorcem-fala-de-simone-tebet-ao-alegar-que-ela-e-contra-investigar-governadores-na-cpi/,aos fatos,2021-05-07,['distorcido'],1,distorcido,verdadeiro fora de contexto ou exagerado,False,verdadeiro fora de contexto ou exagerado,False,
https://www.aosfatos.org/noticias/e-falso-que-suica-teve-aumento-de-mortes-por-covid-19-apos-suspender-hidroxicloroquina/,aos fatos,2021-05-06,['falso'],1,falso,falso,False,falso,False,
https://www.aosfatos.org/noticias/queiroga-cita-dados-falsos-de-vacinacao-e-exagera-ao-dizer-que-bolsonaro-apoia-imunizantes/,aos fatos,2021-05-06,"['falso', 'falso', 'falso', 'falso', 'exagerado', 'insustentável', 'impreciso', 'verdadeiro', 'verdadeiro']",9,falso|falso|falso|falso|exagerado|insustentavel|impreciso|verdadeiro|verdadeiro,falso|falso|falso|falso|verdadeiro fora de contexto ou exagerado|nao_mapeavel|verdadeiro fora de contexto ou exagerado|verdadeiro|verdadeiro,True,,False,
https://www.aosfatos.org/noticias/na-cpi-teich-desinforma-ao-se-eximir-de-responsabilidade-sobre-cloroquina/,aos fatos,2021-05-05,"['falso', 'falso', 'contraditório', 'verdadeiro', 'verdadeiro']",5,falso|falso|contraditorio|verdadeiro|verdadeiro,falso|falso|nao_mapeavel|verdadeiro|verdadeiro,True,,False,
https://www.aosfatos.org/noticias/mandetta-falseia-fatos-sobre-sua-gestao-na-saude-em-depoimento-cpi-da-covid-19/,aos fatos,2021-05-04,"['falso', 'falso', 'falso', 'falso', 'impreciso', 'verdadeiro', 'verdadeiro', 'verdadeiro']",8,falso|falso|falso|falso|impreciso|verdadeiro|verdadeiro|verdadeiro,falso|falso|falso|falso|verdadeiro fora de contexto ou exagerado|verdadeiro|verdadeiro|verdadeiro,True,,False,
https://www.aosfatos.org/noticias/foto-de-pessoas-deitadas-na-rua-nao-retrata-infectados-pelo-coronavirus-na-china/,aos fatos,2020-01-31,"['falso', 'falso', 'falso']",3,falso|falso|falso,falso|falso|falso,False,falso,False,
https://www.aosfatos.org/noticias/e-falso-que-fundacao-de-bill-gates-financiou-patente-do-novo-coronavirus/,aos fatos,2020-01-30,"['falso', 'falso', 'falso']",3,falso|falso|falso,falso|falso|falso,False,falso,False,
https://www.aosfatos.org/noticias/e-falso-que-canada-orientou-manter-garganta-umida-como-prevencao-ao-coronavirus/,aos fatos,2020-01-30,"['falso', 'falso']",2,falso|falso,falso|falso,False,falso,False,
https://www.aosfatos.org/noticias/medicos-nao-indicaram-vitamina-c-e-cha-de-erva-doce-contra-coronavirus/,aos fatos,2020-01-29,"['falso', 'falso']",2,falso|falso,falso|falso,False,falso,False,
https://www.aosfatos.org/noticias/oms-nao-orientou-evitar-sexo-com-animais-para-se-prevenir-do-coronavirus/,aos fatos,2020-01-29,"['falso', 'falso']",2,falso|falso,falso|falso,False,falso,False,
https://www.aosfatos.org/noticias/e-falso-que-antigripais-contenham-substancia-mortal-proibida-pela-anvisa/,aos fatos,2020-01-28,"['falso', 'falso']",2,falso|falso,falso|falso,False,falso,False,
https://www.aosfatos.org/noticias/nao-e-do-novo-coronavirus-patente-citada-em-posts-nas-redes-sociais/,aos fatos,2020-01-28,"['falso', 'falso']",2,falso|falso,falso|falso,False,falso,False,
https://www.aosfatos.org/noticias/audio-falsamente-atribuido-dono-de-bar-mineiro-traz-desinformacao-sobre-cerveja/,aos fatos,2020-01-23,"['falso', 'falso']",2,falso|falso,falso|falso,False,falso,False,
https://www.aosfatos.org/noticias/audios-difundem-desinformacao-sobre-situacao-da-agua-no-rio/,aos fatos,2020-01-15,"['falso', 'falso']",2,falso|falso,falso|falso,False,falso,False,
https://www.aosfatos.org/noticias/e-falso-que-cedae-emitiu-alerta-para-que-cariocas-evitassem-consumo-de-agua/,aos fatos,2020-01-13,"['falso', 'falso']",2,falso|falso,falso|falso,False,falso,False,
https://www.aosfatos.org/noticias/homem-que-aparece-em-fotos-com-lula-nao-e-irmao-de-adelio-bispo/,aos fatos,2020-01-07,"['falso', 'falso']",2,falso|falso,falso|falso,False,falso,False,
https://www.aosfatos.org/noticias/e-falso-que-drauzio-varella-recomendou-suplemento-para-dores-nas-articulacoes/,aos fatos,2020-01-03,"['falso', 'falso']",2,falso|falso,falso|falso,False,falso,False,
https://www.aosfatos.org/noticias/doria-exagera-ao-falar-de-investimento-em-seguranca-e-fila-de-exames/,aos fatos,2018-06-12,"['exagerado', 'impreciso', 'verdadeiro', 'exagerado', 'impreciso', 'impreciso']",6,exagerado|impreciso|verdadeiro|exagerado|impreciso|impreciso,verdadeiro fora de contexto ou exagerado|verdadeiro fora de contexto ou exagerado|verdadeiro|verdadeiro fora de contexto ou exagerado|verdadeiro fora de contexto ou exagerado|verdadeiro fora de contexto ou exagerado,True,,False,
https://www.aosfatos.org/noticias/ciro-gomes-nao-garantiu-que-vai-diminuir-salarios-de-medicos-site-distorce-informacoes/,aos fatos,2018-06-06,['falso'],1,falso,falso,False,falso,False,
https://www.aosfatos.org/noticias/alvaro-dias-erra-ao-falar-de-educacao-infantil-e-teto-de-gastos-no-roda-viva/,aos fatos,2018-06-06,"['impreciso', 'exagerado', 'verdadeiro', 'falso', 'verdadeiro']",5,impreciso|exagerado|verdadeiro|falso|verdadeiro,verdadeiro fora de contexto ou exagerado|verdadeiro fora de contexto ou exagerado|verdadeiro|falso|verdadeiro,True,,False,
https://www.aosfatos.org/noticias/juiz-sergio-moro-nao-esta-com-doenca-grave-noticia-e-falsa/,aos fatos,2018-06-04,['falso'],1,falso,falso,False,falso,False,
https://www.aosfatos.org/noticias/dados-de-cartorios-nao-indicam-que-mortes-em-2020-estao-na-media-de-anos-anteriores/,aos fatos,2020-11-26,"['falso', 'falso']",2,falso|falso,falso|falso,False,falso,False,
https://www.aosfatos.org/noticias/no-2-turno-troca-de-ataques-entre-paes-e-crivella-tem-alegacoes-falsas-e-imprecisas/,aos fatos,2020-11-26,"['falso', 'falso', 'impreciso', 'verdadeiro', 'falso', 'exagerado', 'contraditório', 'impreciso']",8,falso|falso|impreciso|verdadeiro|falso|exagerado|contraditorio|impreciso,falso|falso|verdadeiro fora de contexto ou exagerado|verdadeiro|falso|verdadeiro fora de contexto ou exagerado|nao_mapeavel|verdadeiro fora de contexto ou exagerado,True,,False,
https://www.aosfatos.org/noticias/vice-presidente-da-venezuela-nao-disse-que-maduro-decretou-fim-do-coronavirus/,aos fatos,2020-11-25,"['falso', 'falso']",2,falso|falso,falso|falso,False,falso,False,
https://www.aosfatos.org/noticias/video-nao-mostra-fornos-crematorios-chineses-enviados-argentina/,aos fatos,2020-11-24,"['falso', 'falso']",2,falso|falso,falso|falso,False,falso,False,
https://www.aosfatos.org/noticias/e-falso-que-dados-de-boletim-de-urna-diferem-de-numeros-do-aplicativo-do-tse-em-rio-branco/,aos fatos,2020-11-23,"['falso', 'falso']",2,falso|falso,falso|falso,False,falso,False,
https://www.aosfatos.org/noticias/checamos-o-debate-da-band-com-covas-e-boulos/,aos fatos,2020-11-19,"['falso', 'falso', 'falso', 'falso', 'impreciso', 'verdadeiro', 'verdadeiro', 'falso', 'falso', 'verdadeiro', 'verdadeiro', 'verdadeiro']",12,falso|falso|falso|falso|impreciso|verdadeiro|verdadeiro|falso|falso|verdadeiro|verdadeiro|verdadeiro,falso|falso|falso|falso|verdadeiro fora de contexto ou exagerado|verdadeiro|verdadeiro|falso|falso|verdadeiro|verdadeiro|verdadeiro,True,,False,
https://www.aosfatos.org/noticias/e-falso-que-eleitores-com-mais-de-60-anos-nao-sao-obrigados-votar-em-2020/,aos fatos,2020-11-14,"['falso', 'falso']",2,falso|falso,falso|falso,False,falso,False,
https://www.aosfatos.org/noticias/prefeito-de-sao-bernardo-do-campo-nao-anunciou-que-vai-fechar-comercio-apos-eleicao/,aos fatos,2020-11-14,"['falso', 'falso']",2,falso|falso,falso|falso,False,falso,False,
https://www.aosfatos.org/noticias/e-falso-que-eleitor-que-nao-levar-caneta-nao-podera-votar/,aos fatos,2020-11-13,"['falso', 'falso']",2,falso|falso,falso|falso,False,falso,False,
https://www.aosfatos.org/noticias/candidatos-no-rio-citam-informacoes-falsas-sobre-transporte-pandemia-e-emprego/,aos fatos,2020-11-13,"['falso', 'falso', 'falso', 'falso', 'impreciso', 'verdadeiro', 'falso', 'falso', 'verdadeiro', 'falso', 'falso', 'falso', 'falso']",13,falso|falso|falso|falso|impreciso|verdadeiro|falso|falso|verdadeiro|falso|falso|falso|falso,falso|falso|falso|falso|verdadeiro fora de contexto ou exagerado|verdadeiro|falso|falso|verdadeiro|falso|falso|falso|falso,True,,False,
https://www.aosfatos.org/noticias/tse-nao-impede-votacao-de-diagnosticados-com-covid-19-apenas-orienta-o-nao-comparecimento/,aos fatos,2020-11-12,"['falso', 'falso']",2,falso|falso,falso|falso,False,falso,False,
https://www.aosfatos.org/noticias/fotos-nao-mostram-vacinacao-obrigatoria-contra-covid-19-no-peru/,aos fatos,2020-11-10,"['falso', 'falso']",2,falso|falso,falso|falso,False,falso,False,
https://www.aosfatos.org/noticias/na-reta-final-candidatos-em-sao-paulo-derrapam-ao-falar-de-pandemia-habitacao-e-creches/,aos fatos,2020-11-09,"['falso', 'falso', 'falso', 'falso', 'falso', 'falso', 'falso', 'falso', 'falso', 'falso', 'falso', 'falso', 'falso', 'falso', 'falso', 'falso', 'impreciso', 'exagerado', 'falso', 'falso']",20,falso|falso|falso|falso|falso|falso|falso|falso|falso|falso|falso|falso|falso|falso|falso|falso|impreciso|exagerado|falso|falso,falso|falso|falso|falso|falso|falso|falso|falso|falso|falso|falso|falso|falso|falso|falso|falso|verdadeiro fora de contexto ou exagerado|verdadeiro fora de contexto ou exagerado|falso|falso,True,,False,
https://www.aosfatos.org/noticias/e-montagem-foto-de-manifestante-com-cartaz-em-que-pede-o-fim-da-saude-publica/,aos fatos,2020-11-04,"['falso', 'falso']",2,falso|falso,falso|falso,False,falso,False,
https://www.aosfatos.org/noticias/checamos-o-que-disse-paulo-guedes-na-comissao-da-reforma-da-previdencia/,aos fatos,2019-05-10,"['impreciso', 'impreciso', 'verdadeiro', 'verdadeiro', 'verdadeiro', 'verdadeiro']",6,impreciso|impreciso|verdadeiro|verdadeiro|verdadeiro|verdadeiro,verdadeiro fora de contexto ou exagerado|verdadeiro fora de contexto ou exagerado|verdadeiro|verdadeiro|verdadeiro|verdadeiro,True,,False,
https://www.aosfatos.org/noticias/df-nao-ofereceu-curso-para-ensinar-professores-a-atrapalhar-governo-bolsonaro/,aos fatos,2019-05-07,['falso'],1,falso,falso,False,falso,False,
https://www.aosfatos.org/noticias/relatorio-contra-descriminalizacao-da-maconha-tem-dados-distorcidos/,aos fatos,2017-11-28,"['impreciso', 'insustentável', 'exagerado', 'verdadeiro', 'insustentável']",5,impreciso|insustentavel|exagerado|verdadeiro|insustentavel,verdadeiro fora de contexto ou exagerado|nao_mapeavel|verdadeiro fora de contexto ou exagerado|verdadeiro|nao_mapeavel,True,,False,
https://www.aosfatos.org/noticias/fato-e-ficcao-em-seis-declaracoes-sobre-reforma-trabalhista/,aos fatos,2017-11-10,"['verdadeiro', 'verdadeiro', 'impreciso', 'exagerado', 'verdadeiro', 'verdadeiro', 'impreciso']",7,verdadeiro|verdadeiro|impreciso|exagerado|verdadeiro|verdadeiro|impreciso,verdadeiro|verdadeiro|verdadeiro fora de contexto ou exagerado|verdadeiro fora de contexto ou exagerado|verdadeiro|verdadeiro|verdadeiro fora de contexto ou exagerado,True,,False,
https://www.aosfatos.org/noticias/na-tv-bolsonaro-nega-fatos-que-mostram-que-houve-ditadura-no-brasil/,aos fatos,2018-10-29,"['falso', 'falso', 'falso', 'falso']",4,falso|falso|falso|falso,falso|falso|falso|falso,False,falso,False,
https://www.aosfatos.org/noticias/fotografar-comprovante-de-votacao-com-numero-do-candidato-nao-ajuda-fiscalizar-eleicao/,aos fatos,2018-10-28,['falso'],1,falso,falso,False,falso,False,
https://www.aosfatos.org/noticias/deputado-que-discute-com-mulher-em-video-nao-e-do-pt-e-nem-ofereceu-dinheiro-por-gravacao/,aos fatos,2018-10-17,['falso'],1,falso,falso,False,falso,False,
https://www.aosfatos.org/noticias/checagens-em-tempo-real-do-debate-da-tv-globo-com-os-candidatos-governador-de-sp/,aos fatos,2018-10-02,"['impreciso', 'verdadeiro', 'verdadeiro', 'verdadeiro', 'verdadeiro', 'exagerado', 'verdadeiro', 'falso', 'verdadeiro', 'exagerado', 'exagerado', 'falso', 'verdadeiro', 'exagerado']",14,impreciso|verdadeiro|verdadeiro|verdadeiro|verdadeiro|exagerado|verdadeiro|falso|verdadeiro|exagerado|exagerado|falso|verdadeiro|exagerado,verdadeiro fora de contexto ou exagerado|verdadeiro|verdadeiro|verdadeiro|verdadeiro|verdadeiro fora de contexto ou exagerado|verdadeiro|falso|verdadeiro|verdadeiro fora de contexto ou exagerado|verdadeiro fora de contexto ou exagerado|falso|verdadeiro|verdadeiro fora de contexto ou exagerado,True,,False,
https://www.aosfatos.org/noticias/checamos-entrevista-de-bolsonaro-ao-datena-na-band/,aos fatos,2018-09-28,"['falso', 'falso', 'falso', 'falso', 'falso', 'exagerado']",6,falso|falso|falso|falso|falso|exagerado,falso|falso|falso|falso|falso|verdadeiro fora de contexto ou exagerado,True,,False,
https://www.aosfatos.org/noticias/audio-de-de-bolsonaro-em-conversa-exaltada-no-hospital-e-falso/,aos fatos,2018-09-21,['falso'],1,falso,falso,False,falso,False,
https://www.aosfatos.org/noticias/no-jornal-da-globo-haddad-erra-ao-dizer-que-PT-propos-limpar-nome-de-endividados-primeiro/,aos fatos,2018-09-20,"['falso', 'falso', 'impreciso', 'verdadeiro', 'verdadeiro']",5,falso|falso|impreciso|verdadeiro|verdadeiro,falso|falso|verdadeiro fora de contexto ou exagerado|verdadeiro|verdadeiro,True,,False,
https://www.aosfatos.org/noticias/geraldo-alckmin-nega-aumento-de-impostos-em-sua-gestao-mas-nao-e-verdade/,aos fatos,2018-09-20,"['falso', 'falso', 'falso', 'verdadeiro', 'verdadeiro']",5,falso|falso|falso|verdadeiro|verdadeiro,falso|falso|falso|verdadeiro|verdadeiro,True,,False,
https://www.aosfatos.org/noticias/em-video-gravado-no-hospital-bolsonaro-ataca-pt-com-informacoes-erradas/,aos fatos,2018-09-18,"['falso', 'insustentável', 'verdadeiro', 'verdadeiro']",4,falso|insustentavel|verdadeiro|verdadeiro,falso|nao_mapeavel|verdadeiro|verdadeiro,True,,False,
https://www.aosfatos.org/noticias/video-mostra-torcedores-vendo-jogo-da-copa-e-nao-ato-pela-saude-de-bolsonaro/,aos fatos,2018-09-17,['falso'],1,falso,falso,False,falso,False,
https://www.aosfatos.org/noticias/homem-em-foto-com-gleisi-hoffmann-nao-e-o-agressor-de-bolsonaro/,aos fatos,2018-09-14,['falso'],1,falso,falso,False,falso,False,
https://www.aosfatos.org/noticias/corrente-de-whatsapp-sobre-ataque-bolsonaro-e-nova-versao-de-velha-teoria-da-conspiracao/,aos fatos,2018-09-10,['falso'],1,falso,falso,False,falso,False,
https://www.aosfatos.org/noticias/jair-bolsonaro-nao-entrou-andando-no-hospital-apos-ser-atacado/,aos fatos,2018-09-06,['falso'],1,falso,falso,False,falso,False,
https://www.aosfatos.org/noticias/e-falso-que-glenn-greenwald-foi-preso-pela-pf-ao-embarcar-em-aeroporto/,aos fatos,2019-07-24,['falso'],1,falso,falso,False,falso,False,
https://www.aosfatos.org/noticias/governo-bolsonaro-nao-suspendeu-distribuicao-de-insulina-no-sus/,aos fatos,2019-07-22,['falso'],1,falso,falso,False,falso,False,
https://www.aosfatos.org/noticias/e-falso-que-reforma-tira-de-pessoas-com-deficiencia-direito-pensao-por-morte/,aos fatos,2019-07-17,['falso'],1,falso,falso,False,falso,False,
https://www.aosfatos.org/noticias/e-falso-que-bolsonaro-importara-tecnologia-que-remove-cancer-de-mama-sem-cirurgia/,aos fatos,2019-07-16,['falso'],1,falso,falso,False,falso,False,
https://www.aosfatos.org/noticias/veja-o-que-checamos-durante-o-debate-da-band-com-os-candidatos-prefeito-de-sp/,aos fatos,2016-08-23,"['exagerado', 'impreciso', 'falso', 'exagerado', 'impreciso', 'impreciso', 'insustentável', 'exagerado', 'exagerado', 'verdadeiro']",10,exagerado|impreciso|falso|exagerado|impreciso|impreciso|insustentavel|exagerado|exagerado|verdadeiro,verdadeiro fora de contexto ou exagerado|verdadeiro fora de contexto ou exagerado|falso|verdadeiro fora de contexto ou exagerado|verdadeiro fora de contexto ou exagerado|verdadeiro fora de contexto ou exagerado|nao_mapeavel|verdadeiro fora de contexto ou exagerado|verdadeiro fora de contexto ou exagerado|verdadeiro,True,,False,
https://www.aosfatos.org/noticias/ministro-da-saude-erra-ao-afirmar-que-homens-trabalham-mais-que-mulheres/,aos fatos,2016-08-11,['exagerado'],1,exagerado,verdadeiro fora de contexto ou exagerado,False,verdadeiro fora de contexto ou exagerado,False,
https://www.aosfatos.org/noticias/e-falso-que-governo-de-sp-negou-o-envio-de-vacinas-ao-municipio-de-bauru/,aos fatos,2021-01-29,['falso'],1,falso,falso,False,falso,False,
https://www.aosfatos.org/noticias/e-falso-que-governo-da-irlanda-instalou-aviso-eletronico-contra-uso-de-mascaras-testes-e-vacinas/,aos fatos,2021-01-29,['falso'],1,falso,falso,False,falso,False,
https://www.aosfatos.org/noticias/retratacao-em-estudo-sobre-hidroxicloroquina-nao-atesta-eficacia-da-droga-contra-covid-19/,aos fatos,2021-01-28,['distorcido'],1,distorcido,verdadeiro fora de contexto ou exagerado,False,verdadeiro fora de contexto ou exagerado,False,
https://www.aosfatos.org/noticias/outdoor-em-campo-grande-com-imagem-de-doria-nao-foi-pago-pelo-governo-paulista/,aos fatos,2021-01-28,['falso'],1,falso,falso,False,falso,False,
https://www.aosfatos.org/noticias/nao-foi-escrito-por-mourao-texto-que-diz-que-bolsonaro-e-a-unica-opcao-dos-brasileiros/,aos fatos,2021-01-28,['falso'],1,falso,falso,False,falso,False,
https://www.aosfatos.org/noticias/morte-de-socorrista-no-rio-de-janeiro-nao-tem-relacao-com-vacina-contra-covid-19/,aos fatos,2021-01-28,['falso'],1,falso,falso,False,falso,False,
https://www.aosfatos.org/noticias/e-falso-que-filho-do-ex-presidente-lula-comprou-20-das-acoes-da-sinovac/,aos fatos,2021-01-27,['falso'],1,falso,falso,False,falso,False,
https://www.aosfatos.org/noticias/e-falso-que-biden-disse-que-cloroquina-e-eficaz-contra-covid-19/,aos fatos,2021-01-27,['falso'],1,falso,falso,False,falso,False,
https://www.aosfatos.org/noticias/vacinas-contra-covid-19-nao-alteram-o-codigo-genetico-nem-podem-causar-cancer/,aos fatos,2021-01-26,['falso'],1,falso,falso,False,falso,False,
https://www.aosfatos.org/noticias/e-falso-que-carlos-bolsonaro-ja-tenha-se-vacinado-contra-covid-19/,aos fatos,2021-01-25,['falso'],1,falso,falso,False,falso,False,
https://www.aosfatos.org/noticias/bolsonaro-nao-desobedeceu-o-stf-nem-cometeu-crime-ao-enviar-ajuda-ao-amazonas/,aos fatos,2021-01-22,['falso'],1,falso,falso,False,falso,False,
https://www.aosfatos.org/noticias/enfermeiras-de-paraty-nao-passaram-mal-nem-foram-internadas-apos-tomar-coronavac/,aos fatos,2021-01-22,['falso'],1,falso,falso,False,falso,False,
https://www.aosfatos.org/noticias/roberto-jefferson-distorce-informacoes-ao-lancar-acusacoes-ao-stf-no-twitter/,aos fatos,2021-01-20,['distorcido'],1,distorcido,verdadeiro fora de contexto ou exagerado,False,verdadeiro fora de contexto ou exagerado,False,
https://www.aosfatos.org/noticias/bolsonaro-nao-excluiu-de-suas-redes-sociais-fotos-em-que-promove-cloroquina/,aos fatos,2021-01-20,['falso'],1,falso,falso,False,falso,False,
https://www.aosfatos.org/noticias/e-falso-que-angelica-disse-que-nao-tomara-vacina-contra-covid-19/,aos fatos,2021-01-19,['falso'],1,falso,falso,False,falso,False,
https://www.aosfatos.org/noticias/foto-em-que-neymar-aparece-sendo-vacinado-e-de-2010-nao-atual/,aos fatos,2021-01-19,['falso'],1,falso,falso,False,falso,False,
https://www.aosfatos.org/noticias/pazuello-engana-ao-afirmar-que-ministerio-nao-indica-drogas-sem-eficacia-comprovada-contra-covid-19/,aos fatos,2021-01-18,['falso'],1,falso,falso,False,falso,False,
https://www.aosfatos.org/noticias/posts-enganam-ao-dizer-que-venezuela-nao-doou-oxigenio-hospitalar-ao-brasil/,aos fatos,2021-01-18,['falso'],1,falso,falso,False,falso,False,
https://www.aosfatos.org/noticias/enfermeira-que-foi-primeira-vacinada-no-brasil-tomou-placebo-durante-testes-da-coronavac/,aos fatos,2021-01-18,['falso'],1,falso,falso,False,falso,False,
https://www.aosfatos.org/noticias/e-falso-que-stf-afastou-bolsonaro-e-deu-governadores-controle-de-acoes-contra-pandemia/,aos fatos,2021-01-18,['falso'],1,falso,falso,False,falso,False,
https://www.aosfatos.org/noticias/e-falso-que-governo-do-amazonas-deve-r-52-milhoes-white-martins/,aos fatos,2021-01-18,['falso'],1,falso,falso,False,falso,False,
https://www.aosfatos.org/noticias/video-nao-mostra-cilindros-de-oxigenio-da-lg-carregamento-e-da-white-martins/,aos fatos,2021-01-15,['distorcido'],1,distorcido,verdadeiro fora de contexto ou exagerado,False,verdadeiro fora de contexto ou exagerado,False,
https://www.aosfatos.org/noticias/nao-e-verdade-que-epidemiologista-disse-que-coronavac-nao-poderia-ser-aprovada/,aos fatos,2021-01-15,['falso'],1,falso,falso,False,falso,False,
https://www.aosfatos.org/noticias/e-falso-que-governo-bolsonaro-gastou-apenas-r-150-milhoes-em-publicidade-em-2019/,aos fatos,2021-01-15,['falso'],1,falso,falso,False,falso,False,
https://www.aosfatos.org/noticias/e-falso-que-taxa-de-eficacia-da-coronavac-caiu-de-78-para-5038-e-4969/,aos fatos,2021-01-14,['falso'],1,falso,falso,False,falso,False,
https://www.aosfatos.org/noticias/e-falso-que-doria-foi-zombado-por-emissora-de-tv-nos-eua-video-foi-manipulado/,aos fatos,2021-01-14,['falso'],1,falso,falso,False,falso,False,
https://www.aosfatos.org/noticias/reportagem-antiga-da-tv-globo-sobre-uso-de-mascaras-circula-em-posts-como-atual/,aos fatos,2021-01-13,['falso'],1,falso,falso,False,falso,False,
https://www.aosfatos.org/noticias/video-de-teste-positivo-para-covid-19-em-kiwi-nao-prova-que-exames-sao-ineficazes/,aos fatos,2021-01-11,['falso'],1,falso,falso,False,falso,False,
https://www.aosfatos.org/noticias/e-falso-que-casca-triturada-do-fruto-do-jatoba-seja-capaz-de-curar-o-cancer/,aos fatos,2021-01-08,['falso'],1,falso,falso,False,falso,False,
https://www.aosfatos.org/noticias/e-falso-que-pfizer-alertou-que-vacina-contra-covid-19-causa-ma-formacao-em-fetos/,aos fatos,2021-01-08,['falso'],1,falso,falso,False,falso,False,
https://www.aosfatos.org/noticias/nao-ha-evidencias-de-que-plasma-equino-cure-covid-19-soro-ainda-nao-foi-testado-em-humanos/,aos fatos,2021-01-08,['falso'],1,falso,falso,False,falso,False,
https://www.aosfatos.org/noticias/e-falso-que-washington-post-noticiou-que-china-nao-quer-usar-coronavac/,aos fatos,2021-01-07,['falso'],1,falso,falso,False,falso,False,
https://www.aosfatos.org/noticias/anvisa-nao-declarou-que-fabricante-da-coronavac-esta-fora-dos-padroes-de-qualidade/,aos fatos,2021-01-07,['falso'],1,falso,falso,False,falso,False,
https://www.aosfatos.org/noticias/posts-enganam-ao-indicar-uso-de-remedios-sem-eficacia-comprovada-contra-covid-19/,aos fatos,2021-01-06,['falso'],1,falso,falso,False,falso,False,
https://www.aosfatos.org/noticias/video-de-caetano-e-bethania-dancando-em-festa-e-janeiro-de-2019-nao-atual/,aos fatos,2021-01-06,['falso'],1,falso,falso,False,falso,False,
https://www.aosfatos.org/noticias/e-falso-que-vacinacao-de-kamala-harris-contra-covid-19-foi-encenada/,aos fatos,2021-01-05,['falso'],1,falso,falso,False,falso,False,
https://www.aosfatos.org/noticias/foto-de-maju-coutinho-na-praia-nao-e-recente-mas-de-maio-de-2019/,aos fatos,2021-01-04,['distorcido'],1,distorcido,verdadeiro fora de contexto ou exagerado,False,verdadeiro fora de contexto ou exagerado,False,
https://www.aosfatos.org/noticias/posts-usam-video-editado-ao-alegar-que-vacinacao-em-israel-foi-encenada/,aos fatos,2021-01-04,['falso'],1,falso,falso,False,falso,False,
https://www.aosfatos.org/noticias/covas-assume-prefeitura-de-sao-paulo-e-usa-dados-errados-para-defender-gestao/,aos fatos,2018-04-12,"['exagerado', 'falso', 'verdadeiro', 'exagerado', 'exagerado', 'verdadeiro', 'impreciso', 'verdadeiro', 'impreciso', 'verdadeiro']",10,exagerado|falso|verdadeiro|exagerado|exagerado|verdadeiro|impreciso|verdadeiro|impreciso|verdadeiro,verdadeiro fora de contexto ou exagerado|falso|verdadeiro|verdadeiro fora de contexto ou exagerado|verdadeiro fora de contexto ou exagerado|verdadeiro|verdadeiro fora de contexto ou exagerado|verdadeiro|verdadeiro fora de contexto ou exagerado|verdadeiro,True,,False,
https://www.aosfatos.org/noticias/video-nao-mostra-protesto-em-napoles-contra-coronavac/,aos fatos,2020-10-29,"['falso', 'falso']",2,falso|falso,falso|falso,False,falso,False,
https://www.aosfatos.org/noticias/diretores-da-anvisa-hoje-nao-sao-os-mesmos-dos-governos-do-pt/,aos fatos,2020-10-29,"['falso', 'falso']",2,falso|falso,falso|falso,False,falso,False,
https://www.aosfatos.org/noticias/nao-e-verdade-que-medico-chines-morreu-apos-tomar-coronavac/,aos fatos,2020-10-28,"['falso', 'falso']",2,falso|falso,falso|falso,False,falso,False,
https://www.aosfatos.org/noticias/e-falso-que-lei-brasileira-nao-ampara-obrigatoriedade-de-vacinas/,aos fatos,2020-10-27,"['falso', 'falso']",2,falso|falso,falso|falso,False,falso,False,
https://www.aosfatos.org/noticias/idosos-terao-preferencia-nao-exclusividade-ao-votar-nas-eleicoes-entre-7h-e-10h/,aos fatos,2020-10-27,"['falso', 'falso']",2,falso|falso,falso|falso,False,falso,False,
https://www.aosfatos.org/noticias/e-falso-que-vacinas-contra-covid-19-foram-aplicadas-apenas-em-animais-antes-de-testes-no-brasil/,aos fatos,2020-10-26,"['falso', 'falso']",2,falso|falso,falso|falso,False,falso,False,
https://www.aosfatos.org/noticias/e-falso-que-coronavac-pode-matar-mais-que-covid-19-medico-faz-comparacao-enganosa/,aos fatos,2020-10-26,"['falso', 'falso']",2,falso|falso,falso|falso,False,falso,False,
https://www.aosfatos.org/noticias/e-falso-que-coronavac-pode-alterar-codigo-genetico-e-causar-homossexualismo/,aos fatos,2020-10-23,"['falso', 'falso']",2,falso|falso,falso|falso,False,falso,False,
https://www.aosfatos.org/noticias/e-falso-que-prefeitura-de-sao-paulo-tem-20-mil-caixoes-estocados-em-deposito/,aos fatos,2020-10-23,"['falso', 'falso']",2,falso|falso,falso|falso,False,falso,False,
https://www.aosfatos.org/noticias/e-falso-que-tse-permitiu-voto-pelo-celular-nestas-eleicoes/,aos fatos,2020-10-22,"['falso', 'falso']",2,falso|falso,falso|falso,False,falso,False,
https://www.aosfatos.org/noticias/ao-atacar-vacina-chinesa-bolsonaro-distorce-fatos-e-cita-informacao-falsa/,aos fatos,2020-10-21,"['falso', 'falso', 'contraditório', 'exagerado', 'verdadeiro', 'verdadeiro']",6,falso|falso|contraditorio|exagerado|verdadeiro|verdadeiro,falso|falso|nao_mapeavel|verdadeiro fora de contexto ou exagerado|verdadeiro|verdadeiro,True,,False,
https://www.aosfatos.org/noticias/doria-nao-disse-que-quem-deixar-de-tomar-coronavac-pode-passar-covid-19-para-os-ja-vacinados/,aos fatos,2020-10-19,"['falso', 'falso']",2,falso|falso,falso|falso,False,falso,False,
https://www.aosfatos.org/noticias/na-tv-candidatos-prefeitura-alternam-fato-e-ficcao-sobre-saude-no-rio/,aos fatos,2020-10-19,"['falso', 'falso', 'falso', 'falso', 'exagerado', 'impreciso', 'verdadeiro', 'verdadeiro', 'verdadeiro', 'verdadeiro', 'verdadeiro', 'impreciso', 'verdadeiro']",13,falso|falso|falso|falso|exagerado|impreciso|verdadeiro|verdadeiro|verdadeiro|verdadeiro|verdadeiro|impreciso|verdadeiro,falso|falso|falso|falso|verdadeiro fora de contexto ou exagerado|verdadeiro fora de contexto ou exagerado|verdadeiro|verdadeiro|verdadeiro|verdadeiro|verdadeiro|verdadeiro fora de contexto ou exagerado|verdadeiro,True,,False,
https://www.aosfatos.org/noticias/estudo-de-yale-nao-deu-nivel-de-evidencia-1-para-tratamento-de-covid-19-com-hidroxicloroquina/,aos fatos,2020-10-16,"['falso', 'falso']",2,falso|falso,falso|falso,False,falso,False,
https://www.aosfatos.org/noticias/checamos-o-que-candidatos-prefeito-de-sao-paulo-disseram-no-inicio-da-campanha/,aos fatos,2020-10-15,"['falso', 'falso', 'falso', 'falso', 'falso', 'falso', 'verdadeiro', 'exagerado', 'verdadeiro', 'falso', 'falso', 'verdadeiro']",12,falso|falso|falso|falso|falso|falso|verdadeiro|exagerado|verdadeiro|falso|falso|verdadeiro,falso|falso|falso|falso|falso|falso|verdadeiro|verdadeiro fora de contexto ou exagerado|verdadeiro|falso|falso|verdadeiro,True,,False,
https://www.aosfatos.org/noticias/nao-ha-evidencias-de-que-o-coronavirus-so-sobrevive-em-temperaturas-de-ate-36c/,aos fatos,2020-10-07,"['falso', 'falso']",2,falso|falso,falso|falso,False,falso,False,
https://www.aosfatos.org/noticias/no-es-verdad-que-la-vacuna-contra-la-covid-19-cause-dano-irreversible-en-el-adn-humano/,aos fatos,2020-10-05,"['falso', 'falso', 'falso', 'falso', 'falso', 'falso', 'falso', 'falso', 'falso', 'falso']",10,falso|falso|falso|falso|falso|falso|falso|falso|falso|falso,falso|falso|falso|falso|falso|falso|falso|falso|falso|falso,False,falso,False,
https://www.aosfatos.org/noticias/es-falso-que-la-covid-19-no-haya-matado-ningun-politico-en-brasil/,aos fatos,2020-10-05,"['falso', 'falso']",2,falso|falso,falso|falso,False,falso,False,
https://www.aosfatos.org/noticias/es-falso-que-adolescentes-murieron-luego-de-recibir-dosis-de-la-coronavac/,aos fatos,2020-10-05,"['falso', 'falso']",2,falso|falso,falso|falso,False,falso,False,
https://www.aosfatos.org/noticias/es-falso-que-base-de-datos-muestra-que-kits-para-testeos-de-covid-19-se-compraban-desde-2017/,aos fatos,2020-10-05,"['falso', 'falso']",2,falso|falso,falso|falso,False,falso,False,
https://piaui.folha.uol.com.br/lupa/2020/11/30/verificamos-magazine-luiza-campanha-doacao-panelas/,lupa,2020-11-30,['FALSO'],1,falso,falso,False,falso,False,
https://piaui.folha.uol.com.br/lupa/2020/11/29/bruno-covas-sao-paulo-promessas/,lupa,2020-11-29,"['DE OLHO', 'DE OLHO', 'DE OLHO', 'DE OLHO', 'DE OLHO']",5,de olho|de olho|de olho|de olho|de olho,nao_mapeavel|nao_mapeavel|nao_mapeavel|nao_mapeavel|nao_mapeavel,False,nao_mapeavel,False,
https://piaui.folha.uol.com.br/lupa/2020/11/29/sebastiao-melo-porto-alegre-promessas/,lupa,2020-11-29,"['DE OLHO', 'DE OLHO', 'DE OLHO', 'DE OLHO', 'DE OLHO']",5,de olho|de olho|de olho|de olho|de olho,nao_mapeavel|nao_mapeavel|nao_mapeavel|nao_mapeavel|nao_mapeavel,False,nao_mapeavel,False,
https://piaui.folha.uol.com.br/lupa/2020/11/29/eduardo-paes-rio-de-janeiro-promessas/,lupa,2020-11-29,"['DE OLHO', 'DE OLHO', 'DE OLHO', 'DE OLHO', 'DE OLHO']",5,de olho|de olho|de olho|de olho|de olho,nao_mapeavel|nao_mapeavel|nao_mapeavel|nao_mapeavel|nao_mapeavel,False,nao_mapeavel,False,
https://piaui.folha.uol.com.br/lupa/2020/11/27/horario-eleitoral-sp-segundo-turno-2020/,lupa,2020-11-27,"['EXAGERADO', 'EXAGERADO', 'EXAGERADO', 'EXAGERADO', 'EXAGERADO', 'VERDADEIRO, MAS', 'VERDADEIRO', 'FALSO', 'EXAGERADO', 'VERDADEIRO, MAS', 'VERDADEIRO', 'VERDADEIRO', 'VERDADEIRO', 'VERDADEIRO']",14,"exagerado|exagerado|exagerado|exagerado|exagerado|verdadeiro, mas|verdadeiro|falso|exagerado|verdadeiro, mas|verdadeiro|verdadeiro|verdadeiro|verdadeiro",verdadeiro fora de contexto ou exagerado|verdadeiro fora de contexto ou exagerado|verdadeiro fora de contexto ou exagerado|verdadeiro fora de contexto ou exagerado|verdadeiro fora de contexto ou exagerado|verdadeiro fora de contexto ou exagerado|verdadeiro|falso|verdadeiro fora de contexto ou exagerado|verdadeiro fora de contexto ou exagerado|verdadeiro|verdadeiro|verdadeiro|verdadeiro,True,,False,
https://piaui.folha.uol.com.br/lupa/2020/11/27/fact-check-lab-centro-oeste-brasilia-vacina/,lupa,2020-11-27,['FALSO'],1,falso,falso,False,falso,False,
https://piaui.folha.uol.com.br/lupa/2020/11/27/fact-check-lab-nordeste-joao-pessoa-promessas/,lupa,2020-11-27,"['VERDADEIRO', 'FALSO', 'FALSO', 'FALSO', 'FALSO', 'VERDADEIRO', 'FALSO', 'FALSO']",8,verdadeiro|falso|falso|falso|falso|verdadeiro|falso|falso,verdadeiro|falso|falso|falso|falso|verdadeiro|falso|falso,True,,False,
https://piaui.folha.uol.com.br/lupa/2020/11/26/verificamos-hospital-cajazeiras/,lupa,2020-11-26,['FALSO'],1,falso,falso,False,falso,False,
https://piaui.folha.uol.com.br/lupa/2020/11/26/sabatina-folha-covas-segundo-turno/,lupa,2020-11-26,"['FALSO', 'FALSO', 'VERDADEIRO, MAS', 'VERDADEIRO', 'VERDADEIRO', 'VERDADEIRO', 'VERDADEIRO', 'AINDA É CEDO PARA DIZER', 'VERDADEIRO']",9,"falso|falso|verdadeiro, mas|verdadeiro|verdadeiro|verdadeiro|verdadeiro|ainda e cedo para dizer|verdadeiro",falso|falso|verdadeiro fora de contexto ou exagerado|verdadeiro|verdadeiro|verdadeiro|verdadeiro|nao_mapeavel|verdadeiro,True,,False,
https://piaui.folha.uol.com.br/lupa/2020/11/25/verificacao-argentina-fornos-cremar-mortos-vacina-chinesa/,lupa,2020-11-25,"['FALSO', 'FALSO']",2,falso|falso,falso|falso,False,falso,False,
https://piaui.folha.uol.com.br/lupa/2020/11/25/verificamos-tuite-boulos-rua/,lupa,2020-11-25,['FALSO'],1,falso,falso,False,falso,False,
https://piaui.folha.uol.com.br/lupa/2020/11/25/verificamos-pai-guilherme-boulos-dono-casa-vazia/,lupa,2020-11-25,['FALSO'],1,falso,falso,False,falso,False,
https://piaui.folha.uol.com.br/lupa/2020/11/24/verificamos-conselhos-hospitais-covid-19/,lupa,2020-11-24,"['FALSO', 'FALSO', 'FALSO', 'FALSO']",4,falso|falso|falso|falso,falso|falso|falso|falso,False,falso,False,
https://piaui.folha.uol.com.br/lupa/2020/11/19/debate-recife-segundo-turno/,lupa,2020-11-19,"['VERDADEIRO', 'VERDADEIRO, MAS', 'VERDADEIRO, MAS', 'EXAGERADO', 'EXAGERADO', 'FALSO', 'VERDADEIRO, MAS', 'SUBESTIMADO', 'FALSO', 'VERDADEIRO']",10,"verdadeiro|verdadeiro, mas|verdadeiro, mas|exagerado|exagerado|falso|verdadeiro, mas|subestimado|falso|verdadeiro",verdadeiro|verdadeiro fora de contexto ou exagerado|verdadeiro fora de contexto ou exagerado|verdadeiro fora de contexto ou exagerado|verdadeiro fora de contexto ou exagerado|falso|verdadeiro fora de contexto ou exagerado|verdadeiro fora de contexto ou exagerado|falso|verdadeiro,True,,False,
https://piaui.folha.uol.com.br/lupa/2020/11/19/caiu-na-rede-bolsa-estudo/,lupa,2020-11-19,['FALSO'],1,falso,falso,False,falso,False,
https://piaui.folha.uol.com.br/lupa/2020/11/18/verificamos-policia-jovens-tossindo/,lupa,2020-11-18,['FALSO'],1,falso,falso,False,falso,False,
https://piaui.folha.uol.com.br/lupa/2020/11/18/caiu-na-rede-covid-trombose/,lupa,2020-11-18,['FALSO'],1,falso,falso,False,falso,False,
https://piaui.folha.uol.com.br/lupa/2020/11/17/verificamos-vacina-h1n1-sinovac/,lupa,2020-11-17,"['FALSO', 'FALSO']",2,falso|falso,falso|falso,False,falso,False,
https://piaui.folha.uol.com.br/lupa/2020/11/16/verificamos-voluntarios-testes-vacina-chinesa/,lupa,2020-11-16,"['FALSO', 'FALSO', 'FALSO', 'FALSO']",4,falso|falso|falso|falso,falso|falso|falso|falso,False,falso,False,
https://piaui.folha.uol.com.br/lupa/2020/11/15/resultado-belo-horizonte-eleicoes-2020/,lupa,2020-11-15,"['VERDADEIRO', 'EXAGERADO', 'FALSO', 'EXAGERADO', 'EXAGERADO', 'VERDADEIRO', 'VERDADEIRO', 'VERDADEIRO', 'FALSO', 'FALSO', 'EXAGERADO', 'EXAGERADO', 'EXAGERADO', 'VERDADEIRO']",14,verdadeiro|exagerado|falso|exagerado|exagerado|verdadeiro|verdadeiro|verdadeiro|falso|falso|exagerado|exagerado|exagerado|verdadeiro,verdadeiro|verdadeiro fora de contexto ou exagerado|falso|verdadeiro fora de contexto ou exagerado|verdadeiro fora de contexto ou exagerado|verdadeiro|verdadeiro|verdadeiro|falso|falso|verdadeiro fora de contexto ou exagerado|verdadeiro fora de contexto ou exagerado|verdadeiro fora de contexto ou exagerado|verdadeiro,True,,False,
https://piaui.folha.uol.com.br/lupa/2020/11/15/verificamos-morreram-registro-civil-covid/,lupa,2020-11-15,['FALSO'],1,falso,falso,False,falso,False,
https://piaui.folha.uol.com.br/lupa/2020/11/15/verificamos-pessoas-diagnosticadas-covid-19-votar/,lupa,2020-11-15,['FALSO'],1,falso,falso,False,falso,False,
https://piaui.folha.uol.com.br/lupa/2020/11/14/teresina-dr-pessoa-hospital-de-urgencia/,lupa,2020-11-14,"['VERDADEIRO', 'FALSO', 'SUBESTIMADO']",3,verdadeiro|falso|subestimado,verdadeiro|falso|verdadeiro fora de contexto ou exagerado,True,,False,
https://piaui.folha.uol.com.br/lupa/2020/11/14/verificamos-voto-facultativo-60-anos/,lupa,2020-11-14,['FALSO'],1,falso,falso,False,falso,False,
https://piaui.folha.uol.com.br/lupa/2020/11/14/verificamos-anvisa-pt/,lupa,2020-11-14,"['FALSO', 'FALSO', 'FALSO']",3,falso|falso|falso,falso|falso|falso,False,falso,False,
https://piaui.folha.uol.com.br/lupa/2020/11/13/palmas-cinthia-ribeiro-debates-eleitorais/,lupa,2020-11-13,"['FALSO', 'FALSO', 'VERDADEIRO']",3,falso|falso|verdadeiro,falso|falso|verdadeiro,True,,False,
https://piaui.folha.uol.com.br/lupa/2020/11/13/porto-velho-hildon-chaves-saude-saneamento/,lupa,2020-11-13,"['VERDADEIRO, MAS', 'FALSO', 'FALSO', 'FALSO']",4,"verdadeiro, mas|falso|falso|falso",verdadeiro fora de contexto ou exagerado|falso|falso|falso,True,,False,
https://piaui.folha.uol.com.br/lupa/2020/11/13/verificamos-multas-ctb/,lupa,2020-11-13,['FALSO'],1,falso,falso,False,falso,False,
https://piaui.folha.uol.com.br/lupa/2020/11/13/redes-sociais-candidatos-de-sp/,lupa,2020-11-13,"['AINDA É CEDO PARA DIZER', 'AINDA É CEDO PARA DIZER', 'VERDADEIRO', 'FALSO', 'VERDADEIRO', 'VERDADEIRO', 'VERDADEIRO', 'FALSO', 'VERDADEIRO, MAS', 'VERDADEIRO', 'FALSO', 'VERDADEIRO', 'VERDADEIRO']",13,"ainda e cedo para dizer|ainda e cedo para dizer|verdadeiro|falso|verdadeiro|verdadeiro|verdadeiro|falso|verdadeiro, mas|verdadeiro|falso|verdadeiro|verdadeiro",nao_mapeavel|nao_mapeavel|verdadeiro|falso|verdadeiro|verdadeiro|verdadeiro|falso|verdadeiro fora de contexto ou exagerado|verdadeiro|falso|verdadeiro|verdadeiro,True,,False,
https://piaui.folha.uol.com.br/lupa/2020/11/13/florianopolis-gean-loureiro-pracas/,lupa,2020-11-13,"['VERDADEIRO', 'VERDADEIRO, MAS', 'VERDADEIRO', 'VERDADEIRO, MAS']",4,"verdadeiro|verdadeiro, mas|verdadeiro|verdadeiro, mas",verdadeiro|verdadeiro fora de contexto ou exagerado|verdadeiro|verdadeiro fora de contexto ou exagerado,True,,False,
https://piaui.folha.uol.com.br/lupa/2020/11/13/debate-tv-cultura-12-11/,lupa,2020-11-13,"['VERDADEIRO, MAS', 'VERDADEIRO', 'FALSO', 'EXAGERADO', 'VERDADEIRO', 'EXAGERADO', 'VERDADEIRO', 'VERDADEIRO', 'VERDADEIRO', 'VERDADEIRO', 'VERDADEIRO', 'FALSO', 'VERDADEIRO', 'VERDADEIRO, MAS', 'VERDADEIRO, MAS', 'FALSO', 'INSUSTENTÁVEL', 'VERDADEIRO', 'SUBESTIMADO', 'EXAGERADO', 'VERDADEIRO', 'VERDADEIRO, MAS', 'VERDADEIRO', 'VERDADEIRO', 'FALSO', 'EXAGERADO', 'FALSO', 'VERDADEIRO, MAS', 'VERDADEIRO', 'FALSO', 'FALSO']",31,"verdadeiro, mas|verdadeiro|falso|exagerado|verdadeiro|exagerado|verdadeiro|verdadeiro|verdadeiro|verdadeiro|verdadeiro|falso|verdadeiro|verdadeiro, mas|verdadeiro, mas|falso|insustentavel|verdadeiro|subestimado|exagerado|verdadeiro|verdadeiro, mas|verdadeiro|verdadeiro|falso|exagerado|falso|verdadeiro, mas|verdadeiro|falso|falso",verdadeiro fora de contexto ou exagerado|verdadeiro|falso|verdadeiro fora de contexto ou exagerado|verdadeiro|verdadeiro fora de contexto ou exagerado|verdadeiro|verdadeiro|verdadeiro|verdadeiro|verdadeiro|falso|verdadeiro|verdadeiro fora de contexto ou exagerado|verdadeiro fora de contexto ou exagerado|falso|nao_mapeavel|verdadeiro|verdadeiro fora de contexto ou exagerado|verdadeiro fora de contexto ou exagerado|verdadeiro|verdadeiro fora de contexto ou exagerado|verdadeiro|verdadeiro|falso|verdadeiro fora de contexto ou exagerado|falso|verdadeiro fora de contexto ou exagerado|verdadeiro|falso|falso,True,,True,"compilado periódico de agência: 31 vereditos num registro, acima do limite de 20. Não é mensagem que alguém receberia, logo não serve de estímulo de teste com usuário."
https://piaui.folha.uol.com.br/lupa/2020/11/12/porto-velho-vinicius-miguel-agua-potavel/,lupa,2020-11-12,"['VERDADEIRO', 'VERDADEIRO', 'SUBESTIMADO']",3,verdadeiro|verdadeiro|subestimado,verdadeiro|verdadeiro|verdadeiro fora de contexto ou exagerado,True,,False,
https://piaui.folha.uol.com.br/lupa/2020/11/12/joao-pessoa-cicero-lucena-saude-mulher/,lupa,2020-11-12,"['FALSO', 'VERDADEIRO', 'FALSO', 'VERDADEIRO']",4,falso|verdadeiro|falso|verdadeiro,falso|verdadeiro|falso|verdadeiro,True,,False,
https://piaui.folha.uol.com.br/lupa/2020/11/12/boa-vista-arthur-henrique-educacao-saude/,lupa,2020-11-12,"['EXAGERADO', 'EXAGERADO', 'VERDADEIRO']",3,exagerado|exagerado|verdadeiro,verdadeiro fora de contexto ou exagerado|verdadeiro fora de contexto ou exagerado|verdadeiro,True,,False,
https://piaui.folha.uol.com.br/lupa/2020/11/11/verificamos-governo-peruano-vacina/,lupa,2020-11-11,['FALSO'],1,falso,falso,False,falso,False,
https://piaui.folha.uol.com.br/lupa/2020/11/11/verificamos-tse-voto-celular/,lupa,2020-11-11,['FALSO'],1,falso,falso,False,falso,False,
https://piaui.folha.uol.com.br/lupa/2020/11/11/caiu-na-rede-abono-emergencial-natal/,lupa,2020-11-11,['FALSO'],1,falso,falso,False,falso,False,
https://piaui.folha.uol.com.br/lupa/2020/11/11/prefeitura-sp-debate-folha-uol/,lupa,2020-11-11,"['VERDADEIRO', 'VERDADEIRO, MAS', 'VERDADEIRO, MAS', 'VERDADEIRO', 'FALSO', 'VERDADEIRO', 'VERDADEIRO', 'AINDA É CEDO PARA DIZER', 'EXAGERADO', 'VERDADEIRO, MAS', 'FALSO', 'VERDADEIRO', 'FALSO', 'EXAGERADO', 'VERDADEIRO, MAS', 'EXAGERADO', 'VERDADEIRO', 'VERDADEIRO', 'FALSO']",19,"verdadeiro|verdadeiro, mas|verdadeiro, mas|verdadeiro|falso|verdadeiro|verdadeiro|ainda e cedo para dizer|exagerado|verdadeiro, mas|falso|verdadeiro|falso|exagerado|verdadeiro, mas|exagerado|verdadeiro|verdadeiro|falso",verdadeiro|verdadeiro fora de contexto ou exagerado|verdadeiro fora de contexto ou exagerado|verdadeiro|falso|verdadeiro|verdadeiro|nao_mapeavel|verdadeiro fora de contexto ou exagerado|verdadeiro fora de contexto ou exagerado|falso|verdadeiro|falso|verdadeiro fora de contexto ou exagerado|verdadeiro fora de contexto ou exagerado|verdadeiro fora de contexto ou exagerado|verdadeiro|verdadeiro|falso,True,,False,
https://piaui.folha.uol.com.br/lupa/2020/11/11/recife-marilia-arraes-postos-saude/,lupa,2020-11-11,"['FALSO', 'VERDADEIRO', 'VERDADEIRO, MAS', 'VERDADEIRO, MAS']",4,"falso|verdadeiro|verdadeiro, mas|verdadeiro, mas",falso|verdadeiro|verdadeiro fora de contexto ou exagerado|verdadeiro fora de contexto ou exagerado,True,,False,
https://piaui.folha.uol.com.br/lupa/2020/11/10/porto-velho-cristiane-lopes-saude-pecuaria/,lupa,2020-11-10,"['SUBESTIMADO', 'VERDADEIRO', 'VERDADEIRO', 'SUBESTIMADO']",4,subestimado|verdadeiro|verdadeiro|subestimado,verdadeiro fora de contexto ou exagerado|verdadeiro|verdadeiro|verdadeiro fora de contexto ou exagerado,True,,False,
https://piaui.folha.uol.com.br/lupa/2020/11/10/live-candidatos-rio-de-janeiro/,lupa,2020-11-10,"['FALSO', 'EXAGERADO', 'VERDADEIRO', 'FALSO', 'FALSO', 'VERDADEIRO', 'VERDADEIRO', 'EXAGERADO', 'VERDADEIRO', 'FALSO', 'VERDADEIRO', 'SUBESTIMADO', 'VERDADEIRO', 'VERDADEIRO']",14,falso|exagerado|verdadeiro|falso|falso|verdadeiro|verdadeiro|exagerado|verdadeiro|falso|verdadeiro|subestimado|verdadeiro|verdadeiro,falso|verdadeiro fora de contexto ou exagerado|verdadeiro|falso|falso|verdadeiro|verdadeiro|verdadeiro fora de contexto ou exagerado|verdadeiro|falso|verdadeiro|verdadeiro fora de contexto ou exagerado|verdadeiro|verdadeiro,True,,False,
https://piaui.folha.uol.com.br/lupa/2020/11/09/candidatos-prefeitura-manaus-2020/,lupa,2020-11-09,"['INSUSTENTÁVEL', 'FALSO', 'VERDADEIRO', 'EXAGERADO', 'VERDADEIRO', 'VERDADEIRO', 'FALSO', 'VERDADEIRO', 'VERDADEIRO', 'SUBESTIMADO', 'VERDADEIRO', 'SUBESTIMADO', 'FALSO', 'FALSO', 'VERDADEIRO', 'EXAGERADO', 'VERDADEIRO']",17,insustentavel|falso|verdadeiro|exagerado|verdadeiro|verdadeiro|falso|verdadeiro|verdadeiro|subestimado|verdadeiro|subestimado|falso|falso|verdadeiro|exagerado|verdadeiro,nao_mapeavel|falso|verdadeiro|verdadeiro fora de contexto ou exagerado|verdadeiro|verdadeiro|falso|verdadeiro|verdadeiro|verdadeiro fora de contexto ou exagerado|verdadeiro|verdadeiro fora de contexto ou exagerado|falso|falso|verdadeiro|verdadeiro fora de contexto ou exagerado|verdadeiro,True,,False,
https://piaui.folha.uol.com.br/lupa/2020/11/06/verificamos-tratamento-precoce-covid-19/,lupa,2020-11-06,"['FALSO', 'FALSO', 'FALSO']",3,falso|falso|falso,falso|falso|falso,False,falso,False,
https://piaui.folha.uol.com.br/lupa/2020/11/06/macapa-dr-furlan-saude-desemprego/,lupa,2020-11-06,"['VERDADEIRO', 'VERDADEIRO', 'FALSO', 'FALSO']",4,verdadeiro|verdadeiro|falso|falso,verdadeiro|verdadeiro|falso|falso,True,,False,
https://piaui.folha.uol.com.br/lupa/2020/11/05/goiania-maguito-vilela-saude/,lupa,2020-11-05,"['VERDADEIRO', 'FALSO', 'EXAGERADO', 'VERDADEIRO']",4,verdadeiro|falso|exagerado|verdadeiro,verdadeiro|falso|verdadeiro fora de contexto ou exagerado|verdadeiro,True,,False,
https://piaui.folha.uol.com.br/lupa/2020/11/05/sabatina-folha-uol-covas/,lupa,2020-11-05,"['AINDA É CEDO PARA DIZER', 'FALSO', 'VERDADEIRO, MAS', 'VERDADEIRO, MAS', 'VERDADEIRO, MAS', 'VERDADEIRO', 'VERDADEIRO']",7,"ainda e cedo para dizer|falso|verdadeiro, mas|verdadeiro, mas|verdadeiro, mas|verdadeiro|verdadeiro",nao_mapeavel|falso|verdadeiro fora de contexto ou exagerado|verdadeiro fora de contexto ou exagerado|verdadeiro fora de contexto ou exagerado|verdadeiro|verdadeiro,True,,False,
https://piaui.folha.uol.com.br/lupa/2020/11/05/caiu-na-rede-argentina-celular/,lupa,2020-11-05,['FALSO'],1,falso,falso,False,falso,False,
https://piaui.folha.uol.com.br/lupa/2020/11/05/caiu-na-rede-morango-hepatite/,lupa,2020-11-05,['FALSO'],1,falso,falso,False,falso,False,
https://piaui.folha.uol.com.br/lupa/2020/11/05/fortaleza-capitao-wagner-saude/,lupa,2020-11-05,"['FALSO', 'SUBESTIMADO', 'VERDADEIRO', 'VERDADEIRO']",4,falso|subestimado|verdadeiro|verdadeiro,falso|verdadeiro fora de contexto ou exagerado|verdadeiro|verdadeiro,True,,False,
https://piaui.folha.uol.com.br/lupa/2020/11/05/aracaju-edvaldo-letalidade-covid-19/,lupa,2020-11-05,"['FALSO', 'VERDADEIRO', 'VERDADEIRO']",3,falso|verdadeiro|verdadeiro,falso|verdadeiro|verdadeiro,True,,False,
https://piaui.folha.uol.com.br/lupa/2020/11/05/promessas-2016-alexandre-kalil/,lupa,2020-11-05,"['FALSO', 'FALSO', 'EXAGERADO', 'EXAGERADO', 'EXAGERADO', 'VERDADEIRO']",6,falso|falso|exagerado|exagerado|exagerado|verdadeiro,falso|falso|verdadeiro fora de contexto ou exagerado|verdadeiro fora de contexto ou exagerado|verdadeiro fora de contexto ou exagerado|verdadeiro,True,,False,
https://piaui.folha.uol.com.br/lupa/2020/11/04/verificamos-guga-chacra-chorou/,lupa,2020-11-04,['FALSO'],1,falso,falso,False,falso,False,
https://piaui.folha.uol.com.br/lupa/2020/11/04/rio-branco-socorro-neri-atencao-basica-saude/,lupa,2020-11-04,"['VERDADEIRO', 'VERDADEIRO', 'EXAGERADO']",3,verdadeiro|verdadeiro|exagerado,verdadeiro|verdadeiro|verdadeiro fora de contexto ou exagerado,True,,False,
https://piaui.folha.uol.com.br/lupa/2020/11/04/verificamos-apuracao-votos-interrompida/,lupa,2020-11-04,['FALSO'],1,falso,falso,False,falso,False,
https://piaui.folha.uol.com.br/lupa/2020/11/04/rio-de-janeiro-benedita-da-silva-trajetoria-politica/,lupa,2020-11-04,"['VERDADEIRO', 'FALSO', 'FALSO', 'EXAGERADO', 'FALSO']",5,verdadeiro|falso|falso|exagerado|falso,verdadeiro|falso|falso|verdadeiro fora de contexto ou exagerado|falso,True,,False,
https://piaui.folha.uol.com.br/lupa/2020/11/04/caiu-na-rede-mascara-obrigatorio/,lupa,2020-11-04,['FALSO'],1,falso,falso,False,falso,False,
https://piaui.folha.uol.com.br/lupa/2020/11/03/verificamos-montagem-cartaz-saude/,lupa,2020-11-03,['FALSO'],1,falso,falso,False,falso,False,
https://piaui.folha.uol.com.br/lupa/2020/11/03/campo-grande-harfouche-covid-19/,lupa,2020-11-03,"['EXAGERADO', 'FALSO', 'FALSO']",3,exagerado|falso|falso,verdadeiro fora de contexto ou exagerado|falso|falso,True,,False,
https://piaui.folha.uol.com.br/lupa/2020/11/03/sao-paulo-celso-russomanno-pandemia/,lupa,2020-11-03,"['FALSO', 'VERDADEIRO', 'FALSO']",3,falso|verdadeiro|falso,falso|verdadeiro|falso,True,,False,
https://piaui.folha.uol.com.br/lupa/2020/11/03/manaus-david-almeida-zona-franca/,lupa,2020-11-03,"['EXAGERADO', 'FALSO', 'VERDADEIRO, MAS']",3,"exagerado|falso|verdadeiro, mas",verdadeiro fora de contexto ou exagerado|falso|verdadeiro fora de contexto ou exagerado,True,,False,
https://piaui.folha.uol.com.br/lupa/2020/11/02/verificamos-singapura-testes-vacina/,lupa,2020-11-02,['FALSO'],1,falso,falso,False,falso,False,
https://piaui.folha.uol.com.br/lupa/2020/11/02/sabatina-arthur-do-val/,lupa,2020-11-02,"['FALSO', 'FALSO', 'VERDADEIRO', 'VERDADEIRO', 'VERDADEIRO, MAS', 'VERDADEIRO, MAS', 'VERDADEIRO, MAS']",7,"falso|falso|verdadeiro|verdadeiro|verdadeiro, mas|verdadeiro, mas|verdadeiro, mas",falso|falso|verdadeiro|verdadeiro|verdadeiro fora de contexto ou exagerado|verdadeiro fora de contexto ou exagerado|verdadeiro fora de contexto ou exagerado,True,,False,
https://piaui.folha.uol.com.br/lupa/2020/11/02/palmas-tiago-amastha-andrino-vanda-monteiro/,lupa,2020-11-02,"['VERDADEIRO', 'EXAGERADO', 'VERDADEIRO, MAS', 'VERDADEIRO']",4,"verdadeiro|exagerado|verdadeiro, mas|verdadeiro",verdadeiro|verdadeiro fora de contexto ou exagerado|verdadeiro fora de contexto ou exagerado|verdadeiro,True,,False,
https://piaui.folha.uol.com.br/lupa/2020/11/02/belo-horizonte-joao-vitor-xavier-renda-covid-19/,lupa,2020-11-02,"['FALSO', 'VERDADEIRO', 'VERDADEIRO, MAS', 'INSUSTENTÁVEL', 'FALSO']",5,"falso|verdadeiro|verdadeiro, mas|insustentavel|falso",falso|verdadeiro|verdadeiro fora de contexto ou exagerado|nao_mapeavel|falso,True,,False,
https://piaui.folha.uol.com.br/lupa/2016/08/30/henrique-areas-pco-na-cbn/,lupa,2016-08-30,"['CONTRADITÓRIO', 'VERDADEIRO']",2,contraditorio|verdadeiro,nao_mapeavel|verdadeiro,True,,False,
https://piaui.folha.uol.com.br/lupa/2016/06/02/usain-bolt-sobre-zika-sou-mais-rapido-do-que-o-aedes-aegypti-sera/,lupa,2016-06-02,"['VERDADEIRO, MAS']",1,"verdadeiro, mas",verdadeiro fora de contexto ou exagerado,False,verdadeiro fora de contexto ou exagerado,False,
https://piaui.folha.uol.com.br/lupa/2018/10/28/tudo-sobre-bolsonaro/,lupa,2018-10-28,"['FALSO', 'FALSO', 'VERDADEIRO', 'FALSO', 'CONTRADITÓRIO', 'VERDADEIRO, MAS', 'FALSO', 'VERDADEIRO, MAS', 'FALSO', 'CONTRADITÓRIO', 'FALSO', 'FALSO', 'FALSO', 'VERDADEIRO', 'VERDADEIRO', 'VERDADEIRO, MAS', 'EXAGERADO', 'CONTRADITÓRIO', 'CONTRADITÓRIO', 'VERDADEIRO, MAS', 'VERDADEIRO', 'VERDADEIRO', 'FALSO', 'FALSO', 'FALSO', 'FALSO', 'EXAGERADO', 'VERDADEIRO', 'VERDADEIRO', 'VERDADEIRO, MAS', 'CONTRADITÓRIO', 'VERDADEIRO', 'VERDADEIRO, MAS', 'VERDADEIRO', 'VERDADEIRO, MAS', 'VERDADEIRO', 'EXAGERADO', 'VERDADEIRO', 'EXAGERADO', 'FALSO', 'VERDADEIRO', 'EXAGERADO', 'FALSO', 'FALSO', 'EXAGERADO', 'CONTRADITÓRIO', 'EXAGERADO', 'VERDADEIRO', 'VERDADEIRO', 'VERDADEIRO', 'VERDADEIRO', 'VERDADEIRO, MAS', 'VERDADEIRO, MAS', 'VERDADEIRO', 'FALSO', 'FALSO', 'DE OLHO', 'INSUSTENTÁVEL', 'VERDADEIRO', 'VERDADEIRO, MAS', 'VERDADEIRO', 'VERDADEIRO', 'FALSO', 'FALSO', 'VERDADEIRO', 'FALSO', 'FALSO', 'VERDADEIRO', 'EXAGERADO', 'CONTRADITÓRIO', 'FALSO', 'FALSO', 'VERDADEIRO', 'CONTRADITÓRIO', 'VERDADEIRO, MAS', 'FALSO', 'EXAGERADO', 'VERDADEIRO, MAS', 'EXAGERADO', 'FALSO', 'VERDADEIRO, MAS', 'VERDADEIRO', 'EXAGERADO', 'VERDADEIRO', 'FALSO', 'FALSO', 'EXAGERADO', 'EXAGERADO', 'VERDADEIRO', 'EXAGERADO', 'VERDADEIRO', 'VERDADEIRO', 'VERDADEIRO, MAS', 'VERDADEIRO, MAS', 'VERDADEIRO, MAS', 'FALSO', 'FALSO', 'FALSO', 'FALSO', 'VERDADEIRO', 'VERDADEIRO, MAS']",101,"falso|falso|verdadeiro|falso|contraditorio|verdadeiro, mas|falso|verdadeiro, mas|falso|contraditorio|falso|falso|falso|verdadeiro|verdadeiro|verdadeiro, mas|exagerado|contraditorio|contraditorio|verdadeiro, mas|verdadeiro|verdadeiro|falso|falso|falso|falso|exagerado|verdadeiro|verdadeiro|verdadeiro, mas|contraditorio|verdadeiro|verdadeiro, mas|verdadeiro|verdadeiro, mas|verdadeiro|exagerado|verdadeiro|exagerado|falso|verdadeiro|exagerado|falso|falso|exagerado|contraditorio|exagerado|verdadeiro|verdadeiro|verdadeiro|verdadeiro|verdadeiro, mas|verdadeiro, mas|verdadeiro|falso|falso|de olho|insustentavel|verdadeiro|verdadeiro, mas|verdadeiro|verdadeiro|falso|falso|verdadeiro|falso|falso|verdadeiro|exagerado|contraditorio|falso|falso|verdadeiro|contraditorio|verdadeiro, mas|falso|exagerado|verdadeiro, mas|exagerado|falso|verdadeiro, mas|verdadeiro|exagerado|verdadeiro|falso|falso|exagerado|exagerado|verdadeiro|exagerado|verdadeiro|verdadeiro|verdadeiro, mas|verdadeiro, mas|verdadeiro, mas|falso|falso|falso|falso|verdadeiro|verdadeiro, mas",falso|falso|verdadeiro|falso|nao_mapeavel|verdadeiro fora de contexto ou exagerado|falso|verdadeiro fora de contexto ou exagerado|falso|nao_mapeavel|falso|falso|falso|verdadeiro|verdadeiro|verdadeiro fora de contexto ou exagerado|verdadeiro fora de contexto ou exagerado|nao_mapeavel|nao_mapeavel|verdadeiro fora de contexto ou exagerado|verdadeiro|verdadeiro|falso|falso|falso|falso|verdadeiro fora de contexto ou exagerado|verdadeiro|verdadeiro|verdadeiro fora de contexto ou exagerado|nao_mapeavel|verdadeiro|verdadeiro fora de contexto ou exagerado|verdadeiro|verdadeiro fora de contexto ou exagerado|verdadeiro|verdadeiro fora de contexto ou exagerado|verdadeiro|verdadeiro fora de contexto ou exagerado|falso|verdadeiro|verdadeiro fora de contexto ou exagerado|falso|falso|verdadeiro fora de contexto ou exagerado|nao_mapeavel|verdadeiro fora de contexto ou exagerado|verdadeiro|verdadeiro|verdadeiro|verdadeiro|verdadeiro fora de contexto ou exagerado|verdadeiro fora de contexto ou exagerado|verdadeiro|falso|falso|nao_mapeavel|nao_mapeavel|verdadeiro|verdadeiro fora de contexto ou exagerado|verdadeiro|verdadeiro|falso|falso|verdadeiro|falso|falso|verdadeiro|verdadeiro fora de contexto ou exagerado|nao_mapeavel|falso|falso|verdadeiro|nao_mapeavel|verdadeiro fora de contexto ou exagerado|falso|verdadeiro fora de contexto ou exagerado|verdadeiro fora de contexto ou exagerado|verdadeiro fora de contexto ou exagerado|falso|verdadeiro fora de contexto ou exagerado|verdadeiro|verdadeiro fora de contexto ou exagerado|verdadeiro|falso|falso|verdadeiro fora de contexto ou exagerado|verdadeiro fora de contexto ou exagerado|verdadeiro|verdadeiro fora de contexto ou exagerado|verdadeiro|verdadeiro|verdadeiro fora de contexto ou exagerado|verdadeiro fora de contexto ou exagerado|verdadeiro fora de contexto ou exagerado|falso|falso|falso|falso|verdadeiro|verdadeiro fora de contexto ou exagerado,True,,True,"compilado periódico de agência: 101 vereditos num registro, acima do limite de 20. Não é mensagem que alguém receberia, logo não serve de estímulo de teste com usuário."
https://piaui.folha.uol.com.br/lupa/2018/10/25/debate-doria-franca-globo/,lupa,2018-10-25,"['EXAGERADO', 'VERDADEIRO', 'VERDADEIRO', 'VERDADEIRO', 'FALSO', 'VERDADEIRO', 'SUBESTIMADO', 'EXAGERADO', 'CONTRADITÓRIO', 'VERDADEIRO', 'INSUSTENTÁVEL', 'EXAGERADO', 'EXAGERADO', 'EXAGERADO', 'VERDADEIRO, MAS', 'DE OLHO', 'VERDADEIRO, MAS', 'EXAGERADO', 'VERDADEIRO, MAS', 'VERDADEIRO, MAS']",20,"exagerado|verdadeiro|verdadeiro|verdadeiro|falso|verdadeiro|subestimado|exagerado|contraditorio|verdadeiro|insustentavel|exagerado|exagerado|exagerado|verdadeiro, mas|de olho|verdadeiro, mas|exagerado|verdadeiro, mas|verdadeiro, mas",verdadeiro fora de contexto ou exagerado|verdadeiro|verdadeiro|verdadeiro|falso|verdadeiro|verdadeiro fora de contexto ou exagerado|verdadeiro fora de contexto ou exagerado|nao_mapeavel|verdadeiro|nao_mapeavel|verdadeiro fora de contexto ou exagerado|verdadeiro fora de contexto ou exagerado|verdadeiro fora de contexto ou exagerado|verdadeiro fora de contexto ou exagerado|nao_mapeavel|verdadeiro fora de contexto ou exagerado|verdadeiro fora de contexto ou exagerado|verdadeiro fora de contexto ou exagerado|verdadeiro fora de contexto ou exagerado,True,,False,
https://piaui.folha.uol.com.br/lupa/2018/10/23/debate-sp-folha-2-turno/,lupa,2018-10-23,"['FALSO', 'VERDADEIRO, MAS', 'CONTRADITÓRIO', 'FALSO', 'VERDADEIRO, MAS', 'FALSO', 'EXAGERADO', 'VERDADEIRO', 'VERDADEIRO', 'DE OLHO', 'DE OLHO', 'VERDADEIRO, MAS', 'VERDADEIRO', 'VERDADEIRO, MAS']",14,"falso|verdadeiro, mas|contraditorio|falso|verdadeiro, mas|falso|exagerado|verdadeiro|verdadeiro|de olho|de olho|verdadeiro, mas|verdadeiro|verdadeiro, mas",falso|verdadeiro fora de contexto ou exagerado|nao_mapeavel|falso|verdadeiro fora de contexto ou exagerado|falso|verdadeiro fora de contexto ou exagerado|verdadeiro|verdadeiro|nao_mapeavel|nao_mapeavel|verdadeiro fora de contexto ou exagerado|verdadeiro|verdadeiro fora de contexto ou exagerado,True,,False,
https://piaui.folha.uol.com.br/lupa/2018/10/19/doria-franca-debate-band-sp/,lupa,2018-10-19,"['EXAGERADO', 'SUBESTIMADO', 'EXAGERADO', 'VERDADEIRO, MAS', 'VERDADEIRO', 'FALSO', 'EXAGERADO', 'EXAGERADO', 'VERDADEIRO', 'VERDADEIRO']",10,"exagerado|subestimado|exagerado|verdadeiro, mas|verdadeiro|falso|exagerado|exagerado|verdadeiro|verdadeiro",verdadeiro fora de contexto ou exagerado|verdadeiro fora de contexto ou exagerado|verdadeiro fora de contexto ou exagerado|verdadeiro fora de contexto ou exagerado|verdadeiro|falso|verdadeiro fora de contexto ou exagerado|verdadeiro fora de contexto ou exagerado|verdadeiro|verdadeiro,True,,False,
https://piaui.folha.uol.com.br/lupa/2018/10/18/debate-metropoles-2-turno-df/,lupa,2018-10-18,"['FALSO', 'AINDA É CEDO PARA DIZER', 'VERDADEIRO, MAS', 'VERDADEIRO', 'VERDADEIRO', 'FALSO', 'EXAGERADO', 'EXAGERADO']",8,"falso|ainda e cedo para dizer|verdadeiro, mas|verdadeiro|verdadeiro|falso|exagerado|exagerado",falso|nao_mapeavel|verdadeiro fora de contexto ou exagerado|verdadeiro|verdadeiro|falso|verdadeiro fora de contexto ou exagerado|verdadeiro fora de contexto ou exagerado,True,,False,
https://piaui.folha.uol.com.br/lupa/2018/10/16/bolsonaro-sbt-entrevista/,lupa,2018-10-16,"['FALSO', 'VERDADEIRO, MAS', 'FALSO', 'CONTRADITÓRIO', 'FALSO']",5,"falso|verdadeiro, mas|falso|contraditorio|falso",falso|verdadeiro fora de contexto ou exagerado|falso|nao_mapeavel|falso,True,,False,
https://piaui.folha.uol.com.br/lupa/2018/10/16/bolsonaro-haddad-redetv/,lupa,2018-10-16,"['FALSO', 'FALSO', 'VERDADEIRO', 'FALSO', 'FALSO', 'VERDADEIRO']",6,falso|falso|verdadeiro|falso|falso|verdadeiro,falso|falso|verdadeiro|falso|falso|verdadeiro,True,,False,
https://piaui.folha.uol.com.br/lupa/2018/10/05/bolsonaro-record-radios/,lupa,2018-10-05,"['EXAGERADO', 'CONTRADITÓRIO', 'CONTRADITÓRIO', 'VERDADEIRO, MAS', 'VERDADEIRO', 'VERDADEIRO']",6,"exagerado|contraditorio|contraditorio|verdadeiro, mas|verdadeiro|verdadeiro",verdadeiro fora de contexto ou exagerado|nao_mapeavel|nao_mapeavel|verdadeiro fora de contexto ou exagerado|verdadeiro|verdadeiro,True,,False,
https://piaui.folha.uol.com.br/lupa/2018/10/04/debate-globo/,lupa,2018-10-04,"['EXAGERADO', 'VERDADEIRO', 'FALSO', 'CONTRADITÓRIO', 'VERDADEIRO', 'DE OLHO', 'FALSO', 'EXAGERADO', 'VERDADEIRO, MAS', 'EXAGERADO', 'INSUSTENTÁVEL', 'VERDADEIRO, MAS', 'FALSO', 'VERDADEIRO, MAS', 'EXAGERADO', 'VERDADEIRO', 'FALSO', 'VERDADEIRO', 'VERDADEIRO, MAS', 'VERDADEIRO', 'VERDADEIRO', 'SUBESTIMADO', 'VERDADEIRO', 'VERDADEIRO', 'VERDADEIRO, MAS', 'VERDADEIRO, MAS', 'VERDADEIRO']",27,"exagerado|verdadeiro|falso|contraditorio|verdadeiro|de olho|falso|exagerado|verdadeiro, mas|exagerado|insustentavel|verdadeiro, mas|falso|verdadeiro, mas|exagerado|verdadeiro|falso|verdadeiro|verdadeiro, mas|verdadeiro|verdadeiro|subestimado|verdadeiro|verdadeiro|verdadeiro, mas|verdadeiro, mas|verdadeiro",verdadeiro fora de contexto ou exagerado|verdadeiro|falso|nao_mapeavel|verdadeiro|nao_mapeavel|falso|verdadeiro fora de contexto ou exagerado|verdadeiro fora de contexto ou exagerado|verdadeiro fora de contexto ou exagerado|nao_mapeavel|verdadeiro fora de contexto ou exagerado|falso|verdadeiro fora de contexto ou exagerado|verdadeiro fora de contexto ou exagerado|verdadeiro|falso|verdadeiro|verdadeiro fora de contexto ou exagerado|verdadeiro|verdadeiro|verdadeiro fora de contexto ou exagerado|verdadeiro|verdadeiro|verdadeiro fora de contexto ou exagerado|verdadeiro fora de contexto ou exagerado|verdadeiro,True,,True,"compilado periódico de agência: 27 vereditos num registro, acima do limite de 20. Não é mensagem que alguém receberia, logo não serve de estímulo de teste com usuário."
https://piaui.folha.uol.com.br/lupa/2018/10/02/bolsonaro-entrevistas-hospital/,lupa,2018-10-02,"['FALSO', 'FALSO', 'FALSO', 'FALSO', 'EXAGERADO', 'VERDADEIRO', 'VERDADEIRO', 'VERDADEIRO, MAS', 'CONTRADITÓRIO', 'VERDADEIRO', 'VERDADEIRO, MAS', 'EXAGERADO', 'VERDADEIRO']",13,"falso|falso|falso|falso|exagerado|verdadeiro|verdadeiro|verdadeiro, mas|contraditorio|verdadeiro|verdadeiro, mas|exagerado|verdadeiro",falso|falso|falso|falso|verdadeiro fora de contexto ou exagerado|verdadeiro|verdadeiro|verdadeiro fora de contexto ou exagerado|nao_mapeavel|verdadeiro|verdadeiro fora de contexto ou exagerado|verdadeiro fora de contexto ou exagerado|verdadeiro,True,,False,
https://piaui.folha.uol.com.br/lupa/2018/10/27/verificamos-capa-veja-bolsonaro/,lupa,2018-10-27,['FALSO'],1,falso,falso,False,falso,False,
https://piaui.folha.uol.com.br/lupa/2018/10/09/bolsonaro-cancer-farra/,lupa,2018-10-09,['FALSO'],1,falso,falso,False,falso,False,
https://piaui.folha.uol.com.br/lupa/2019/02/27/reforma-previdencia-apoiadores-criticos/,lupa,2019-02-27,"['FALSO', 'VERDADEIRO', 'EXAGERADO', 'EXAGERADO', 'EXAGERADO', 'VERDADEIRO', 'VERDADEIRO, MAS', 'VERDADEIRO, MAS', 'VERDADEIRO']",9,"falso|verdadeiro|exagerado|exagerado|exagerado|verdadeiro|verdadeiro, mas|verdadeiro, mas|verdadeiro",falso|verdadeiro|verdadeiro fora de contexto ou exagerado|verdadeiro fora de contexto ou exagerado|verdadeiro fora de contexto ou exagerado|verdadeiro|verdadeiro fora de contexto ou exagerado|verdadeiro fora de contexto ou exagerado|verdadeiro,True,,False,
https://piaui.folha.uol.com.br/lupa/2019/02/20/verificamos-bolsonaro-revista-japonesa/,lupa,2019-02-20,['FALSO'],1,falso,falso,False,falso,False,
https://piaui.folha.uol.com.br/lupa/2019/02/18/verificamos-bula-autismo/,lupa,2019-02-18,['FALSO'],1,falso,falso,False,falso,False,
https://piaui.folha.uol.com.br/lupa/2019/02/14/imprecisoes-bolsonaro-record/,lupa,2019-02-14,"['VERDADEIRO, MAS', 'VERDADEIRO, MAS', 'EXAGERADO', 'VERDADEIRO']",4,"verdadeiro, mas|verdadeiro, mas|exagerado|verdadeiro",verdadeiro fora de contexto ou exagerado|verdadeiro fora de contexto ou exagerado|verdadeiro fora de contexto ou exagerado|verdadeiro,True,,False,
https://piaui.folha.uol.com.br/lupa/2019/02/08/verificamos-bolsonaro-colostomia/,lupa,2019-02-08,['FALSO'],1,falso,falso,False,falso,False,
https://piaui.folha.uol.com.br/lupa/2019/02/04/verificamos-manuela-adelio/,lupa,2019-02-04,['FALSO'],1,falso,falso,False,falso,False,
https://piaui.folha.uol.com.br/lupa/2020/07/31/verificamos-coquetel-hidroxicloroquina/,lupa,2020-07-31,['FALSO'],1,falso,falso,False,falso,False,
https://piaui.folha.uol.com.br/lupa/2020/07/31/verificamos-governador-rs-hidroxicloroquina/,lupa,2020-07-31,['FALSO'],1,falso,falso,False,falso,False,
https://piaui.folha.uol.com.br/lupa/2020/07/31/verificamos-lojas-americanas-pandemia/,lupa,2020-07-31,['FALSO'],1,falso,falso,False,falso,False,
https://piaui.folha.uol.com.br/lupa/2020/07/30/verificamos-ziraldo-prefeito-lockdown/,lupa,2020-07-30,['FALSO'],1,falso,falso,False,falso,False,
https://piaui.folha.uol.com.br/lupa/2020/07/29/verificamos-oms-nao-recuou-economia/,lupa,2020-07-29,['FALSO'],1,falso,falso,False,falso,False,
https://piaui.folha.uol.com.br/lupa/2020/07/29/verificamos-maconha-oms-removeu/,lupa,2020-07-29,['FALSO'],1,falso,falso,False,falso,False,
https://piaui.folha.uol.com.br/lupa/2020/07/29/verificamos-hidroxicloroquina-video-medica-eua/,lupa,2020-07-29,['FALSO'],1,falso,falso,False,falso,False,
https://piaui.folha.uol.com.br/lupa/2020/07/28/verificamos-voluntario-vacina-efeitos-colaterais/,lupa,2020-07-28,['FALSO'],1,falso,falso,False,falso,False,
https://piaui.folha.uol.com.br/lupa/2020/07/27/verificamos-cloroquina-casca-limao/,lupa,2020-07-27,['FALSO'],1,falso,falso,False,falso,False,
https://piaui.folha.uol.com.br/lupa/2020/07/27/verificamos-voluntaria-vacina-relato/,lupa,2020-07-27,['FALSO'],1,falso,falso,False,falso,False,
https://piaui.folha.uol.com.br/lupa/2020/07/24/verificamos-estudo-henry-ford-hidroxicloroquina-covid-19/,lupa,2020-07-24,['FALSO'],1,falso,falso,False,falso,False,
https://piaui.folha.uol.com.br/lupa/2020/07/23/verificamos-coronavac-bebes-abortados/,lupa,2020-07-23,['FALSO'],1,falso,falso,False,falso,False,
https://piaui.folha.uol.com.br/lupa/2020/07/23/verificamos-doria-vacina-covid/,lupa,2020-07-23,['FALSO'],1,falso,falso,False,falso,False,
https://piaui.folha.uol.com.br/lupa/2020/07/22/verificamos-vacinas-covid-altera-dna/,lupa,2020-07-22,['FALSO'],1,falso,falso,False,falso,False,
https://piaui.folha.uol.com.br/lupa/2020/07/22/verificamos-voluntaria-vacina-covid/,lupa,2020-07-22,['FALSO'],1,falso,falso,False,falso,False,
https://piaui.folha.uol.com.br/lupa/2020/07/22/verificamos-execucao-video-jornalista-pandemia/,lupa,2020-07-22,['FALSO'],1,falso,falso,False,falso,False,
https://piaui.folha.uol.com.br/lupa/2020/07/21/verificamos-2019-obitos-2020/,lupa,2020-07-21,['FALSO'],1,falso,falso,False,falso,False,
https://piaui.folha.uol.com.br/lupa/2020/07/21/verificamos-ziraldo-bolsonaro-cloroquina/,lupa,2020-07-21,['FALSO'],1,falso,falso,False,falso,False,
https://piaui.folha.uol.com.br/lupa/2020/07/21/verificamos-governo-demitiu-servidores/,lupa,2020-07-21,['FALSO'],1,falso,falso,False,falso,False,
https://piaui.folha.uol.com.br/lupa/2020/07/20/verificamos-globo-aumentou-grafico/,lupa,2020-07-20,['FALSO'],1,falso,falso,False,falso,False,
https://piaui.folha.uol.com.br/lupa/2020/07/17/verificamos-bahia-recolheu-hidroxicloroquina/,lupa,2020-07-17,['FALSO'],1,falso,falso,False,falso,False,
https://piaui.folha.uol.com.br/lupa/2020/07/17/verificamos-vitamina-d-covid/,lupa,2020-07-17,['FALSO'],1,falso,falso,False,falso,False,
https://piaui.folha.uol.com.br/lupa/2020/07/17/verificamos-prefeituras-obito-covid/,lupa,2020-07-17,['FALSO'],1,falso,falso,False,falso,False,
https://piaui.folha.uol.com.br/lupa/2020/07/16/verificamos-medicos-prescrever-hidroxicloroquina/,lupa,2020-07-16,['FALSO'],1,falso,falso,False,falso,False,
https://piaui.folha.uol.com.br/lupa/2020/07/15/verificamos-swab-teste-cerebro/,lupa,2020-07-15,"['FALSO', 'VERDADEIRO']",2,falso|verdadeiro,falso|verdadeiro,True,,False,
https://piaui.folha.uol.com.br/lupa/2020/07/15/verificamos-pacientes-casa-virus/,lupa,2020-07-15,"['FALSO', 'FALSO']",2,falso|falso,falso|falso,False,falso,False,
https://piaui.folha.uol.com.br/lupa/2020/07/14/verificamos-oms-vacina-chinesa/,lupa,2020-07-14,"['FALSO', 'FALSO', 'FALSO']",3,falso|falso|falso,falso|falso|falso,False,falso,False,
https://piaui.folha.uol.com.br/lupa/2020/07/14/verificamos-bancos-porto-alegre/,lupa,2020-07-14,['FALSO'],1,falso,falso,False,falso,False,
https://piaui.folha.uol.com.br/lupa/2020/07/13/verificamos-tuite-kim-chines/,lupa,2020-07-13,['FALSO'],1,falso,falso,False,falso,False,
https://piaui.folha.uol.com.br/lupa/2020/07/12/verificamos-protesto-medicos-franceses/,lupa,2020-07-12,['FALSO'],1,falso,falso,False,falso,False,
https://piaui.folha.uol.com.br/lupa/2020/07/11/verificamos-franca-hidroxicloroquina/,lupa,2020-07-11,['FALSO'],1,falso,falso,False,falso,False,
https://piaui.folha.uol.com.br/lupa/2020/07/11/verificamos-aborto-pandemia/,lupa,2020-07-11,['FALSO'],1,falso,falso,False,falso,False,
https://piaui.folha.uol.com.br/lupa/2020/07/09/verificamos-mario-texto-pandemia/,lupa,2020-07-09,['FALSO'],1,falso,falso,False,falso,False,
https://piaui.folha.uol.com.br/lupa/2020/07/09/verificamos-mandetta-gilmar-portugal/,lupa,2020-07-09,['FALSO'],1,falso,falso,False,falso,False,
https://piaui.folha.uol.com.br/lupa/2020/07/09/verificamos-bolsonaro-depoimento-coronavirus/,lupa,2020-07-09,['FALSO'],1,falso,falso,False,falso,False,
https://piaui.folha.uol.com.br/lupa/2020/07/08/verificamos-mascara-oxigenio-protecao/,lupa,2020-07-08,"['FALSO', 'EXAGERADO']",2,falso|exagerado,falso|verdadeiro fora de contexto ou exagerado,True,,False,
https://piaui.folha.uol.com.br/lupa/2020/07/08/verificamos-e-falso-que-igreja-universal-emitiu-comunicado-cancelando-reunioes-de-curas-durante-pandemia/,lupa,2020-07-08,['FALSO'],1,falso,falso,False,falso,False,
https://piaui.folha.uol.com.br/lupa/2020/07/08/verificamos-detentos-soltos-coronavirus/,lupa,2020-07-08,['FALSO'],1,falso,falso,False,falso,False,
https://piaui.folha.uol.com.br/lupa/2020/07/08/verificamos-veja-reportagem-covid/,lupa,2020-07-08,['FALSO'],1,falso,falso,False,falso,False,
https://piaui.folha.uol.com.br/lupa/2020/07/08/verificamos-agua-sanitaria-covid/,lupa,2020-07-08,['FALSO'],1,falso,falso,False,falso,False,
https://piaui.folha.uol.com.br/lupa/2020/07/06/verificamos-ivermectina-natal/,lupa,2020-07-06,['FALSO'],1,falso,falso,False,falso,False,
https://piaui.folha.uol.com.br/lupa/2020/07/06/verificamos-oms-mascaras-coronavirus/,lupa,2020-07-06,['FALSO'],1,falso,falso,False,falso,False,
https://piaui.folha.uol.com.br/lupa/2020/07/02/verificamos-limao-melao-covid/,lupa,2020-07-02,"['FALSO', 'FALSO', 'FALSO']",3,falso|falso|falso,falso|falso|falso,False,falso,False,
https://piaui.folha.uol.com.br/lupa/2020/07/02/verificamos-ministra-australia-vacina/,lupa,2020-07-02,['FALSO'],1,falso,falso,False,falso,False,
https://piaui.folha.uol.com.br/lupa/2020/07/02/verificamos-novo-virus-gripe-porcos-china/,lupa,2020-07-02,['FALSO'],1,falso,falso,False,falso,False,
https://piaui.folha.uol.com.br/lupa/2020/07/02/verificamos-medica-bahia-demitida/,lupa,2020-07-02,['FALSO'],1,falso,falso,False,falso,False,
https://piaui.folha.uol.com.br/lupa/2020/07/01/verificamos-xiaomi-celulares-covid/,lupa,2020-07-01,"['FALSO', 'FALSO']",2,falso|falso,falso|falso,False,falso,False,
https://piaui.folha.uol.com.br/lupa/2020/07/01/verificamos-stf-bolsonaro-covid/,lupa,2020-07-01,['FALSO'],1,falso,falso,False,falso,False,
https://piaui.folha.uol.com.br/lupa/2020/07/31/verificamos-professores-salario-alemanha/,lupa,2020-07-31,"['FALSO', 'FALSO']",2,falso|falso,falso|falso,False,falso,False,
https://piaui.folha.uol.com.br/lupa/2018/01/16/vacinacao-febre-amarela/,lupa,2018-01-16,"['VERDADEIRO, MAS', 'VERDADEIRO, MAS', 'VERDADEIRO', 'VERDADEIRO', 'VERDADEIRO, MAS', 'VERDADEIRO, MAS', 'VERDADEIRO']",7,"verdadeiro, mas|verdadeiro, mas|verdadeiro|verdadeiro|verdadeiro, mas|verdadeiro, mas|verdadeiro",verdadeiro fora de contexto ou exagerado|verdadeiro fora de contexto ou exagerado|verdadeiro|verdadeiro|verdadeiro fora de contexto ou exagerado|verdadeiro fora de contexto ou exagerado|verdadeiro,True,,False,
https://piaui.folha.uol.com.br/lupa/2018/01/15/exageros-balanco-doria/,lupa,2018-01-15,"['EXAGERADO', 'EXAGERADO', 'EXAGERADO', 'VERDADEIRO, MAS', 'VERDADEIRO, MAS', 'VERDADEIRO, MAS']",6,"exagerado|exagerado|exagerado|verdadeiro, mas|verdadeiro, mas|verdadeiro, mas",verdadeiro fora de contexto ou exagerado|verdadeiro fora de contexto ou exagerado|verdadeiro fora de contexto ou exagerado|verdadeiro fora de contexto ou exagerado|verdadeiro fora de contexto ou exagerado|verdadeiro fora de contexto ou exagerado,False,verdadeiro fora de contexto ou exagerado,False,
https://piaui.folha.uol.com.br/lupa/2018/01/02/tse-promessas-marchezan/,lupa,2018-01-02,"['DE OLHO', 'DE OLHO']",2,de olho|de olho,nao_mapeavel|nao_mapeavel,False,nao_mapeavel,False,
https://piaui.folha.uol.com.br/lupa/2019/10/31/tossir-infarto-tontura/,lupa,2019-10-31,"['EXAGERADO', 'FALSO', 'FALSO', 'VERDADEIRO, MAS', 'VERDADEIRO']",5,"exagerado|falso|falso|verdadeiro, mas|verdadeiro",verdadeiro fora de contexto ou exagerado|falso|falso|verdadeiro fora de contexto ou exagerado|verdadeiro,True,,False,
https://piaui.folha.uol.com.br/lupa/2019/10/23/verificamos-marilia-mc-gui/,lupa,2019-10-23,['FALSO'],1,falso,falso,False,falso,False,
https://piaui.folha.uol.com.br/lupa/2019/10/22/verificamos-df-palestra-bolsonaro/,lupa,2019-10-22,['FALSO'],1,falso,falso,False,falso,False,
https://piaui.folha.uol.com.br/lupa/2019/10/18/outubro-rosa-twitter-mitos/,lupa,2019-10-18,"['FALSO', 'VERDADEIRO', 'EXAGERADO', 'VERDADEIRO', 'FALSO', 'VERDADEIRO']",6,falso|verdadeiro|exagerado|verdadeiro|falso|verdadeiro,falso|verdadeiro|verdadeiro fora de contexto ou exagerado|verdadeiro|falso|verdadeiro,True,,False,
https://piaui.folha.uol.com.br/lupa/2019/10/16/verificamos-ministra-gari/,lupa,2019-10-16,['FALSO'],1,falso,falso,False,falso,False,
https://piaui.folha.uol.com.br/lupa/2019/10/14/verificamos-rock-in-rio-jovens/,lupa,2019-10-14,['FALSO'],1,falso,falso,False,falso,False,
https://piaui.folha.uol.com.br/lupa/2019/10/07/damares-licenca-maternidade/,lupa,2019-10-07,"['VERDADEIRO, MAS', 'FALSO', 'VERDADEIRO']",3,"verdadeiro, mas|falso|verdadeiro",verdadeiro fora de contexto ou exagerado|falso|verdadeiro,True,,False,
https://piaui.folha.uol.com.br/lupa/2019/10/02/verificamos-agua-quente-abacaxi/,lupa,2019-10-02,['FALSO'],1,falso,falso,False,falso,False,
https://piaui.folha.uol.com.br/lupa/2020/04/30/verificamos-foto-enterro-caixao-vazio-dois-homens-pandemia/,lupa,2020-04-30,['FALSO'],1,falso,falso,False,falso,False,
https://piaui.folha.uol.com.br/lupa/2020/04/30/verificamos-rui-costa-200-casos-coronavirus/,lupa,2020-04-30,['FALSO'],1,falso,falso,False,falso,False,
https://piaui.folha.uol.com.br/lupa/2020/04/30/verificamos-caixoes-vazios-maraba/,lupa,2020-04-30,"['FALSO', 'FALSO']",2,falso|falso,falso|falso,False,falso,False,
https://piaui.folha.uol.com.br/lupa/2020/04/30/verificamos-caixoes-bh-covid-19/,lupa,2020-04-30,['FALSO'],1,falso,falso,False,falso,False,
https://piaui.folha.uol.com.br/lupa/2020/04/30/verificamos-hospital-ibirapuera/,lupa,2020-04-30,['FALSO'],1,falso,falso,False,falso,False,
https://piaui.folha.uol.com.br/lupa/2020/04/30/verificamos-golpe-vale-combustivel-petrobras-pandemia-covid-19/,lupa,2020-04-30,['FALSO'],1,falso,falso,False,falso,False,
https://piaui.folha.uol.com.br/lupa/2020/04/30/verificamos-e-falso-que-quem-dirigir-sem-mascara-pode-perder-pontos-na-carteira-de-motorista/,lupa,2020-04-30,['FALSO'],1,falso,falso,False,falso,False,
https://piaui.folha.uol.com.br/lupa/2020/04/29/verificamos-foto-caixao-vazio-enterros-covid-19-amazonas/,lupa,2020-04-29,['FALSO'],1,falso,falso,False,falso,False,
https://piaui.folha.uol.com.br/lupa/2020/04/29/verificamos-taxa-letalidade-covid/,lupa,2020-04-29,"['FALSO', 'FALSO', 'FALSO']",3,falso|falso|falso,falso|falso|falso,False,falso,False,
https://piaui.folha.uol.com.br/lupa/2020/04/29/verificamos-golpe-kits-gratuitos-limpeza-higiene-pandemia/,lupa,2020-04-29,"['FALSO', 'FALSO']",2,falso|falso,falso|falso,False,falso,False,
https://piaui.folha.uol.com.br/lupa/2020/04/28/verificamos-hospital-santo-andre/,lupa,2020-04-28,['FALSO'],1,falso,falso,False,falso,False,
https://piaui.folha.uol.com.br/lupa/2020/04/27/verificamos-e-falso-video-de-suposta-reportagem-com-alerta-da-oms-sobre-mascaras-infectadas-com-coronavirus/,lupa,2020-04-27,['FALSO'],1,falso,falso,False,falso,False,
https://piaui.folha.uol.com.br/lupa/2020/04/27/verificamos-traficante-globonews-covid-19/,lupa,2020-04-27,['FALSO'],1,falso,falso,False,falso,False,
https://piaui.folha.uol.com.br/lupa/2020/04/24/verificamos-caixa-bloqueou-auxilio-emergencial-187-mil-cpfs/,lupa,2020-04-24,['FALSO'],1,falso,falso,False,falso,False,
https://piaui.folha.uol.com.br/lupa/2020/04/24/verificamos-nelson-teich-auditando-covid/,lupa,2020-04-24,"['FALSO', 'FALSO', 'FALSO', 'EXAGERADO', 'VERDADEIRO, MAS']",5,"falso|falso|falso|exagerado|verdadeiro, mas",falso|falso|falso|verdadeiro fora de contexto ou exagerado|verdadeiro fora de contexto ou exagerado,True,,False,
https://piaui.folha.uol.com.br/lupa/2020/04/24/verificamos-governo-auxilio-emergencial/,lupa,2020-04-24,['FALSO'],1,falso,falso,False,falso,False,
https://piaui.folha.uol.com.br/lupa/2020/04/23/verificamos-sistema-upas-rio-covid-19/,lupa,2020-04-23,['FALSO'],1,falso,falso,False,falso,False,
https://piaui.folha.uol.com.br/lupa/2020/04/23/verificamos-post-covid-diminuem/,lupa,2020-04-23,"['FALSO', 'FALSO', 'FALSO', 'FALSO']",4,falso|falso|falso|falso,falso|falso|falso|falso,False,falso,False,
https://piaui.folha.uol.com.br/lupa/2020/04/23/verificamos-caixoes-vazios-amazonas/,lupa,2020-04-23,['FALSO'],1,falso,falso,False,falso,False,
https://piaui.folha.uol.com.br/lupa/2020/04/22/verificamos-governador-do-rs-turismo-coronavirus/,lupa,2020-04-22,['FALSO'],1,falso,falso,False,falso,False,
https://piaui.folha.uol.com.br/lupa/2020/04/22/verificamos-fbi-mascaras-coronavirus/,lupa,2020-04-22,['FALSO'],1,falso,falso,False,falso,False,
https://piaui.folha.uol.com.br/lupa/2020/04/22/verificamos-hospital-fortaleza-nao-tem-pacientes/,lupa,2020-04-22,['FALSO'],1,falso,falso,False,falso,False,
https://piaui.folha.uol.com.br/lupa/2020/04/20/verificamos-renner-covid19/,lupa,2020-04-20,"['FALSO', 'VERDADEIRO, MAS', 'VERDADEIRO']",3,"falso|verdadeiro, mas|verdadeiro",falso|verdadeiro fora de contexto ou exagerado|verdadeiro,True,,False,
https://piaui.folha.uol.com.br/lupa/2020/04/20/verificamos-video-furto-loterica-auxilio-emergencial-pandemia/,lupa,2020-04-20,['FALSO'],1,falso,falso,False,falso,False,
https://piaui.folha.uol.com.br/lupa/2020/04/20/verificamos-heleno-coronavirus/,lupa,2020-04-20,['FALSO'],1,falso,falso,False,falso,False,
https://piaui.folha.uol.com.br/lupa/2020/04/17/verificamos-mandetta-lubrificante/,lupa,2020-04-17,['FALSO'],1,falso,falso,False,falso,False,
https://piaui.folha.uol.com.br/lupa/2020/04/17/verificamos-video-abordagem-policial-mg-covid-19/,lupa,2020-04-17,['FALSO'],1,falso,falso,False,falso,False,
https://piaui.folha.uol.com.br/lupa/2020/04/16/verificamos-dilma-mandetta/,lupa,2020-04-16,['FALSO'],1,falso,falso,False,falso,False,
https://piaui.folha.uol.com.br/lupa/2020/04/16/verificamos-ph-alimentos-covid/,lupa,2020-04-16,['FALSO'],1,falso,falso,False,falso,False,
https://piaui.folha.uol.com.br/lupa/2020/04/16/verificamos-medicos-30-paises-eficacia-cloroquina/,lupa,2020-04-16,['FALSO'],1,falso,falso,False,falso,False,
https://piaui.folha.uol.com.br/lupa/2020/04/15/verificamos-bretas-hidroxicloroquina/,lupa,2020-04-15,['FALSO'],1,falso,falso,False,falso,False,
https://piaui.folha.uol.com.br/lupa/2020/04/15/verificamos-video-saque-supermercado/,lupa,2020-04-15,['FALSO'],1,falso,falso,False,falso,False,
https://piaui.folha.uol.com.br/lupa/2020/04/15/verificamos-praia-policia-coronavirus/,lupa,2020-04-15,['FALSO'],1,falso,falso,False,falso,False,
https://piaui.folha.uol.com.br/lupa/2020/04/15/terra-cloroquina-covid/,lupa,2020-04-15,"['INSUSTENTÁVEL', 'SUBESTIMADO', 'FALSO', 'FALSO', 'EXAGERADO', 'VERDADEIRO, MAS', 'FALSO']",7,"insustentavel|subestimado|falso|falso|exagerado|verdadeiro, mas|falso",nao_mapeavel|verdadeiro fora de contexto ou exagerado|falso|falso|verdadeiro fora de contexto ou exagerado|verdadeiro fora de contexto ou exagerado|falso,True,,False,
https://piaui.folha.uol.com.br/lupa/2020/04/14/verificamos-pm-sao-paulo-coronavirus/,lupa,2020-04-14,['FALSO'],1,falso,falso,False,falso,False,
https://piaui.folha.uol.com.br/lupa/2020/04/14/verificamos-homem-doria-politicos-chines-preso-carga-roubada/,lupa,2020-04-14,['FALSO'],1,falso,falso,False,falso,False,
https://piaui.folha.uol.com.br/lupa/2020/04/14/verificamos-video-ovos-joao-doria-acm-neto/,lupa,2020-04-14,['FALSO'],1,falso,falso,False,falso,False,
https://piaui.folha.uol.com.br/lupa/2020/04/13/verificamos-fda-liberou-hidroxicloroquina-todos-pacientes-covid-19/,lupa,2020-04-13,"['FALSO', 'FALSO', 'VERDADEIRO, MAS']",3,"falso|falso|verdadeiro, mas",falso|falso|verdadeiro fora de contexto ou exagerado,True,,False,
https://piaui.folha.uol.com.br/lupa/2020/04/09/verificamos-tuite-cura-primo-antonio-carlos-cloroquina-hospital-rio/,lupa,2020-04-09,['FALSO'],1,falso,falso,False,falso,False,
https://piaui.folha.uol.com.br/lupa/2020/04/09/verificamos-numero-casos-revisado-coronavirus/,lupa,2020-04-09,['FALSO'],1,falso,falso,False,falso,False,
https://piaui.folha.uol.com.br/lupa/2020/04/09/verificamos-hospital-pacaembu-pacientes/,lupa,2020-04-09,['FALSO'],1,falso,falso,False,falso,False,
https://piaui.folha.uol.com.br/lupa/2020/04/09/verificamos-foto-aglomeracao-cracolandia-covid-19/,lupa,2020-04-09,['FALSO'],1,falso,falso,False,falso,False,
https://piaui.folha.uol.com.br/lupa/2020/04/08/verificamos-reportagem-italiana-pesquisa-coronavirus-covid-19/,lupa,2020-04-08,['FALSO'],1,falso,falso,False,falso,False,
https://piaui.folha.uol.com.br/lupa/2020/04/08/verificamos-hospital-rio-coronavirus/,lupa,2020-04-08,['FALSO'],1,falso,falso,False,falso,False,
https://piaui.folha.uol.com.br/lupa/2020/04/08/verificamos-globonews-twitter/,lupa,2020-04-08,['FALSO'],1,falso,falso,False,falso,False,
https://piaui.folha.uol.com.br/lupa/2020/04/08/verificamos-hospital-fortaleza-vazio/,lupa,2020-04-08,['FALSO'],1,falso,falso,False,falso,False,
https://piaui.folha.uol.com.br/lupa/2020/04/07/verificamos-padre-fabio-melo-coronavirus/,lupa,2020-04-07,['FALSO'],1,falso,falso,False,falso,False,
https://piaui.folha.uol.com.br/lupa/2020/04/07/verificamos-banco-mundial-coronavirus/,lupa,2020-04-07,['FALSO'],1,falso,falso,False,falso,False,
https://piaui.folha.uol.com.br/lupa/2020/04/06/verificamos-localiza-coronavirus/,lupa,2020-04-06,"['FALSO', 'FALSO']",2,falso|falso,falso|falso,False,falso,False,
https://piaui.folha.uol.com.br/lupa/2020/04/04/osmar-terra-quarentena-italia-coronavirus/,lupa,2020-04-04,['FALSO'],1,falso,falso,False,falso,False,
https://piaui.folha.uol.com.br/lupa/2020/04/03/verificamos-video-confronto-cracolandia-pandemia-covid-19/,lupa,2020-04-03,['FALSO'],1,falso,falso,False,falso,False,
https://piaui.folha.uol.com.br/lupa/2020/04/03/verificamos-e-falso-que-governo-da-paraiba-usou-verba-emergencial-para-contratar-artistas/,lupa,2020-04-03,['FALSO'],1,falso,falso,False,falso,False,
https://piaui.folha.uol.com.br/lupa/2020/04/03/verificamos-audios-arrastoes-usuarios-cracolandia-pandemia/,lupa,2020-04-03,['FALSO'],1,falso,falso,False,falso,False,
https://piaui.folha.uol.com.br/lupa/2020/04/03/verificamos-bomprato-saopaulo/,lupa,2020-04-03,['FALSO'],1,falso,falso,False,falso,False,
https://piaui.folha.uol.com.br/lupa/2020/04/03/verificamos-bbb-coronavirus/,lupa,2020-04-03,['FALSO'],1,falso,falso,False,falso,False,
https://piaui.folha.uol.com.br/lupa/2020/04/02/verificamos-exercito-2-mil-leitos-covid-19-48h/,lupa,2020-04-02,['FALSO'],1,falso,falso,False,falso,False,
https://piaui.folha.uol.com.br/lupa/2020/04/02/verificamos-dinheiro-descartado-italia-covid-19/,lupa,2020-04-02,['FALSO'],1,falso,falso,False,falso,False,
https://piaui.folha.uol.com.br/lupa/2020/04/01/verificamos-doria-cloroquina-coronavirus/,lupa,2020-04-01,['FALSO'],1,falso,falso,False,falso,False,
https://piaui.folha.uol.com.br/lupa/2020/04/01/ambev-coronavirus-alcool/,lupa,2020-04-01,['FALSO'],1,falso,falso,False,falso,False,
https://piaui.folha.uol.com.br/lupa/2020/04/01/verificamos-tabela-coronavirus/,lupa,2020-04-01,"['FALSO', 'VERDADEIRO, MAS', 'FALSO', 'VERDADEIRO, MAS', 'VERDADEIRO, MAS', 'VERDADEIRO, MAS']",6,"falso|verdadeiro, mas|falso|verdadeiro, mas|verdadeiro, mas|verdadeiro, mas",falso|verdadeiro fora de contexto ou exagerado|falso|verdadeiro fora de contexto ou exagerado|verdadeiro fora de contexto ou exagerado|verdadeiro fora de contexto ou exagerado,True,,False,
https://piaui.folha.uol.com.br/lupa/2020/04/01/verificamos-detento-libertado-coronavirus/,lupa,2020-04-01,['FALSO'],1,falso,falso,False,falso,False,
https://piaui.folha.uol.com.br/lupa/2020/04/01/verificamos-infectados-novo-coronavirus-blumenau-curados/,lupa,2020-04-01,['FALSO'],1,falso,falso,False,falso,False,
https://piaui.folha.uol.com.br/lupa/2020/04/23/verificamos-alho-jambu-coronavirus/,lupa,2020-04-23,['FALSO'],1,falso,falso,False,falso,False,
https://piaui.folha.uol.com.br/lupa/2020/04/20/verificamos-joao-doria-festa-aracatuba/,lupa,2020-04-20,"['FALSO', 'FALSO']",2,falso|falso,falso|falso,False,falso,False,
https://piaui.folha.uol.com.br/lupa/2020/04/17/verificamos-mortes-covid-policia-federal/,lupa,2020-04-17,['FALSO'],1,falso,falso,False,falso,False,
https://piaui.folha.uol.com.br/lupa/2020/04/17/verificamos-mulher-agredida-guarda-bahia/,lupa,2020-04-17,['FALSO'],1,falso,falso,False,falso,False,
https://piaui.folha.uol.com.br/lupa/2020/04/15/verificamos-guarda-municipal-sorocaba-coronavirus/,lupa,2020-04-15,['FALSO'],1,falso,falso,False,falso,False,
https://piaui.folha.uol.com.br/lupa/2020/04/15/quinino-agua-tonica-coronavirus/,lupa,2020-04-15,['FALSO'],1,falso,falso,False,falso,False,
https://piaui.folha.uol.com.br/lupa/2020/04/15/verificamos-atriz-americana-cloroquina/,lupa,2020-04-15,['FALSO'],1,falso,falso,False,falso,False,
https://piaui.folha.uol.com.br/lupa/2020/04/14/verificamos-idoso-na-rua-imobilizado-pm-sp/,lupa,2020-04-14,['FALSO'],1,falso,falso,False,falso,False,
https://piaui.folha.uol.com.br/lupa/2020/04/13/verificamos-hospital-das-clinicas-covid-19/,lupa,2020-04-13,['FALSO'],1,falso,falso,False,falso,False,
https://piaui.folha.uol.com.br/lupa/2020/04/07/verificamos-mandetta-contratos-publicidade/,lupa,2020-04-07,"['FALSO', 'FALSO']",2,falso|falso,falso|falso,False,falso,False,
https://piaui.folha.uol.com.br/lupa/2020/04/06/verificamos-e-falso-pesquisador-preso-por-fabricar-coronavirus/,lupa,2020-04-06,['FALSO'],1,falso,falso,False,falso,False,
https://piaui.folha.uol.com.br/lupa/2020/04/01/osmar-terra-coronavirus-holanda/,lupa,2020-04-01,"['FALSO', 'FALSO']",2,falso|falso,falso|falso,False,falso,False,
https://piaui.folha.uol.com.br/lupa/2019/12/19/verificamos-drauzio-diabetes/,lupa,2019-12-19,['FALSO'],1,falso,falso,False,falso,False,
https://piaui.folha.uol.com.br/lupa/2019/12/19/dezembro-vermelho-aids/,lupa,2019-12-19,"['FALSO', 'FALSO', 'VERDADEIRO, MAS', 'VERDADEIRO', 'VERDADEIRO']",5,"falso|falso|verdadeiro, mas|verdadeiro|verdadeiro",falso|falso|verdadeiro fora de contexto ou exagerado|verdadeiro|verdadeiro,True,,False,
https://piaui.folha.uol.com.br/lupa/2019/12/16/verificamos-maconha-rosto-desfigurado/,lupa,2019-12-16,['FALSO'],1,falso,falso,False,falso,False,
https://piaui.folha.uol.com.br/lupa/2019/12/12/verificamos-nicotina-pulmoes/,lupa,2019-12-12,['FALSO'],1,falso,falso,False,falso,False,
https://piaui.folha.uol.com.br/lupa/2019/12/10/verificamos-medicos-negros-kkk/,lupa,2019-12-10,['FALSO'],1,falso,falso,False,falso,False,
https://piaui.folha.uol.com.br/lupa/2019/12/10/verificamos-historia-tragica-jovem-florianopolis-drogas/,lupa,2019-12-10,['FALSO'],1,falso,falso,False,falso,False,
https://piaui.folha.uol.com.br/lupa/2019/12/06/verificamos-pepsi-celulas-fetos-abortados-refrigerantes/,lupa,2019-12-06,['FALSO'],1,falso,falso,False,falso,False,
https://piaui.folha.uol.com.br/lupa/2019/12/04/mandetta-mais-medicos-entrevista/,lupa,2019-12-04,"['EXAGERADO', 'VERDADEIRO', 'FALSO', 'SUBESTIMADO', 'VERDADEIRO', 'SUBESTIMADO', 'AINDA É CEDO PARA DIZER', 'EXAGERADO']",8,exagerado|verdadeiro|falso|subestimado|verdadeiro|subestimado|ainda e cedo para dizer|exagerado,verdadeiro fora de contexto ou exagerado|verdadeiro|falso|verdadeiro fora de contexto ou exagerado|verdadeiro|verdadeiro fora de contexto ou exagerado|nao_mapeavel|verdadeiro fora de contexto ou exagerado,True,,False,
https://piaui.folha.uol.com.br/lupa/2017/09/11/vacinacao/,lupa,2017-09-11,"['AINDA É CEDO PARA DIZER', 'VERDADEIRO, MAS', 'AINDA É CEDO PARA DIZER']",3,"ainda e cedo para dizer|verdadeiro, mas|ainda e cedo para dizer",nao_mapeavel|verdadeiro fora de contexto ou exagerado|nao_mapeavel,True,,False,
https://piaui.folha.uol.com.br/lupa/2017/05/31/dia-mundial-sem-tabaco/,lupa,2017-05-31,"['EXAGERADO', 'VERDADEIRO', 'VERDADEIRO', 'FALSO', 'FALSO']",5,exagerado|verdadeiro|verdadeiro|falso|falso,verdadeiro fora de contexto ou exagerado|verdadeiro|verdadeiro|falso|falso,True,,False,
https://piaui.folha.uol.com.br/lupa/2017/05/04/joao-doria-e-os-dados-da-fila-do-corujao-da-saude/,lupa,2017-05-04,"['EXAGERADO', 'CONTRADITÓRIO', 'EXAGERADO', 'INSUSTENTÁVEL', 'DE OLHO']",5,exagerado|contraditorio|exagerado|insustentavel|de olho,verdadeiro fora de contexto ou exagerado|nao_mapeavel|verdadeiro fora de contexto ou exagerado|nao_mapeavel|nao_mapeavel,True,,False,
https://piaui.folha.uol.com.br/lupa/2020/10/30/verificamos-freixo-reacao/,lupa,2020-10-30,['FALSO'],1,falso,falso,False,falso,False,
https://piaui.folha.uol.com.br/lupa/2020/10/30/verificamos-mascara-dioxido-flora/,lupa,2020-10-30,"['FALSO', 'FALSO', 'FALSO']",3,falso|falso|falso,falso|falso|falso,False,falso,False,
https://piaui.folha.uol.com.br/lupa/2020/10/30/tatto-sabatina-folha-uol/,lupa,2020-10-30,"['EXAGERADO', 'EXAGERADO', 'EXAGERADO', 'VERDADEIRO', 'VERDADEIRO', 'VERDADEIRO']",6,exagerado|exagerado|exagerado|verdadeiro|verdadeiro|verdadeiro,verdadeiro fora de contexto ou exagerado|verdadeiro fora de contexto ou exagerado|verdadeiro fora de contexto ou exagerado|verdadeiro|verdadeiro|verdadeiro,True,,False,
https://piaui.folha.uol.com.br/lupa/2020/10/29/verificamos-medico-chines-morto/,lupa,2020-10-29,['FALSO'],1,falso,falso,False,falso,False,
https://piaui.folha.uol.com.br/lupa/2020/10/29/campo-grande-pedro-kemp-raio-x/,lupa,2020-10-29,"['VERDADEIRO, MAS', 'EXAGERADO', 'FALSO']",3,"verdadeiro, mas|exagerado|falso",verdadeiro fora de contexto ou exagerado|verdadeiro fora de contexto ou exagerado|falso,True,,False,
https://piaui.folha.uol.com.br/lupa/2020/10/29/fortaleza-jose-sarto-ideb/,lupa,2020-10-29,"['EXAGERADO', 'VERDADEIRO, MAS', 'VERDADEIRO', 'VERDADEIRO, MAS']",4,"exagerado|verdadeiro, mas|verdadeiro|verdadeiro, mas",verdadeiro fora de contexto ou exagerado|verdadeiro fora de contexto ou exagerado|verdadeiro|verdadeiro fora de contexto ou exagerado,True,,False,
https://piaui.folha.uol.com.br/lupa/2020/10/29/verificamos-dilma-china-vacina/,lupa,2020-10-29,['FALSO'],1,falso,falso,False,falso,False,
https://piaui.folha.uol.com.br/lupa/2020/10/29/cracolandia-evasao-escolar-pandemia-erros-de-matarazzo-na-sabatina-folha-uol/,lupa,2020-10-29,"['FALSO', 'FALSO', 'EXAGERADO', 'SUBESTIMADO', 'VERDADEIRO', 'VERDADEIRO']",6,falso|falso|exagerado|subestimado|verdadeiro|verdadeiro,falso|falso|verdadeiro fora de contexto ou exagerado|verdadeiro fora de contexto ou exagerado|verdadeiro|verdadeiro,True,,False,
https://piaui.folha.uol.com.br/lupa/2020/10/29/caiu-na-rede-gas-carbonico-mascara/,lupa,2020-10-29,"['VERDADEIRO, MAS']",1,"verdadeiro, mas",verdadeiro fora de contexto ou exagerado,False,verdadeiro fora de contexto ou exagerado,False,
https://piaui.folha.uol.com.br/lupa/2020/10/29/caiu-na-rede-ex-boxeador-maguila/,lupa,2020-10-29,['FALSO'],1,falso,falso,False,falso,False,
https://piaui.folha.uol.com.br/lupa/2020/10/28/verificamos-foto-coronavac-abril/,lupa,2020-10-28,"['VERDADEIRO, MAS', 'FALSO']",2,"verdadeiro, mas|falso",verdadeiro fora de contexto ou exagerado|falso,True,,False,
https://piaui.folha.uol.com.br/lupa/2020/10/28/caiu-na-rede-rio-imagem-mamografia/,lupa,2020-10-28,['FALSO'],1,falso,falso,False,falso,False,
https://piaui.folha.uol.com.br/lupa/2020/10/28/sabatina-folha-porto-alegre/,lupa,2020-10-28,"['VERDADEIRO', 'VERDADEIRO', 'EXAGERADO', 'VERDADEIRO', 'FALSO', 'EXAGERADO', 'FALSO', 'VERDADEIRO', 'FALSO', 'EXAGERADO', 'SUBESTIMADO', 'VERDADEIRO', 'FALSO', 'VERDADEIRO', 'SUBESTIMADO', 'FALSO', 'EXAGERADO', 'EXAGERADO']",18,verdadeiro|verdadeiro|exagerado|verdadeiro|falso|exagerado|falso|verdadeiro|falso|exagerado|subestimado|verdadeiro|falso|verdadeiro|subestimado|falso|exagerado|exagerado,verdadeiro|verdadeiro|verdadeiro fora de contexto ou exagerado|verdadeiro|falso|verdadeiro fora de contexto ou exagerado|falso|verdadeiro|falso|verdadeiro fora de contexto ou exagerado|verdadeiro fora de contexto ou exagerado|verdadeiro|falso|verdadeiro|verdadeiro fora de contexto ou exagerado|falso|verdadeiro fora de contexto ou exagerado|verdadeiro fora de contexto ou exagerado,True,,False,
https://piaui.folha.uol.com.br/lupa/2020/10/28/belo-horizonte-aurea-carolina-renda-familias/,lupa,2020-10-28,"['VERDADEIRO', 'VERDADEIRO', 'VERDADEIRO']",3,verdadeiro|verdadeiro|verdadeiro,verdadeiro|verdadeiro|verdadeiro,False,verdadeiro,False,
https://piaui.folha.uol.com.br/lupa/2020/10/27/verificamos-coronavac-teste-chineses/,lupa,2020-10-27,['FALSO'],1,falso,falso,False,falso,False,
https://piaui.folha.uol.com.br/lupa/2020/10/27/verificamos-audio-vacina-chinesa/,lupa,2020-10-27,"['FALSO', 'FALSO', 'FALSO', 'AINDA É CEDO PARA DIZER', 'EXAGERADO']",5,falso|falso|falso|ainda e cedo para dizer|exagerado,falso|falso|falso|nao_mapeavel|verdadeiro fora de contexto ou exagerado,True,,False,
https://piaui.folha.uol.com.br/lupa/2020/10/27/verificamos-audio-vacina-oxford-coronavac/,lupa,2020-10-27,"['FALSO', 'FALSO', 'FALSO', 'FALSO']",4,falso|falso|falso|falso,falso|falso|falso|falso,False,falso,False,
https://piaui.folha.uol.com.br/lupa/2020/10/27/sabatina-rio-gloria-2020/,lupa,2020-10-27,"['FALSO', 'FALSO', 'VERDADEIRO, MAS', 'VERDADEIRO']",4,"falso|falso|verdadeiro, mas|verdadeiro",falso|falso|verdadeiro fora de contexto ou exagerado|verdadeiro,True,,False,
https://piaui.folha.uol.com.br/lupa/2020/10/27/verificamos-leitos-dos-hospitais-em-manaus/,lupa,2020-10-27,"['FALSO', 'FALSO']",2,falso|falso,falso|falso,False,falso,False,
https://piaui.folha.uol.com.br/lupa/2020/10/27/goiania-elias-vaz-educacao-saude/,lupa,2020-10-27,"['VERDADEIRO', 'EXAGERADO', 'VERDADEIRO', 'VERDADEIRO']",4,verdadeiro|exagerado|verdadeiro|verdadeiro,verdadeiro|verdadeiro fora de contexto ou exagerado|verdadeiro|verdadeiro,True,,False,
https://piaui.folha.uol.com.br/lupa/2020/10/27/fortaleza-heitor-ferrer-covid-19/,lupa,2020-10-27,"['FALSO', 'FALSO', 'VERDADEIRO', 'INSUSTENTÁVEL']",4,falso|falso|verdadeiro|insustentavel,falso|falso|verdadeiro|nao_mapeavel,True,,False,
https://piaui.folha.uol.com.br/lupa/2020/10/27/manaus-ze-ricardo-publicidade/,lupa,2020-10-27,"['FALSO', 'EXAGERADO', 'VERDADEIRO']",3,falso|exagerado|verdadeiro,falso|verdadeiro fora de contexto ou exagerado|verdadeiro,True,,False,
https://piaui.folha.uol.com.br/lupa/2020/10/26/verificamos-china-vacina-suecia/,lupa,2020-10-26,['FALSO'],1,falso,falso,False,falso,False,
https://piaui.folha.uol.com.br/lupa/2020/10/26/verificamos-enfermeiro-adjuvantes/,lupa,2020-10-26,"['FALSO', 'FALSO', 'FALSO']",3,falso|falso|falso,falso|falso|falso,False,falso,False,
https://piaui.folha.uol.com.br/lupa/2020/10/26/verificamos-ceara-lockdown-eleicoes/,lupa,2020-10-26,['FALSO'],1,falso,falso,False,falso,False,
https://piaui.folha.uol.com.br/lupa/2020/10/26/belo-horizonte-bruno-engler-educacao/,lupa,2020-10-26,"['VERDADEIRO, MAS', 'VERDADEIRO, MAS', 'FALSO']",3,"verdadeiro, mas|verdadeiro, mas|falso",verdadeiro fora de contexto ou exagerado|verdadeiro fora de contexto ou exagerado|falso,True,,False,
https://piaui.folha.uol.com.br/lupa/2020/10/24/verificamos-vacinas-canceladas/,lupa,2020-10-24,"['FALSO', 'FALSO', 'FALSO']",3,falso|falso|falso,falso|falso|falso,False,falso,False,
https://piaui.folha.uol.com.br/lupa/2020/10/23/verificamos-texto-whatsapp-coronavirus/,lupa,2020-10-23,"['FALSO', 'FALSO', 'FALSO', 'FALSO', 'FALSO']",5,falso|falso|falso|falso|falso,falso|falso|falso|falso|falso,False,falso,False,
https://piaui.folha.uol.com.br/lupa/2020/10/23/verificamos-pt-vacina-covid/,lupa,2020-10-23,['VERDADEIRO'],1,verdadeiro,verdadeiro,False,verdadeiro,False,
https://piaui.folha.uol.com.br/lupa/2020/10/23/verificamos-medico-vacina-pandemia/,lupa,2020-10-23,"['FALSO', 'VERDADEIRO, MAS', 'AINDA É CEDO PARA DIZER']",3,"falso|verdadeiro, mas|ainda e cedo para dizer",falso|verdadeiro fora de contexto ou exagerado|nao_mapeavel,True,,False,
https://piaui.folha.uol.com.br/lupa/2020/10/22/orlando-silva-sabatina-folha-uol/,lupa,2020-10-22,"['EXAGERADO', 'EXAGERADO', 'VERDADEIRO', 'VERDADEIRO']",4,exagerado|exagerado|verdadeiro|verdadeiro,verdadeiro fora de contexto ou exagerado|verdadeiro fora de contexto ou exagerado|verdadeiro|verdadeiro,True,,False,
https://piaui.folha.uol.com.br/lupa/2020/10/22/verificamos-vice-diretora-oms/,lupa,2020-10-22,"['VERDADEIRO, MAS']",1,"verdadeiro, mas",verdadeiro fora de contexto ou exagerado,False,verdadeiro fora de contexto ou exagerado,False,
https://piaui.folha.uol.com.br/lupa/2020/10/22/eleicoes-sabatina-folha-curitiba/,lupa,2020-10-22,"['VERDADEIRO, MAS', 'EXAGERADO', 'VERDADEIRO, MAS', 'VERDADEIRO, MAS', 'FALSO', 'FALSO', 'VERDADEIRO', 'VERDADEIRO, MAS', 'VERDADEIRO, MAS', 'VERDADEIRO, MAS', 'VERDADEIRO', 'VERDADEIRO', 'EXAGERADO', 'FALSO', 'EXAGERADO', 'VERDADEIRO']",16,"verdadeiro, mas|exagerado|verdadeiro, mas|verdadeiro, mas|falso|falso|verdadeiro|verdadeiro, mas|verdadeiro, mas|verdadeiro, mas|verdadeiro|verdadeiro|exagerado|falso|exagerado|verdadeiro",verdadeiro fora de contexto ou exagerado|verdadeiro fora de contexto ou exagerado|verdadeiro fora de contexto ou exagerado|verdadeiro fora de contexto ou exagerado|falso|falso|verdadeiro|verdadeiro fora de contexto ou exagerado|verdadeiro fora de contexto ou exagerado|verdadeiro fora de contexto ou exagerado|verdadeiro|verdadeiro|verdadeiro fora de contexto ou exagerado|falso|verdadeiro fora de contexto ou exagerado|verdadeiro,True,,False,
https://piaui.folha.uol.com.br/lupa/2020/10/21/verificamos-vacina-chinesa-matou/,lupa,2020-10-21,"['FALSO', 'FALSO', 'FALSO']",3,falso|falso|falso,falso|falso|falso,False,falso,False,
https://piaui.folha.uol.com.br/lupa/2020/10/21/caiu-na-rede-covid-imunologico/,lupa,2020-10-21,['FALSO'],1,falso,falso,False,falso,False,
https://piaui.folha.uol.com.br/lupa/2020/10/21/sabatina-sp-levy-fidelix/,lupa,2020-10-21,"['EXAGERADO', 'EXAGERADO', 'FALSO', 'CONTRADITÓRIO', 'VERDADEIRO, MAS', 'VERDADEIRO', 'VERDADEIRO']",7,"exagerado|exagerado|falso|contraditorio|verdadeiro, mas|verdadeiro|verdadeiro",verdadeiro fora de contexto ou exagerado|verdadeiro fora de contexto ou exagerado|falso|nao_mapeavel|verdadeiro fora de contexto ou exagerado|verdadeiro|verdadeiro,True,,False,
https://piaui.folha.uol.com.br/lupa/2020/10/20/india-china-tribunal-internacional-2-trilhoes-coronavirus-368596/,lupa,2020-10-20,['FALSO'],1,falso,falso,False,falso,False,
https://piaui.folha.uol.com.br/lupa/2020/10/20/verificamos-nanorrobos-vacinas-covid/,lupa,2020-10-20,"['FALSO', 'FALSO']",2,falso|falso,falso|falso,False,falso,False,
https://piaui.folha.uol.com.br/lupa/2020/10/19/verificamos-doria-vacina-covid-contaminar/,lupa,2020-10-19,['FALSO'],1,falso,falso,False,falso,False,
https://piaui.folha.uol.com.br/lupa/2020/10/19/verificamos-banho-infarto/,lupa,2020-10-19,['FALSO'],1,falso,falso,False,falso,False,
https://piaui.folha.uol.com.br/lupa/2020/10/19/salvador-sabatina-eleicoes/,lupa,2020-10-19,"['FALSO', 'VERDADEIRO', 'VERDADEIRO', 'VERDADEIRO', 'EXAGERADO', 'EXAGERADO', 'EXAGERADO', 'VERDADEIRO', 'VERDADEIRO', 'FALSO', 'VERDADEIRO, MAS', 'VERDADEIRO', 'VERDADEIRO', 'FALSO', 'FALSO', 'VERDADEIRO']",16,"falso|verdadeiro|verdadeiro|verdadeiro|exagerado|exagerado|exagerado|verdadeiro|verdadeiro|falso|verdadeiro, mas|verdadeiro|verdadeiro|falso|falso|verdadeiro",falso|verdadeiro|verdadeiro|verdadeiro|verdadeiro fora de contexto ou exagerado|verdadeiro fora de contexto ou exagerado|verdadeiro fora de contexto ou exagerado|verdadeiro|verdadeiro|falso|verdadeiro fora de contexto ou exagerado|verdadeiro|verdadeiro|falso|falso|verdadeiro,True,,False,
https://piaui.folha.uol.com.br/lupa/2020/10/17/recife-saude-habitacao-mobilidade/,lupa,2020-10-17,"['FALSO', 'VERDADEIRO', 'EXAGERADO', 'VERDADEIRO', 'VERDADEIRO', 'FALSO', 'FALSO', 'INSUSTENTÁVEL', 'VERDADEIRO, MAS', 'FALSO', 'FALSO', 'VERDADEIRO, MAS', 'FALSO', 'EXAGERADO', 'VERDADEIRO']",15,"falso|verdadeiro|exagerado|verdadeiro|verdadeiro|falso|falso|insustentavel|verdadeiro, mas|falso|falso|verdadeiro, mas|falso|exagerado|verdadeiro",falso|verdadeiro|verdadeiro fora de contexto ou exagerado|verdadeiro|verdadeiro|falso|falso|nao_mapeavel|verdadeiro fora de contexto ou exagerado|falso|falso|verdadeiro fora de contexto ou exagerado|falso|verdadeiro fora de contexto ou exagerado|verdadeiro,True,,False,
https://piaui.folha.uol.com.br/lupa/2020/10/17/crivella-promessas-campanha-2016/,lupa,2020-10-17,"['FALSO', 'FALSO', 'FALSO', 'FALSO', 'FALSO', 'FALSO', 'VERDADEIRO, MAS', 'FALSO', 'FALSO', 'VERDADEIRO', 'VERDADEIRO, MAS', 'FALSO', 'FALSO', 'FALSO', 'VERDADEIRO', 'FALSO', 'FALSO', 'FALSO', 'FALSO', 'FALSO', 'VERDADEIRO', 'FALSO', 'INSUSTENTÁVEL', 'FALSO', 'FALSO', 'VERDADEIRO', 'EXAGERADO', 'FALSO', 'FALSO', 'FALSO', 'VERDADEIRO, MAS', 'VERDADEIRO, MAS', 'FALSO', 'FALSO', 'VERDADEIRO, MAS', 'FALSO', 'FALSO', 'FALSO', 'FALSO', 'EXAGERADO', 'FALSO', 'FALSO', 'FALSO', 'FALSO', 'FALSO', 'FALSO', 'VERDADEIRO, MAS', 'VERDADEIRO, MAS', 'FALSO', 'FALSO', 'EXAGERADO', 'FALSO', 'DE OLHO', 'FALSO', 'FALSO', 'FALSO', 'FALSO', 'FALSO', 'FALSO']",59,"falso|falso|falso|falso|falso|falso|verdadeiro, mas|falso|falso|verdadeiro|verdadeiro, mas|falso|falso|falso|verdadeiro|falso|falso|falso|falso|falso|verdadeiro|falso|insustentavel|falso|falso|verdadeiro|exagerado|falso|falso|falso|verdadeiro, mas|verdadeiro, mas|falso|falso|verdadeiro, mas|falso|falso|falso|falso|exagerado|falso|falso|falso|falso|falso|falso|verdadeiro, mas|verdadeiro, mas|falso|falso|exagerado|falso|de olho|falso|falso|falso|falso|falso|falso",falso|falso|falso|falso|falso|falso|verdadeiro fora de contexto ou exagerado|falso|falso|verdadeiro|verdadeiro fora de contexto ou exagerado|falso|falso|falso|verdadeiro|falso|falso|falso|falso|falso|verdadeiro|falso|nao_mapeavel|falso|falso|verdadeiro|verdadeiro fora de contexto ou exagerado|falso|falso|falso|verdadeiro fora de contexto ou exagerado|verdadeiro fora de contexto ou exagerado|falso|falso|verdadeiro fora de contexto ou exagerado|falso|falso|falso|falso|verdadeiro fora de contexto ou exagerado|falso|falso|falso|falso|falso|falso|verdadeiro fora de contexto ou exagerado|verdadeiro fora de contexto ou exagerado|falso|falso|verdadeiro fora de contexto ou exagerado|falso|nao_mapeavel|falso|falso|falso|falso|falso|falso,True,,True,"compilado periódico de agência: 59 vereditos num registro, acima do limite de 20. Não é mensagem que alguém receberia, logo não serve de estímulo de teste com usuário."
https://piaui.folha.uol.com.br/lupa/2020/10/16/verificamos-voluntaria-coronavac-barretos/,lupa,2020-10-16,['FALSO'],1,falso,falso,False,falso,False,
https://piaui.folha.uol.com.br/lupa/2020/10/16/horario-eleitoral-sp/,lupa,2020-10-16,"['EXAGERADO', 'VERDADEIRO', 'FALSO', 'FALSO', 'VERDADEIRO', 'VERDADEIRO', 'VERDADEIRO, MAS', 'VERDADEIRO, MAS', 'VERDADEIRO']",9,"exagerado|verdadeiro|falso|falso|verdadeiro|verdadeiro|verdadeiro, mas|verdadeiro, mas|verdadeiro",verdadeiro fora de contexto ou exagerado|verdadeiro|falso|falso|verdadeiro|verdadeiro|verdadeiro fora de contexto ou exagerado|verdadeiro fora de contexto ou exagerado|verdadeiro,True,,False,
https://piaui.folha.uol.com.br/lupa/2020/10/15/verificamos-reportagem-globo-mascaras/,lupa,2020-10-15,['FALSO'],1,falso,falso,False,falso,False,
https://piaui.folha.uol.com.br/lupa/2020/10/14/verificamos-yale-hidroxicloroquina/,lupa,2020-10-14,['FALSO'],1,falso,falso,False,falso,False,
https://piaui.folha.uol.com.br/lupa/2020/10/14/caiu-na-rede-legiao-da-boa-vontade-cestas-basicas/,lupa,2020-10-14,['FALSO'],1,falso,falso,False,falso,False,
https://piaui.folha.uol.com.br/lupa/2020/10/14/caiu-na-rede-fiocruz-vacina-covid-19/,lupa,2020-10-14,['VERDADEIRO'],1,verdadeiro,verdadeiro,False,verdadeiro,False,
https://piaui.folha.uol.com.br/lupa/2020/10/13/belo-horizonte-sabatinas/,lupa,2020-10-13,"['VERDADEIRO', 'EXAGERADO', 'FALSO', 'EXAGERADO', 'FALSO', 'FALSO', 'EXAGERADO', 'VERDADEIRO, MAS', 'FALSO', 'VERDADEIRO', 'VERDADEIRO', 'VERDADEIRO', 'FALSO', 'FALSO']",14,"verdadeiro|exagerado|falso|exagerado|falso|falso|exagerado|verdadeiro, mas|falso|verdadeiro|verdadeiro|verdadeiro|falso|falso",verdadeiro|verdadeiro fora de contexto ou exagerado|falso|verdadeiro fora de contexto ou exagerado|falso|falso|verdadeiro fora de contexto ou exagerado|verdadeiro fora de contexto ou exagerado|falso|verdadeiro|verdadeiro|verdadeiro|falso|falso,True,,False,
https://piaui.folha.uol.com.br/lupa/2020/10/13/porto-alegre-marchezan-promessas/,lupa,2020-10-13,"['INSUSTENTÁVEL', 'VERDADEIRO', 'VERDADEIRO, MAS', 'VERDADEIRO', 'FALSO', 'VERDADEIRO', 'FALSO', 'VERDADEIRO, MAS', 'VERDADEIRO']",9,"insustentavel|verdadeiro|verdadeiro, mas|verdadeiro|falso|verdadeiro|falso|verdadeiro, mas|verdadeiro",nao_mapeavel|verdadeiro|verdadeiro fora de contexto ou exagerado|verdadeiro|falso|verdadeiro|falso|verdadeiro fora de contexto ou exagerado|verdadeiro,True,,False,
https://piaui.folha.uol.com.br/lupa/2020/10/08/verificamos-gates-vacinacao-filhos/,lupa,2020-10-08,['FALSO'],1,falso,falso,False,falso,False,
https://piaui.folha.uol.com.br/lupa/2020/10/07/caiu-na-rede-assintomaticos-covid-19-resfriado-comum/,lupa,2020-10-07,['FALSO'],1,falso,falso,False,falso,False,
https://piaui.folha.uol.com.br/lupa/2020/10/07/caiu-na-rede-maes-solteiras-auxilio-emergencial/,lupa,2020-10-07,['VERDADEIRO'],1,verdadeiro,verdadeiro,False,verdadeiro,False,
https://piaui.folha.uol.com.br/lupa/2020/10/06/verificamos-texto-chico-buarque/,lupa,2020-10-06,['FALSO'],1,falso,falso,False,falso,False,
https://piaui.folha.uol.com.br/lupa/2020/10/05/verificamos-cha-casca-limao/,lupa,2020-10-05,['EXAGERADO'],1,exagerado,verdadeiro fora de contexto ou exagerado,False,verdadeiro fora de contexto ou exagerado,False,
https://piaui.folha.uol.com.br/lupa/2020/10/05/verificamos-poema-epidemia-1800/,lupa,2020-10-05,['FALSO'],1,falso,falso,False,falso,False,
https://piaui.folha.uol.com.br/lupa/2020/10/02/verificamos-inflamacao-saliva-cachorro/,lupa,2020-10-02,['FALSO'],1,falso,falso,False,falso,False,
https://piaui.folha.uol.com.br/lupa/2020/10/02/verificamos-desvio-verbas-covid/,lupa,2020-10-02,['FALSO'],1,falso,falso,False,falso,False,
https://piaui.folha.uol.com.br/lupa/2020/10/02/debate-candidatos-sao-paulo-band/,lupa,2020-10-02,"['VERDADEIRO', 'VERDADEIRO', 'VERDADEIRO', 'FALSO', 'FALSO', 'EXAGERADO', 'VERDADEIRO, MAS', 'VERDADEIRO, MAS', 'VERDADEIRO, MAS', 'FALSO', 'FALSO', 'VERDADEIRO', 'VERDADEIRO', 'FALSO', 'VERDADEIRO', 'VERDADEIRO', 'VERDADEIRO', 'VERDADEIRO', 'VERDADEIRO', 'EXAGERADO', 'VERDADEIRO', 'VERDADEIRO', 'VERDADEIRO', 'EXAGERADO', 'FALSO', 'FALSO', 'SUBESTIMADO', 'VERDADEIRO', 'EXAGERADO']",29,"verdadeiro|verdadeiro|verdadeiro|falso|falso|exagerado|verdadeiro, mas|verdadeiro, mas|verdadeiro, mas|falso|falso|verdadeiro|verdadeiro|falso|verdadeiro|verdadeiro|verdadeiro|verdadeiro|verdadeiro|exagerado|verdadeiro|verdadeiro|verdadeiro|exagerado|falso|falso|subestimado|verdadeiro|exagerado",verdadeiro|verdadeiro|verdadeiro|falso|falso|verdadeiro fora de contexto ou exagerado|verdadeiro fora de contexto ou exagerado|verdadeiro fora de contexto ou exagerado|verdadeiro fora de contexto ou exagerado|falso|falso|verdadeiro|verdadeiro|falso|verdadeiro|verdadeiro|verdadeiro|verdadeiro|verdadeiro|verdadeiro fora de contexto ou exagerado|verdadeiro|verdadeiro|verdadeiro|verdadeiro fora de contexto ou exagerado|falso|falso|verdadeiro fora de contexto ou exagerado|verdadeiro|verdadeiro fora de contexto ou exagerado,True,,True,"compilado periódico de agência: 29 vereditos num registro, acima do limite de 20. Não é mensagem que alguém receberia, logo não serve de estímulo de teste com usuário."
https://piaui.folha.uol.com.br/lupa/2020/10/29/verificamos-farmaceutica-chinesa-multada/,lupa,2020-10-29,"['VERDADEIRO, MAS']",1,"verdadeiro, mas",verdadeiro fora de contexto ou exagerado,False,verdadeiro fora de contexto ou exagerado,False,
https://piaui.folha.uol.com.br/lupa/2020/10/19/verificamos-60-anos-horario-exclusivo/,lupa,2020-10-19,"['FALSO', 'FALSO', 'FALSO', 'VERDADEIRO']",4,falso|falso|falso|verdadeiro,falso|falso|falso|verdadeiro,True,,False,
https://piaui.folha.uol.com.br/lupa/2020/12/30/informacoes-falsas-bolsonaro-covid-19/,lupa,2020-12-30,"['FALSO', 'FALSO', 'FALSO', 'FALSO', 'FALSO', 'FALSO', 'FALSO', 'FALSO', 'FALSO', 'FALSO']",10,falso|falso|falso|falso|falso|falso|falso|falso|falso|falso,falso|falso|falso|falso|falso|falso|falso|falso|falso|falso,False,falso,False,
https://piaui.folha.uol.com.br/lupa/2020/12/29/mitos-sobre-vacinas-covid-19/,lupa,2020-12-29,"['FALSO', 'FALSO', 'FALSO', 'FALSO']",4,falso|falso|falso|falso,falso|falso|falso|falso,False,falso,False,
https://piaui.folha.uol.com.br/lupa/2020/12/23/verificamos-cbf-gerson/,lupa,2020-12-23,['FALSO'],1,falso,falso,False,falso,False,
https://piaui.folha.uol.com.br/lupa/2020/12/22/verificamos-presidentes-recusaram-vacina/,lupa,2020-12-22,['FALSO'],1,falso,falso,False,falso,False,
https://piaui.folha.uol.com.br/lupa/2020/12/21/verificamos-associacao-medica-americana-ama-hidroxicloroquina-covid-19/,lupa,2020-12-21,['FALSO'],1,falso,falso,False,falso,False,
https://piaui.folha.uol.com.br/lupa/2020/12/21/verificamos-enfermeira-morreu-dose-vacina-pfizer/,lupa,2020-12-21,['FALSO'],1,falso,falso,False,falso,False,
https://piaui.folha.uol.com.br/lupa/2020/12/18/verificamos-vacinacao-venezuelanos/,lupa,2020-12-18,['FALSO'],1,falso,falso,False,falso,False,
https://piaui.folha.uol.com.br/lupa/2020/12/18/verificamos-video-medico-vacinas/,lupa,2020-12-18,"['VERDADEIRO', 'VERDADEIRO', 'VERDADEIRO']",3,verdadeiro|verdadeiro|verdadeiro,verdadeiro|verdadeiro|verdadeiro,False,verdadeiro,False,
https://piaui.folha.uol.com.br/lupa/2020/12/18/verificamos-prefeito-londres-vacinacao-contra-covid-19/,lupa,2020-12-18,['FALSO'],1,falso,falso,False,falso,False,
https://piaui.folha.uol.com.br/lupa/2020/12/17/verificamos-natal-familia-sao-paulo-preso/,lupa,2020-12-17,"['FALSO', 'VERDADEIRO, MAS']",2,"falso|verdadeiro, mas",falso|verdadeiro fora de contexto ou exagerado,True,,False,
https://piaui.folha.uol.com.br/lupa/2020/12/17/verificamos-vacina-camisa/,lupa,2020-12-17,['FALSO'],1,falso,falso,False,falso,False,
https://piaui.folha.uol.com.br/lupa/2020/12/16/verificamos-video-pessoas-comprando-sapos-caminhonete-china/,lupa,2020-12-16,['FALSO'],1,falso,falso,False,falso,False,
https://piaui.folha.uol.com.br/lupa/2020/12/15/verificamos-coronavac-cancer-pensamentos-suicidas/,lupa,2020-12-15,['FALSO'],1,falso,falso,False,falso,False,
https://piaui.folha.uol.com.br/lupa/2020/12/14/verificamos-vacinas-celulas-fetais-modificacao-genetica/,lupa,2020-12-14,"['FALSO', 'FALSO', 'FALSO']",3,falso|falso|falso,falso|falso|falso,False,falso,False,
https://piaui.folha.uol.com.br/lupa/2020/12/14/verificamos-funcionarios-brasileiros-butantan-coronavac/,lupa,2020-12-14,['FALSO'],1,falso,falso,False,falso,False,
https://piaui.folha.uol.com.br/lupa/2020/12/14/verificamos-vacina-suspensa-peru-coronavac-brasil/,lupa,2020-12-14,['FALSO'],1,falso,falso,False,falso,False,
https://piaui.folha.uol.com.br/lupa/2020/12/11/verificamos-idosa-vacinada-covid-19-dezembro-outubro/,lupa,2020-12-11,['FALSO'],1,falso,falso,False,falso,False,
https://piaui.folha.uol.com.br/lupa/2020/12/11/verificamos-doria-propina-sinovac-washington-post/,lupa,2020-12-11,"['FALSO', 'FALSO']",2,falso|falso,falso|falso,False,falso,False,
https://piaui.folha.uol.com.br/lupa/2020/12/09/verificamos-limao-bicarbonato-israel/,lupa,2020-12-09,"['FALSO', 'FALSO', 'FALSO']",3,falso|falso|falso,falso|falso|falso,False,falso,False,
https://piaui.folha.uol.com.br/lupa/2020/12/09/verificamos-wuhan-glaxosmithkline-pfizer/,lupa,2020-12-09,"['FALSO', 'FALSO', 'FALSO', 'FALSO', 'FALSO', 'VERDADEIRO, MAS', 'FALSO', 'FALSO', 'VERDADEIRO', 'FALSO', 'VERDADEIRO, MAS', 'EXAGERADO']",12,"falso|falso|falso|falso|falso|verdadeiro, mas|falso|falso|verdadeiro|falso|verdadeiro, mas|exagerado",falso|falso|falso|falso|falso|verdadeiro fora de contexto ou exagerado|falso|falso|verdadeiro|falso|verdadeiro fora de contexto ou exagerado|verdadeiro fora de contexto ou exagerado,True,,False,
https://piaui.folha.uol.com.br/lupa/2020/12/09/verificamos-morte-testes-vacina-pfizer/,lupa,2020-12-09,"['VERDADEIRO, MAS']",1,"verdadeiro, mas",verdadeiro fora de contexto ou exagerado,False,verdadeiro fora de contexto ou exagerado,False,
https://piaui.folha.uol.com.br/lupa/2020/12/04/verificamos-vacina-covid-19-infertilidade-mulheres/,lupa,2020-12-04,['FALSO'],1,falso,falso,False,falso,False,
https://piaui.folha.uol.com.br/lupa/2020/12/04/verificamos-australia-ivermectina/,lupa,2020-12-04,['FALSO'],1,falso,falso,False,falso,False,
https://piaui.folha.uol.com.br/lupa/2020/12/04/verificacao-boulos-internado-hospital-albert-einstein/,lupa,2020-12-04,['FALSO'],1,falso,falso,False,falso,False,
https://piaui.folha.uol.com.br/lupa/2020/12/04/verificamos-voluntaria-feridas-vacina/,lupa,2020-12-04,['FALSO'],1,falso,falso,False,falso,False,
https://piaui.folha.uol.com.br/lupa/2020/12/03/verificamos-agua-coronavirus/,lupa,2020-12-03,['FALSO'],1,falso,falso,False,falso,False,
https://piaui.folha.uol.com.br/lupa/2020/12/03/verificamos-vacina-covid-dna/,lupa,2020-12-03,"['FALSO', 'FALSO', 'VERDADEIRO, MAS', 'FALSO', 'FALSO']",5,"falso|falso|verdadeiro, mas|falso|falso",falso|falso|verdadeiro fora de contexto ou exagerado|falso|falso,True,,False,
https://piaui.folha.uol.com.br/lupa/2020/12/03/caiu-na-rede-intervencao-cirurgica/,lupa,2020-12-03,['VERDADEIRO'],1,verdadeiro,verdadeiro,False,verdadeiro,False,
https://piaui.folha.uol.com.br/lupa/2020/12/02/verificamos-miguel-falabella-morreu-covid-19/,lupa,2020-12-02,"['VERDADEIRO, MAS']",1,"verdadeiro, mas",verdadeiro fora de contexto ou exagerado,False,verdadeiro fora de contexto ou exagerado,False,
https://piaui.folha.uol.com.br/lupa/2020/12/02/verificamos-pm-baleado-criciuma/,lupa,2020-12-02,['FALSO'],1,falso,falso,False,falso,False,
https://piaui.folha.uol.com.br/lupa/2020/12/02/verificamos-fim-do-ifood-para-ios-vale-para-entregadores/,lupa,2020-12-02,"['VERDADEIRO, MAS']",1,"verdadeiro, mas",verdadeiro fora de contexto ou exagerado,False,verdadeiro fora de contexto ou exagerado,False,
https://piaui.folha.uol.com.br/lupa/2020/12/02/caiu-na-rede-bolsonaro-emergencia-covid/,lupa,2020-12-02,"['VERDADEIRO, MAS']",1,"verdadeiro, mas",verdadeiro fora de contexto ou exagerado,False,verdadeiro fora de contexto ou exagerado,False,
https://piaui.folha.uol.com.br/lupa/2020/12/02/caiu-na-rede-covid-vacina-china/,lupa,2020-12-02,['FALSO'],1,falso,falso,False,falso,False,
https://piaui.folha.uol.com.br/lupa/2020/12/01/verificamos-cloroquina-ivermectina-previnem-covid-19/,lupa,2020-12-01,"['FALSO', 'FALSO', 'FALSO']",3,falso|falso|falso,falso|falso|falso,False,falso,False,
https://piaui.folha.uol.com.br/lupa/2020/12/01/verificamos-decreto-baixada-santista/,lupa,2020-12-01,['FALSO'],1,falso,falso,False,falso,False,
https://piaui.folha.uol.com.br/lupa/2020/12/01/verificamos-audio-whatsapp/,lupa,2020-12-01,"['FALSO', 'FALSO', 'VERDADEIRO, MAS', 'FALSO']",4,"falso|falso|verdadeiro, mas|falso",falso|falso|verdadeiro fora de contexto ou exagerado|falso,True,,False,
https://piaui.folha.uol.com.br/lupa/2020/12/01/verificamos-horarios-de-funcionamento-fase-amarela-sp/,lupa,2020-12-01,['FALSO'],1,falso,falso,False,falso,False,
https://piaui.folha.uol.com.br/lupa/2020/12/01/verificamos-vacinas-controlar-pandemias/,lupa,2020-12-01,"['FALSO', 'AINDA É CEDO PARA DIZER', 'FALSO']",3,falso|ainda e cedo para dizer|falso,falso|nao_mapeavel|falso,True,,False,
https://piaui.folha.uol.com.br/lupa/2019/08/13/verificamos-jornalista-araraquara/,lupa,2019-08-13,['FALSO'],1,falso,falso,False,falso,False,
https://piaui.folha.uol.com.br/lupa/2019/08/03/weintraub-universidade-aspirina/,lupa,2019-08-03,"['FALSO', 'FALSO', 'VERDADEIRO, MAS', 'FALSO', 'FALSO', 'INSUSTENTÁVEL', 'VERDADEIRO', 'VERDADEIRO']",8,"falso|falso|verdadeiro, mas|falso|falso|insustentavel|verdadeiro|verdadeiro",falso|falso|verdadeiro fora de contexto ou exagerado|falso|falso|nao_mapeavel|verdadeiro|verdadeiro,True,,False,
https://piaui.folha.uol.com.br/lupa/2016/01/27/dilma-erra-ao-falar-de-aedes-aegypti/,lupa,2016-01-27,['FALSO'],1,falso,falso,False,falso,False,
https://piaui.folha.uol.com.br/lupa/2016/01/12/ao-defender-gasto-olimpico-paes-exagera-dados-de-saude-e-educacao/,lupa,2016-01-12,['EXAGERADO'],1,exagerado,verdadeiro fora de contexto ou exagerado,False,verdadeiro fora de contexto ou exagerado,False,
https://piaui.folha.uol.com.br/lupa/2016/01/06/hospital-da-mulher-em-crise-um-ano-depois-da-posse/,lupa,2016-01-06,['DE OLHO'],1,de olho,nao_mapeavel,False,nao_mapeavel,False,
https://piaui.folha.uol.com.br/lupa/2018/07/26/alckmin-roda-viva/,lupa,2018-07-26,"['EXAGERADO', 'EXAGERADO', 'EXAGERADO', 'VERDADEIRO, MAS', 'VERDADEIRO', 'VERDADEIRO', 'VERDADEIRO']",7,"exagerado|exagerado|exagerado|verdadeiro, mas|verdadeiro|verdadeiro|verdadeiro",verdadeiro fora de contexto ou exagerado|verdadeiro fora de contexto ou exagerado|verdadeiro fora de contexto ou exagerado|verdadeiro fora de contexto ou exagerado|verdadeiro|verdadeiro|verdadeiro,True,,False,
https://piaui.folha.uol.com.br/lupa/2018/07/11/verificamos-deixar-vacinar/,lupa,2018-07-11,['VERDADEIRO'],1,verdadeiro,verdadeiro,False,verdadeiro,False,
https://piaui.folha.uol.com.br/lupa/2018/07/10/verificamos-video-resgate-tailandia/,lupa,2018-07-10,['FALSO'],1,falso,falso,False,falso,False,
https://piaui.folha.uol.com.br/lupa/2018/07/04/mitos-e-verdades-sarampo/,lupa,2018-07-04,"['VERDADEIRO', 'VERDADEIRO', 'VERDADEIRO', 'VERDADEIRO', 'VERDADEIRO', 'FALSO', 'FALSO', 'FALSO', 'FALSO']",9,verdadeiro|verdadeiro|verdadeiro|verdadeiro|verdadeiro|falso|falso|falso|falso,verdadeiro|verdadeiro|verdadeiro|verdadeiro|verdadeiro|falso|falso|falso|falso,True,,False,
https://piaui.folha.uol.com.br/lupa/2016/02/29/microcefalia-estados-e-ministerio-da-saude-possuem-dados-diferentes/,lupa,2016-02-29,['FALSO'],1,falso,falso,False,falso,False,
https://piaui.folha.uol.com.br/lupa/2016/02/16/ministro-da-saude-tem-mais-certeza-que-oms-sobre-zika/,lupa,2016-02-16,['AINDA É CEDO PARA DIZER'],1,ainda e cedo para dizer,nao_mapeavel,False,nao_mapeavel,False,
https://piaui.folha.uol.com.br/lupa/2016/02/02/no-congresso-dilma-erra-ao-falar-sobre-zika/,lupa,2016-02-02,['FALSO'],1,falso,falso,False,falso,False,
https://piaui.folha.uol.com.br/lupa/2019/11/29/verificamos-tecnico-flamengo-doou-milhao-inca/,lupa,2019-11-29,['FALSO'],1,falso,falso,False,falso,False,
https://piaui.folha.uol.com.br/lupa/2019/11/25/verificamos-dolares-pf/,lupa,2019-11-25,['FALSO'],1,falso,falso,False,falso,False,
https://piaui.folha.uol.com.br/lupa/2019/11/15/novembro-azul-cancer/,lupa,2019-11-15,"['FALSO', 'EXAGERADO', 'VERDADEIRO', 'VERDADEIRO', 'VERDADEIRO']",5,falso|exagerado|verdadeiro|verdadeiro|verdadeiro,falso|verdadeiro fora de contexto ou exagerado|verdadeiro|verdadeiro|verdadeiro,True,,False,
https://piaui.folha.uol.com.br/lupa/2019/11/14/verificamos-trf-4-gabriela-hardt/,lupa,2019-11-14,['FALSO'],1,falso,falso,False,falso,False,
https://piaui.folha.uol.com.br/lupa/2019/11/07/verificamos-video-tia-marielle-franco/,lupa,2019-11-07,"['FALSO', 'EXAGERADO', 'AINDA É CEDO PARA DIZER', 'FALSO', 'FALSO', 'FALSO']",6,falso|exagerado|ainda e cedo para dizer|falso|falso|falso,falso|verdadeiro fora de contexto ou exagerado|nao_mapeavel|falso|falso|falso,True,,False,
https://piaui.folha.uol.com.br/lupa/2018/08/17/debate-band-sp-1-turno/,lupa,2018-08-17,"['FALSO', 'EXAGERADO', 'EXAGERADO', 'EXAGERADO', 'CONTRADITÓRIO', 'FALSO', 'FALSO']",7,falso|exagerado|exagerado|exagerado|contraditorio|falso|falso,falso|verdadeiro fora de contexto ou exagerado|verdadeiro fora de contexto ou exagerado|verdadeiro fora de contexto ou exagerado|nao_mapeavel|falso|falso,True,,False,
https://piaui.folha.uol.com.br/lupa/2017/02/26/mitos-do-carnaval-sexo/,lupa,2017-02-26,"['FALSO', 'EXAGERADO', 'VERDADEIRO, MAS']",3,"falso|exagerado|verdadeiro, mas",falso|verdadeiro fora de contexto ou exagerado|verdadeiro fora de contexto ou exagerado,True,,False,
https://piaui.folha.uol.com.br/lupa/2017/02/26/mitos-do-carnaval-bebida/,lupa,2017-02-26,"['VERDADEIRO', 'VERDADEIRO', 'FALSO']",3,verdadeiro|verdadeiro|falso,verdadeiro|verdadeiro|falso,True,,False,
https://piaui.folha.uol.com.br/lupa/2017/02/26/mitos-do-carnaval-enfeites/,lupa,2017-02-26,"['FALSO', 'FALSO', 'FALSO']",3,falso|falso|falso,falso|falso|falso,False,falso,False,
https://piaui.folha.uol.com.br/lupa/2017/02/25/mitos-do-carnaval-sirio-libanes/,lupa,2017-02-25,"['FALSO', 'FALSO', 'FALSO', 'EXAGERADO', 'EXAGERADO', 'EXAGERADO', 'VERDADEIRO', 'VERDADEIRO', 'VERDADEIRO', 'VERDADEIRO']",10,falso|falso|falso|exagerado|exagerado|exagerado|verdadeiro|verdadeiro|verdadeiro|verdadeiro,falso|falso|falso|verdadeiro fora de contexto ou exagerado|verdadeiro fora de contexto ou exagerado|verdadeiro fora de contexto ou exagerado|verdadeiro|verdadeiro|verdadeiro|verdadeiro,True,,False,
https://piaui.folha.uol.com.br/lupa/2018/12/20/bolsonaro-indios/,lupa,2018-12-20,"['EXAGERADO', 'SUBESTIMADO', 'FALSO', 'VERDADEIRO, MAS', 'VERDADEIRO']",5,"exagerado|subestimado|falso|verdadeiro, mas|verdadeiro",verdadeiro fora de contexto ou exagerado|verdadeiro fora de contexto ou exagerado|falso|verdadeiro fora de contexto ou exagerado|verdadeiro,True,,False,
https://piaui.folha.uol.com.br/lupa/2018/12/17/verificamos-patricia-campos-mello-condenada-bolsonaro/,lupa,2018-12-17,['FALSO'],1,falso,falso,False,falso,False,
https://piaui.folha.uol.com.br/lupa/2018/12/10/verificamos-che-guevara/,lupa,2018-12-10,['FALSO'],1,falso,falso,False,falso,False,
https://piaui.folha.uol.com.br/lupa/2018/12/07/verificamos-seguranca-carrefour-agredido-osasco/,lupa,2018-12-07,['FALSO'],1,falso,falso,False,falso,False,
https://piaui.folha.uol.com.br/lupa/2019/04/17/verificamos-atirador-mirim/,lupa,2019-04-17,['FALSO'],1,falso,falso,False,falso,False,
https://piaui.folha.uol.com.br/lupa/2019/04/17/verificamos-lista-bolsonaro/,lupa,2019-04-17,"['EXAGERADO', 'FALSO', 'FALSO', 'FALSO', 'VERDADEIRO', 'EXAGERADO', 'DE OLHO', 'FALSO', 'VERDADEIRO, MAS', 'AINDA É CEDO PARA DIZER', 'AINDA É CEDO PARA DIZER', 'FALSO', 'AINDA É CEDO PARA DIZER', 'AINDA É CEDO PARA DIZER', 'FALSO', 'VERDADEIRO', 'FALSO', 'FALSO', 'AINDA É CEDO PARA DIZER', 'AINDA É CEDO PARA DIZER', 'EXAGERADO', 'FALSO', 'VERDADEIRO', 'VERDADEIRO', 'VERDADEIRO', 'FALSO', 'VERDADEIRO']",27,"exagerado|falso|falso|falso|verdadeiro|exagerado|de olho|falso|verdadeiro, mas|ainda e cedo para dizer|ainda e cedo para dizer|falso|ainda e cedo para dizer|ainda e cedo para dizer|falso|verdadeiro|falso|falso|ainda e cedo para dizer|ainda e cedo para dizer|exagerado|falso|verdadeiro|verdadeiro|verdadeiro|falso|verdadeiro",verdadeiro fora de contexto ou exagerado|falso|falso|falso|verdadeiro|verdadeiro fora de contexto ou exagerado|nao_mapeavel|falso|verdadeiro fora de contexto ou exagerado|nao_mapeavel|nao_mapeavel|falso|nao_mapeavel|nao_mapeavel|falso|verdadeiro|falso|falso|nao_mapeavel|nao_mapeavel|verdadeiro fora de contexto ou exagerado|falso|verdadeiro|verdadeiro|verdadeiro|falso|verdadeiro,True,,True,"compilado periódico de agência: 27 vereditos num registro, acima do limite de 20. Não é mensagem que alguém receberia, logo não serve de estímulo de teste com usuário."
https://piaui.folha.uol.com.br/lupa/2019/04/15/verificamos-drauzio-varella-agua-gelada/,lupa,2019-04-15,['FALSO'],1,falso,falso,False,falso,False,
https://piaui.folha.uol.com.br/lupa/2019/04/08/deputados-previdencia-guedes/,lupa,2019-04-08,"['FALSO', 'VERDADEIRO', 'EXAGERADO', 'FALSO', 'FALSO', 'FALSO', 'SUBESTIMADO']",7,falso|verdadeiro|exagerado|falso|falso|falso|subestimado,falso|verdadeiro|verdadeiro fora de contexto ou exagerado|falso|falso|falso|verdadeiro fora de contexto ou exagerado,True,,False,
https://piaui.folha.uol.com.br/lupa/2019/04/03/bolsonaro-desemprego-ibge/,lupa,2019-04-03,"['VERDADEIRO, MAS', 'FALSO', 'EXAGERADO', 'FALSO']",4,"verdadeiro, mas|falso|exagerado|falso",verdadeiro fora de contexto ou exagerado|falso|verdadeiro fora de contexto ou exagerado|falso,True,,False,
https://piaui.folha.uol.com.br/lupa/2019/04/01/verificamos-lula-militares-1964/,lupa,2019-04-01,['FALSO'],1,falso,falso,False,falso,False,
https://piaui.folha.uol.com.br/lupa/2021/01/28/verificamos-mourao-artigo-estadao/,lupa,2021-01-28,['FALSO'],1,falso,falso,False,falso,False,
https://piaui.folha.uol.com.br/lupa/2021/01/28/verificamos-irlanda-vacina-covid/,lupa,2021-01-28,['FALSO'],1,falso,falso,False,falso,False,
https://piaui.folha.uol.com.br/lupa/2021/01/27/verificamos-lei-rouanet-15-bilhoes-saude-educacao/,lupa,2021-01-27,['FALSO'],1,falso,falso,False,falso,False,
https://piaui.folha.uol.com.br/lupa/2021/01/27/verificamos-oms-testes-pcr/,lupa,2021-01-27,['FALSO'],1,falso,falso,False,falso,False,
https://piaui.folha.uol.com.br/lupa/2021/01/27/verificamos-vacina-presidente-figueiredo/,lupa,2021-01-27,['FALSO'],1,falso,falso,False,falso,False,
https://piaui.folha.uol.com.br/lupa/2021/01/26/verificamos-filho-lula-sinovac/,lupa,2021-01-26,['FALSO'],1,falso,falso,False,falso,False,
https://piaui.folha.uol.com.br/lupa/2021/01/26/verificamos-fernanda-torres-abreviar-governo/,lupa,2021-01-26,['FALSO'],1,falso,falso,False,falso,False,
https://piaui.folha.uol.com.br/lupa/2021/01/25/verificamos-amapa-taxa-letalidade-covid-19/,lupa,2021-01-25,"['VERDADEIRO', 'FALSO']",2,verdadeiro|falso,verdadeiro|falso,True,,False,
https://piaui.folha.uol.com.br/lupa/2021/01/25/verificamos-hidroxicloroquina-lancet/,lupa,2021-01-25,"['VERDADEIRO, MAS']",1,"verdadeiro, mas",verdadeiro fora de contexto ou exagerado,False,verdadeiro fora de contexto ou exagerado,False,
https://piaui.folha.uol.com.br/lupa/2021/01/25/verificamos-biden-cloroquina-eficaz/,lupa,2021-01-25,['FALSO'],1,falso,falso,False,falso,False,
https://piaui.folha.uol.com.br/lupa/2021/01/22/verificamos-estados-unidos-recomendar-hidroxicloroquina/,lupa,2021-01-22,['FALSO'],1,falso,falso,False,falso,False,
https://piaui.folha.uol.com.br/lupa/2021/01/22/verificamos-enfermeiras-paraty-coronavac/,lupa,2021-01-22,['FALSO'],1,falso,falso,False,falso,False,
https://piaui.folha.uol.com.br/lupa/2021/01/22/verificamos-carlos-bolsonaro-vacina/,lupa,2021-01-22,['FALSO'],1,falso,falso,False,falso,False,
https://piaui.folha.uol.com.br/lupa/2021/01/22/verificamos-ivermectina-liverpool/,lupa,2021-01-22,"['EXAGERADO', 'FALSO']",2,exagerado|falso,verdadeiro fora de contexto ou exagerado|falso,True,,False,
https://piaui.folha.uol.com.br/lupa/2021/01/20/verificamos-jovem-vacinado-disfarce/,lupa,2021-01-20,['FALSO'],1,falso,falso,False,falso,False,
https://piaui.folha.uol.com.br/lupa/2021/01/19/verificamos-angelica-vacina-covid/,lupa,2021-01-19,['FALSO'],1,falso,falso,False,falso,False,
https://piaui.folha.uol.com.br/lupa/2021/01/19/verificamos-doria-criancas-vacinadas/,lupa,2021-01-19,['FALSO'],1,falso,falso,False,falso,False,
https://piaui.folha.uol.com.br/lupa/2021/01/19/verificamos-audio-whatsapp-vacina-hiv-cachorros-pcr/,lupa,2021-01-19,"['FALSO', 'FALSO', 'FALSO', 'FALSO', 'FALSO', 'FALSO', 'FALSO', 'FALSO']",8,falso|falso|falso|falso|falso|falso|falso|falso,falso|falso|falso|falso|falso|falso|falso|falso,False,falso,False,
https://piaui.folha.uol.com.br/lupa/2021/01/18/bolsonaro-pazuello-contradicao/,lupa,2021-01-18,"['CONTRADITÓRIO', 'CONTRADITÓRIO', 'CONTRADITÓRIO', 'CONTRADITÓRIO']",4,contraditorio|contraditorio|contraditorio|contraditorio,nao_mapeavel|nao_mapeavel|nao_mapeavel|nao_mapeavel,False,nao_mapeavel,False,
https://piaui.folha.uol.com.br/lupa/2021/01/18/verificamos-monica-calazans-placebo/,lupa,2021-01-18,['FALSO'],1,falso,falso,False,falso,False,
https://piaui.folha.uol.com.br/lupa/2021/01/15/bolsonaro-live-pazuello-covid-19/,lupa,2021-01-15,"['FALSO', 'VERDADEIRO', 'FALSO', 'INSUSTENTÁVEL', 'FALSO', 'CONTRADITÓRIO', 'FALSO', 'FALSO']",8,falso|verdadeiro|falso|insustentavel|falso|contraditorio|falso|falso,falso|verdadeiro|falso|nao_mapeavel|falso|nao_mapeavel|falso|falso,True,,False,
https://piaui.folha.uol.com.br/lupa/2021/01/13/verificamos-pfizer-vacina-china/,lupa,2021-01-13,['FALSO'],1,falso,falso,False,falso,False,
https://piaui.folha.uol.com.br/lupa/2021/01/12/verificamos-cadastro-sus/,lupa,2021-01-12,['EXAGERADO'],1,exagerado,verdadeiro fora de contexto ou exagerado,False,verdadeiro fora de contexto ou exagerado,False,
https://piaui.folha.uol.com.br/lupa/2021/01/12/verificamos-pix-banco-central/,lupa,2021-01-12,['FALSO'],1,falso,falso,False,falso,False,
https://piaui.folha.uol.com.br/lupa/2021/01/08/verificamos-washington-post-vacina/,lupa,2021-01-08,"['FALSO', 'FALSO']",2,falso|falso,falso|falso,False,falso,False,
https://piaui.folha.uol.com.br/lupa/2021/01/07/verificamos-video-vacinacao-israel/,lupa,2021-01-07,['FALSO'],1,falso,falso,False,falso,False,
https://piaui.folha.uol.com.br/lupa/2021/01/07/verificamos-soro-vital-brazil/,lupa,2021-01-07,['FALSO'],1,falso,falso,False,falso,False,
https://piaui.folha.uol.com.br/lupa/2021/01/06/verificamos-mortes-2020-2019/,lupa,2021-01-06,['FALSO'],1,falso,falso,False,falso,False,
https://piaui.folha.uol.com.br/lupa/2021/01/05/verificamos-caetano-coronavirus/,lupa,2021-01-05,['FALSO'],1,falso,falso,False,falso,False,
https://piaui.folha.uol.com.br/lupa/2021/01/05/verificamos-estudo-vacina-fertilidade/,lupa,2021-01-05,['FALSO'],1,falso,falso,False,falso,False,
https://piaui.folha.uol.com.br/lupa/2021/01/05/verificamos-vice-eua-vacina/,lupa,2021-01-05,['FALSO'],1,falso,falso,False,falso,False,
https://piaui.folha.uol.com.br/lupa/2021/01/05/verificamos-renata-vasconcellos-mascara/,lupa,2021-01-05,['FALSO'],1,falso,falso,False,falso,False,
https://piaui.folha.uol.com.br/lupa/2021/01/04/verificamos-cristina-kirchner-vacina/,lupa,2021-01-04,['FALSO'],1,falso,falso,False,falso,False,
https://piaui.folha.uol.com.br/lupa/2021/01/04/verificamos-argentina-vacina-covid/,lupa,2021-01-04,['FALSO'],1,falso,falso,False,falso,False,
https://piaui.folha.uol.com.br/lupa/2021/01/15/verificamos-white-martins-oxigenio-amazonas/,lupa,2021-01-15,"['FALSO', 'FALSO']",2,falso|falso,falso|falso,False,falso,False,
https://piaui.folha.uol.com.br/lupa/2021/01/11/verificamos-mortes-aids-covid-19-2020/,lupa,2021-01-11,['FALSO'],1,falso,falso,False,falso,False,
https://piaui.folha.uol.com.br/lupa/2017/03/14/crivella-corta-32-bilhoes-do-orcamento-municipal-so-da-saude-500-milhoes/,lupa,2017-03-14,['CONTRADITÓRIO'],1,contraditorio,nao_mapeavel,False,nao_mapeavel,False,
https://piaui.folha.uol.com.br/lupa/2017/03/11/vaca-louca-em-niteroi/,lupa,2017-03-11,"['FALSO', 'VERDADEIRO', 'FALSO', 'FALSO']",4,falso|verdadeiro|falso|falso,falso|verdadeiro|falso|falso,True,,False,
https://piaui.folha.uol.com.br/lupa/2021/04/16/verificamos-estudo-prefeitura-sorocaba-tratamento-precoce/,lupa,2021-04-16,['EXAGERADO'],1,exagerado,verdadeiro fora de contexto ou exagerado,False,verdadeiro fora de contexto ou exagerado,False,
https://piaui.folha.uol.com.br/lupa/2021/04/15/verificamos-senado-italiano-tratamento-precoce/,lupa,2021-04-15,['FALSO'],1,falso,falso,False,falso,False,
https://piaui.folha.uol.com.br/lupa/2021/04/15/verificamos-adelio-pericia-celular/,lupa,2021-04-15,['FALSO'],1,falso,falso,False,falso,False,
https://piaui.folha.uol.com.br/lupa/2021/04/15/verificamos-prefeituras-covid/,lupa,2021-04-15,"['FALSO', 'FALSO']",2,falso|falso,falso|falso,False,falso,False,
https://piaui.folha.uol.com.br/lupa/2021/04/14/verificamos-camilo-santana-proibiu-prefeito-vacina/,lupa,2021-04-14,['EXAGERADO'],1,exagerado,verdadeiro fora de contexto ou exagerado,False,verdadeiro fora de contexto ou exagerado,False,
https://piaui.folha.uol.com.br/lupa/2021/04/13/verificamos-video-repressao-china-comunista-pandemia/,lupa,2021-04-13,['FALSO'],1,falso,falso,False,falso,False,
https://piaui.folha.uol.com.br/lupa/2021/04/13/verificamos-afastamento-fatima-bezerra/,lupa,2021-04-13,['FALSO'],1,falso,falso,False,falso,False,
https://piaui.folha.uol.com.br/lupa/2021/04/12/verificamos-ivete-almoco/,lupa,2021-04-12,['FALSO'],1,falso,falso,False,falso,False,
https://piaui.folha.uol.com.br/lupa/2021/04/12/verificamos-hepatite-cepa-coronavirus/,lupa,2021-04-12,"['FALSO', 'FALSO']",2,falso|falso,falso|falso,False,falso,False,
https://piaui.folha.uol.com.br/lupa/2021/04/09/verificamos-idosa-enterrada-viva/,lupa,2021-04-09,['FALSO'],1,falso,falso,False,falso,False,
https://piaui.folha.uol.com.br/lupa/2021/04/09/verificamos-flutamida-cura-covid-19/,lupa,2021-04-09,['FALSO'],1,falso,falso,False,falso,False,
https://piaui.folha.uol.com.br/lupa/2021/04/08/verificamos-aparecida-covid/,lupa,2021-04-08,"['FALSO', 'FALSO', 'FALSO']",3,falso|falso|falso,falso|falso|falso,False,falso,False,
https://piaui.folha.uol.com.br/lupa/2021/04/08/verificamos-lei-criminaliza-prisao-trabalhadores/,lupa,2021-04-08,['FALSO'],1,falso,falso,False,falso,False,
https://piaui.folha.uol.com.br/lupa/2021/04/08/verificamos-criador-ele-nao/,lupa,2021-04-08,['FALSO'],1,falso,falso,False,falso,False,
https://piaui.folha.uol.com.br/lupa/2021/04/07/verificamos-municipios-zeraram-mortes/,lupa,2021-04-07,['FALSO'],1,falso,falso,False,falso,False,
https://piaui.folha.uol.com.br/lupa/2021/04/06/verificamos-coronavac-aumentou-obitos-covid-19-serrana/,lupa,2021-04-06,['FALSO'],1,falso,falso,False,falso,False,
https://piaui.folha.uol.com.br/lupa/2021/04/06/verificamos-chapeco-internacoes/,lupa,2021-04-06,['FALSO'],1,falso,falso,False,falso,False,
https://piaui.folha.uol.com.br/lupa/2021/04/05/verificamos-torcedores-mascaras-gripe-espanhola/,lupa,2021-04-05,['FALSO'],1,falso,falso,False,falso,False,
https://piaui.folha.uol.com.br/lupa/2021/04/01/verificamos-drogasil-droga-raia-vacinas-covid-19/,lupa,2021-04-01,['FALSO'],1,falso,falso,False,falso,False,
https://piaui.folha.uol.com.br/lupa/2021/04/01/verificamos-cemiterio-prova-midia/,lupa,2021-04-01,['FALSO'],1,falso,falso,False,falso,False,
https://piaui.folha.uol.com.br/lupa/2021/04/01/ministro-educacao-internet-alunos/,lupa,2021-04-01,"['FALSO', 'FALSO', 'FALSO', 'FALSO', 'VERDADEIRO, MAS', 'VERDADEIRO, MAS', 'DE OLHO', 'AINDA É CEDO PARA DIZER']",8,"falso|falso|falso|falso|verdadeiro, mas|verdadeiro, mas|de olho|ainda e cedo para dizer",falso|falso|falso|falso|verdadeiro fora de contexto ou exagerado|verdadeiro fora de contexto ou exagerado|nao_mapeavel|nao_mapeavel,True,,False,
https://piaui.folha.uol.com.br/lupa/2018/06/28/verificamos-dipirona-venezuela/,lupa,2018-06-28,['FALSO'],1,falso,falso,False,falso,False,
https://piaui.folha.uol.com.br/lupa/2018/06/23/publicidade-governo-federal/,lupa,2018-06-23,"['FALSO', 'EXAGERADO', 'EXAGERADO', 'VERDADEIRO, MAS', 'VERDADEIRO']",5,"falso|exagerado|exagerado|verdadeiro, mas|verdadeiro",falso|verdadeiro fora de contexto ou exagerado|verdadeiro fora de contexto ou exagerado|verdadeiro fora de contexto ou exagerado|verdadeiro,True,,False,
https://piaui.folha.uol.com.br/lupa/2018/06/08/verificamos-cura-cancer/,lupa,2018-06-08,['FALSO'],1,falso,falso,False,falso,False,
https://piaui.folha.uol.com.br/lupa/2018/06/04/verificamos-moro/,lupa,2018-06-04,"['FALSO', 'FALSO']",2,falso|falso,falso|falso,False,falso,False,
https://piaui.folha.uol.com.br/lupa/2017/11/09/promessas-crivella-rocinha/,lupa,2017-11-09,"['VERDADEIRO, MAS', 'VERDADEIRO, MAS']",2,"verdadeiro, mas|verdadeiro, mas",verdadeiro fora de contexto ou exagerado|verdadeiro fora de contexto ou exagerado,False,verdadeiro fora de contexto ou exagerado,False,
https://piaui.folha.uol.com.br/lupa/2017/04/06/vacina-febre-amarela-3-anos/,lupa,2017-04-06,['FALSO'],1,falso,falso,False,falso,False,
https://piaui.folha.uol.com.br/lupa/2017/04/05/dilma-rousseff-marcelo-odebrecht/,lupa,2017-04-05,"['VERDADEIRO, MAS', 'DE OLHO', 'VERDADEIRO', 'DE OLHO']",4,"verdadeiro, mas|de olho|verdadeiro|de olho",verdadeiro fora de contexto ou exagerado|nao_mapeavel|verdadeiro|nao_mapeavel,True,,False,
https://piaui.folha.uol.com.br/lupa/2018/03/01/pezao-seguranca-criminalidade/,lupa,2018-03-01,['EXAGERADO'],1,exagerado,verdadeiro fora de contexto ou exagerado,False,verdadeiro fora de contexto ou exagerado,False,
https://piaui.folha.uol.com.br/lupa/2019/07/27/doria-pcc-faccao-presidios/,lupa,2019-07-27,"['EXAGERADO', 'VERDADEIRO, MAS', 'VERDADEIRO, MAS', 'VERDADEIRO', 'VERDADEIRO, MAS', 'VERDADEIRO', 'VERDADEIRO']",7,"exagerado|verdadeiro, mas|verdadeiro, mas|verdadeiro|verdadeiro, mas|verdadeiro|verdadeiro",verdadeiro fora de contexto ou exagerado|verdadeiro fora de contexto ou exagerado|verdadeiro fora de contexto ou exagerado|verdadeiro|verdadeiro fora de contexto ou exagerado|verdadeiro|verdadeiro,True,,False,
https://piaui.folha.uol.com.br/lupa/2019/07/24/vacina-contaminacao-sarampo/,lupa,2019-07-24,"['VERDADEIRO', 'FALSO', 'VERDADEIRO', 'VERDADEIRO', 'FALSO', 'FALSO', 'VERDADEIRO', 'FALSO', 'VERDADEIRO', 'FALSO', 'VERDADEIRO']",11,verdadeiro|falso|verdadeiro|verdadeiro|falso|falso|verdadeiro|falso|verdadeiro|falso|verdadeiro,verdadeiro|falso|verdadeiro|verdadeiro|falso|falso|verdadeiro|falso|verdadeiro|falso|verdadeiro,True,,False,
https://piaui.folha.uol.com.br/lupa/2019/07/23/verificamos-bolsonaro-retirou-insulina-sus/,lupa,2019-07-23,['FALSO'],1,falso,falso,False,falso,False,
https://piaui.folha.uol.com.br/lupa/2019/07/23/maconha-uso-medicinal-osmar/,lupa,2019-07-23,"['SUBESTIMADO', 'VERDADEIRO, MAS', 'INSUSTENTÁVEL', 'AINDA É CEDO PARA DIZER', 'SUBESTIMADO', 'EXAGERADO', 'VERDADEIRO, MAS', 'VERDADEIRO, MAS', 'VERDADEIRO', 'VERDADEIRO, MAS']",10,"subestimado|verdadeiro, mas|insustentavel|ainda e cedo para dizer|subestimado|exagerado|verdadeiro, mas|verdadeiro, mas|verdadeiro|verdadeiro, mas",verdadeiro fora de contexto ou exagerado|verdadeiro fora de contexto ou exagerado|nao_mapeavel|nao_mapeavel|verdadeiro fora de contexto ou exagerado|verdadeiro fora de contexto ou exagerado|verdadeiro fora de contexto ou exagerado|verdadeiro fora de contexto ou exagerado|verdadeiro|verdadeiro fora de contexto ou exagerado,True,,False,
https://piaui.folha.uol.com.br/lupa/2019/07/15/verificamos-porco-coracao/,lupa,2019-07-15,['FALSO'],1,falso,falso,False,falso,False,
https://piaui.folha.uol.com.br/lupa/2019/07/03/verificamos-bolsonaro-sargento-cocaina/,lupa,2019-07-03,['FALSO'],1,falso,falso,False,falso,False,
https://piaui.folha.uol.com.br/lupa/2019/05/31/verificamos-agnaldo-timoteo-morte/,lupa,2019-05-31,['FALSO'],1,falso,falso,False,falso,False,
https://piaui.folha.uol.com.br/lupa/2019/05/29/ministro-saude-vacinacao/,lupa,2019-05-29,"['FALSO', 'FALSO', 'FALSO', 'VERDADEIRO, MAS', 'VERDADEIRO', 'VERDADEIRO']",6,"falso|falso|falso|verdadeiro, mas|verdadeiro|verdadeiro",falso|falso|falso|verdadeiro fora de contexto ou exagerado|verdadeiro|verdadeiro,True,,False,
https://piaui.folha.uol.com.br/lupa/2019/05/24/verificamos-aluno-arma-amazonas/,lupa,2019-05-24,['FALSO'],1,falso,falso,False,falso,False,
https://piaui.folha.uol.com.br/lupa/2019/05/23/verificamos-banana-hiv-aids/,lupa,2019-05-23,['FALSO'],1,falso,falso,False,falso,False,
https://piaui.folha.uol.com.br/lupa/2019/05/17/camara-weintraub-educacao/,lupa,2019-05-17,"['FALSO', 'FALSO', 'EXAGERADO', 'EXAGERADO', 'SUBESTIMADO', 'VERDADEIRO', 'VERDADEIRO', 'VERDADEIRO']",8,falso|falso|exagerado|exagerado|subestimado|verdadeiro|verdadeiro|verdadeiro,falso|falso|verdadeiro fora de contexto ou exagerado|verdadeiro fora de contexto ou exagerado|verdadeiro fora de contexto ou exagerado|verdadeiro|verdadeiro|verdadeiro,True,,False,
https://piaui.folha.uol.com.br/lupa/2019/05/11/osmar-terra-roda-viva/,lupa,2019-05-11,"['FALSO', 'EXAGERADO', 'EXAGERADO', 'EXAGERADO', 'VERDADEIRO', 'VERDADEIRO, MAS']",6,"falso|exagerado|exagerado|exagerado|verdadeiro|verdadeiro, mas",falso|verdadeiro fora de contexto ou exagerado|verdadeiro fora de contexto ou exagerado|verdadeiro fora de contexto ou exagerado|verdadeiro|verdadeiro fora de contexto ou exagerado,True,,False,
https://piaui.folha.uol.com.br/lupa/2019/05/09/verificamos-hiv-pepsi/,lupa,2019-05-09,['FALSO'],1,falso,falso,False,falso,False,
https://piaui.folha.uol.com.br/lupa/2019/05/07/verificamos-ovo-pele/,lupa,2019-05-07,['FALSO'],1,falso,falso,False,falso,False,
https://piaui.folha.uol.com.br/lupa/2019/05/02/verificamos-bicarbonato-de-sodio-cura-cancer/,lupa,2019-05-02,['FALSO'],1,falso,falso,False,falso,False,
https://piaui.folha.uol.com.br/lupa/2019/05/22/verificamos-maduro-bolsonaro/,lupa,2019-05-22,['FALSO'],1,falso,falso,False,falso,False,
https://piaui.folha.uol.com.br/lupa/2018/11/28/saude-mandetta-medicina-no-brasil/,lupa,2018-11-28,"['FALSO', 'FALSO', 'FALSO', 'FALSO', 'EXAGERADO', 'INSUSTENTÁVEL', 'VERDADEIRO', 'VERDADEIRO']",8,falso|falso|falso|falso|exagerado|insustentavel|verdadeiro|verdadeiro,falso|falso|falso|falso|verdadeiro fora de contexto ou exagerado|nao_mapeavel|verdadeiro|verdadeiro,True,,False,
https://piaui.folha.uol.com.br/lupa/2018/11/23/verificamos-laurita-lula-abdelmassih/,lupa,2018-11-23,"['VERDADEIRO', 'EXAGERADO']",2,verdadeiro|exagerado,verdadeiro|verdadeiro fora de contexto ou exagerado,True,,False,
https://piaui.folha.uol.com.br/lupa/2018/11/22/verificamos-mccartney-lula/,lupa,2018-11-22,['FALSO'],1,falso,falso,False,falso,False,
https://piaui.folha.uol.com.br/lupa/2018/11/19/verificamos-bolsonaro-emenda-medicos/,lupa,2018-11-19,['VERDADEIRO'],1,verdadeiro,verdadeiro,False,verdadeiro,False,
https://piaui.folha.uol.com.br/lupa/2018/11/14/cuba-mais-medicos-erros-acertos/,lupa,2018-11-14,"['EXAGERADO', 'FALSO', 'VERDADEIRO', 'VERDADEIRO', 'FALSO']",5,exagerado|falso|verdadeiro|verdadeiro|falso,verdadeiro fora de contexto ou exagerado|falso|verdadeiro|verdadeiro|falso,True,,False,
https://piaui.folha.uol.com.br/lupa/2018/11/08/lula-nao-detem-acoes-folha/,lupa,2018-11-08,['FALSO'],1,falso,falso,False,falso,False,
https://piaui.folha.uol.com.br/lupa/2018/11/08/bolsonaro-datena-bolsa-familia/,lupa,2018-11-08,"['FALSO', 'SUBESTIMADO', 'FALSO', 'EXAGERADO', 'VERDADEIRO', 'VERDADEIRO']",6,falso|subestimado|falso|exagerado|verdadeiro|verdadeiro,falso|verdadeiro fora de contexto ou exagerado|falso|verdadeiro fora de contexto ou exagerado|verdadeiro|verdadeiro,True,,False,
https://piaui.folha.uol.com.br/lupa/2018/11/07/verificamos-dipirona-venezuela-2/,lupa,2018-11-07,['FALSO'],1,falso,falso,False,falso,False,
https://piaui.folha.uol.com.br/lupa/2018/11/04/verificamos-enem-nao-foi-cancelado-norte-nordeste/,lupa,2018-11-04,['FALSO'],1,falso,falso,False,falso,False,
https://piaui.folha.uol.com.br/lupa/2018/11/03/verificamos-enem-android-horario-verao-google/,lupa,2018-11-03,['VERDADEIRO'],1,verdadeiro,verdadeiro,False,verdadeiro,False,
https://piaui.folha.uol.com.br/lupa/2018/11/20/verificamos-cuba-medicina/,lupa,2018-11-20,"['FALSO', 'FALSO']",2,falso|falso,falso|falso,False,falso,False,
https://piaui.folha.uol.com.br/lupa/2017/06/02/crack-e-possivel-vencer/,lupa,2017-06-02,"['FALSO', 'FALSO', 'FALSO', 'FALSO', 'FALSO', 'VERDADEIRO', 'VERDADEIRO, MAS']",7,"falso|falso|falso|falso|falso|verdadeiro|verdadeiro, mas",falso|falso|falso|falso|falso|verdadeiro|verdadeiro fora de contexto ou exagerado,True,,False,
https://piaui.folha.uol.com.br/lupa/2020/09/30/verificamos-manuela-davila-tatuagens-che-guevara-lenin/,lupa,2020-09-30,['FALSO'],1,falso,falso,False,falso,False,
https://piaui.folha.uol.com.br/lupa/2020/09/30/caiu-na-rede-bebe-ressuscita-oracao/,lupa,2020-09-30,['FALSO'],1,falso,falso,False,falso,False,
https://piaui.folha.uol.com.br/lupa/2020/09/30/caiu-na-rede-cerveja-retarda-envelhecimento/,lupa,2020-09-30,['VERDADEIRO'],1,verdadeiro,verdadeiro,False,verdadeiro,False,
https://piaui.folha.uol.com.br/lupa/2020/09/30/caiu-na-rede-fiocruz-festividades-pandemia/,lupa,2020-09-30,['FALSO'],1,falso,falso,False,falso,False,
https://piaui.folha.uol.com.br/lupa/2020/09/29/verificamos-gripe-mortal-covid/,lupa,2020-09-29,"['EXAGERADO', 'FALSO', 'VERDADEIRO, MAS', 'VERDADEIRO', 'FALSO']",5,"exagerado|falso|verdadeiro, mas|verdadeiro|falso",verdadeiro fora de contexto ou exagerado|falso|verdadeiro fora de contexto ou exagerado|verdadeiro|falso,True,,False,
https://piaui.folha.uol.com.br/lupa/2020/09/29/verificamos-vacina-material-genetico-coronavirus/,lupa,2020-09-29,['FALSO'],1,falso,falso,False,falso,False,
https://piaui.folha.uol.com.br/lupa/2020/09/28/verificamos-bill-gates-vacina-dna/,lupa,2020-09-28,['FALSO'],1,falso,falso,False,falso,False,
https://piaui.folha.uol.com.br/lupa/2020/09/23/verificamos-bolsonaro-aprovacao-onu/,lupa,2020-09-23,"['FALSO', 'FALSO']",2,falso|falso,falso|falso,False,falso,False,
https://piaui.folha.uol.com.br/lupa/2020/09/23/verificamos-argentina-mortos-proporcionais-covid-19/,lupa,2020-09-23,['FALSO'],1,falso,falso,False,falso,False,
https://piaui.folha.uol.com.br/lupa/2020/09/23/caiu-na-rede-fluor-pineal/,lupa,2020-09-23,['FALSO'],1,falso,falso,False,falso,False,
https://piaui.folha.uol.com.br/lupa/2020/09/23/caiu-na-rede-ovos-refeicao-covid/,lupa,2020-09-23,['FALSO'],1,falso,falso,False,falso,False,
https://piaui.folha.uol.com.br/lupa/2020/09/22/verificamos-china-comprou-sabesp/,lupa,2020-09-22,['FALSO'],1,falso,falso,False,falso,False,
https://piaui.folha.uol.com.br/lupa/2020/09/22/bolsonaro-onu-2020/,lupa,2020-09-22,"['FALSO', 'EXAGERADO', 'VERDADEIRO', 'EXAGERADO', 'FALSO', 'EXAGERADO', 'FALSO', 'EXAGERADO', 'VERDADEIRO', 'FALSO', 'INSUSTENTÁVEL', 'INSUSTENTÁVEL', 'EXAGERADO']",13,falso|exagerado|verdadeiro|exagerado|falso|exagerado|falso|exagerado|verdadeiro|falso|insustentavel|insustentavel|exagerado,falso|verdadeiro fora de contexto ou exagerado|verdadeiro|verdadeiro fora de contexto ou exagerado|falso|verdadeiro fora de contexto ou exagerado|falso|verdadeiro fora de contexto ou exagerado|verdadeiro|falso|nao_mapeavel|nao_mapeavel|verdadeiro fora de contexto ou exagerado,True,,False,
https://piaui.folha.uol.com.br/lupa/2020/09/18/verificamos-relatorio-medidas-pandemia/,lupa,2020-09-18,"['FALSO', 'FALSO', 'FALSO', 'FALSO', 'FALSO', 'FALSO', 'FALSO', 'VERDADEIRO']",8,falso|falso|falso|falso|falso|falso|falso|verdadeiro,falso|falso|falso|falso|falso|falso|falso|verdadeiro,True,,False,
https://piaui.folha.uol.com.br/lupa/2020/09/16/caiu-na-rede-ambev-trabalho/,lupa,2020-09-16,['FALSO'],1,falso,falso,False,falso,False,
https://piaui.folha.uol.com.br/lupa/2020/09/16/caiu-na-rede-melancia-coronavirus/,lupa,2020-09-16,['FALSO'],1,falso,falso,False,falso,False,
https://piaui.folha.uol.com.br/lupa/2020/09/16/caiu-na-rede-e-fake-creolina-covid/,lupa,2020-09-16,['FALSO'],1,falso,falso,False,falso,False,
https://piaui.folha.uol.com.br/lupa/2020/09/15/verificamos-vacina-chinesa-obitos/,lupa,2020-09-15,['FALSO'],1,falso,falso,False,falso,False,
https://piaui.folha.uol.com.br/lupa/2020/09/14/verificamos-bill-gates-vacinas-coronavirus/,lupa,2020-09-14,['FALSO'],1,falso,falso,False,falso,False,
https://piaui.folha.uol.com.br/lupa/2020/09/14/verificamos-pessoa-rua-covid/,lupa,2020-09-14,['FALSO'],1,falso,falso,False,falso,False,
https://piaui.folha.uol.com.br/lupa/2020/09/11/verificamos-polio-sudao-vacina/,lupa,2020-09-11,"['EXAGERADO', 'VERDADEIRO, MAS', 'VERDADEIRO', 'EXAGERADO']",4,"exagerado|verdadeiro, mas|verdadeiro|exagerado",verdadeiro fora de contexto ou exagerado|verdadeiro fora de contexto ou exagerado|verdadeiro|verdadeiro fora de contexto ou exagerado,True,,False,
https://piaui.folha.uol.com.br/lupa/2020/09/11/verificamos-dilma-rodizio-alunos/,lupa,2020-09-11,['FALSO'],1,falso,falso,False,falso,False,
https://piaui.folha.uol.com.br/lupa/2020/09/10/verificamos-auxilio-pandemia/,lupa,2020-09-10,['FALSO'],1,falso,falso,False,falso,False,
https://piaui.folha.uol.com.br/lupa/2020/09/08/verificamos-hidroxicloroquina-bahia-covid/,lupa,2020-09-08,['EXAGERADO'],1,exagerado,verdadeiro fora de contexto ou exagerado,False,verdadeiro fora de contexto ou exagerado,False,
https://piaui.folha.uol.com.br/lupa/2020/09/08/verificamos-engarrafamento-feriadao/,lupa,2020-09-08,['FALSO'],1,falso,falso,False,falso,False,
https://piaui.folha.uol.com.br/lupa/2020/09/04/verificamos-governo-federal-kit-contra-covid-19/,lupa,2020-09-04,['FALSO'],1,falso,falso,False,falso,False,
https://piaui.folha.uol.com.br/lupa/2020/09/04/verificamos-mascaras-caseiras-covid-19/,lupa,2020-09-04,['FALSO'],1,falso,falso,False,falso,False,
https://piaui.folha.uol.com.br/lupa/2020/09/03/verificamos-sigilo-adelio-bispo/,lupa,2020-09-03,['FALSO'],1,falso,falso,False,falso,False,
https://piaui.folha.uol.com.br/lupa/2020/09/03/verificamos-cdc-obitos-pandemia/,lupa,2020-09-03,['FALSO'],1,falso,falso,False,falso,False,
https://piaui.folha.uol.com.br/lupa/2020/09/01/verificamos-ricardo-salles-envenenamento-mamona/,lupa,2020-09-01,['FALSO'],1,falso,falso,False,falso,False,
https://piaui.folha.uol.com.br/lupa/2020/09/01/verificamos-covid-certificado-vacinacao/,lupa,2020-09-01,"['FALSO', 'FALSO', 'FALSO']",3,falso|falso|falso,falso|falso|falso,False,falso,False,
https://piaui.folha.uol.com.br/lupa/2020/09/01/verificamos-fda-china-cloroquina/,lupa,2020-09-01,"['FALSO', 'FALSO']",2,falso|falso,falso|falso,False,falso,False,
https://piaui.folha.uol.com.br/lupa/2020/09/01/verificamos-franca-italia-cloroquina/,lupa,2020-09-01,['FALSO'],1,falso,falso,False,falso,False,
https://piaui.folha.uol.com.br/lupa/2020/09/03/congresso-paulo-guedes-mercado-de-trabalho/,lupa,2020-09-03,"['VERDADEIRO', 'VERDADEIRO', 'VERDADEIRO', 'SUBESTIMADO', 'EXAGERADO', 'EXAGERADO', 'VERDADEIRO', 'SUBESTIMADO', 'FALSO', 'EXAGERADO', 'VERDADEIRO']",11,verdadeiro|verdadeiro|verdadeiro|subestimado|exagerado|exagerado|verdadeiro|subestimado|falso|exagerado|verdadeiro,verdadeiro|verdadeiro|verdadeiro|verdadeiro fora de contexto ou exagerado|verdadeiro fora de contexto ou exagerado|verdadeiro fora de contexto ou exagerado|verdadeiro|verdadeiro fora de contexto ou exagerado|falso|verdadeiro fora de contexto ou exagerado|verdadeiro,True,,False,
https://piaui.folha.uol.com.br/lupa/2017/10/10/verdade-mentira-cancer-outubro-rosa/,lupa,2017-10-10,['VERDADEIRO'],1,verdadeiro,verdadeiro,False,verdadeiro,False,
https://piaui.folha.uol.com.br/lupa/2017/10/06/as-polemicas-afirmacoes-de-ricardo-barros-ministro-da-saude/,lupa,2017-10-06,"['EXAGERADO', 'VERDADEIRO, MAS', 'VERDADEIRO, MAS']",3,"exagerado|verdadeiro, mas|verdadeiro, mas",verdadeiro fora de contexto ou exagerado|verdadeiro fora de contexto ou exagerado|verdadeiro fora de contexto ou exagerado,False,verdadeiro fora de contexto ou exagerado,False,
https://piaui.folha.uol.com.br/lupa/2020/05/28/verificamos-itapemirim-decretou-falencia/,lupa,2020-05-28,['FALSO'],1,falso,falso,False,falso,False,
https://piaui.folha.uol.com.br/lupa/2020/05/28/verificamos-ceara-obito-pf/,lupa,2020-05-28,"['EXAGERADO', 'FALSO']",2,exagerado|falso,verdadeiro fora de contexto ou exagerado|falso,True,,False,
https://piaui.folha.uol.com.br/lupa/2020/05/28/verificamos-roubo-video-supermercado-jandira-atacadao/,lupa,2020-05-28,['FALSO'],1,falso,falso,False,falso,False,
https://piaui.folha.uol.com.br/lupa/2020/05/27/verificamos-chines-morto-vacina-covid/,lupa,2020-05-27,['FALSO'],1,falso,falso,False,falso,False,
https://piaui.folha.uol.com.br/lupa/2020/05/27/verificamos-video-homem-retirado-vivo-tumulo-pandemia-covid-19/,lupa,2020-05-27,['FALSO'],1,falso,falso,False,falso,False,
https://piaui.folha.uol.com.br/lupa/2020/05/27/verificamos-prefeitura-rio-reabertura/,lupa,2020-05-27,['FALSO'],1,falso,falso,False,falso,False,
https://piaui.folha.uol.com.br/lupa/2020/05/26/verificamos-andar-hospital-amazonas-pacientes-covid-19/,lupa,2020-05-26,['FALSO'],1,falso,falso,False,falso,False,
https://piaui.folha.uol.com.br/lupa/2020/05/26/verificamos-witzel-angra-coronavirus/,lupa,2020-05-26,['FALSO'],1,falso,falso,False,falso,False,
https://piaui.folha.uol.com.br/lupa/2020/05/25/verificamos-pms-video-continencia-manifestantes-isolamento-social/,lupa,2020-05-25,['FALSO'],1,falso,falso,False,falso,False,
https://piaui.folha.uol.com.br/lupa/2020/05/25/verificamos-bar-brahma-covid/,lupa,2020-05-25,['FALSO'],1,falso,falso,False,falso,False,
https://piaui.folha.uol.com.br/lupa/2020/05/25/verificamos-sao-paulo-16-mil-covid/,lupa,2020-05-25,"['FALSO', 'FALSO']",2,falso|falso,falso|falso,False,falso,False,
https://piaui.folha.uol.com.br/lupa/2020/05/22/stf-imprensa-covid-bolsonaro/,lupa,2020-05-22,"['EXAGERADO', 'FALSO', 'FALSO', 'FALSO', 'FALSO', 'INSUSTENTÁVEL', 'VERDADEIRO, MAS', 'VERDADEIRO']",8,"exagerado|falso|falso|falso|falso|insustentavel|verdadeiro, mas|verdadeiro",verdadeiro fora de contexto ou exagerado|falso|falso|falso|falso|nao_mapeavel|verdadeiro fora de contexto ou exagerado|verdadeiro,True,,False,
https://piaui.folha.uol.com.br/lupa/2020/05/22/verificamos-estudo-60-mil-pessoas-espanha-ineficacia-quarentenas/,lupa,2020-05-22,"['FALSO', 'FALSO']",2,falso|falso,falso|falso,False,falso,False,
https://piaui.folha.uol.com.br/lupa/2020/05/22/verificamos-mello-apreensao-celular-bolsonaro/,lupa,2020-05-22,['FALSO'],1,falso,falso,False,falso,False,
https://piaui.folha.uol.com.br/lupa/2020/05/21/itaperuna-99-coronavirus-recuperados/,lupa,2020-05-21,['FALSO'],1,falso,falso,False,falso,False,
https://piaui.folha.uol.com.br/lupa/2020/05/21/verificamos-medico-paraense-descobriu-cloroquina/,lupa,2020-05-21,['FALSO'],1,falso,falso,False,falso,False,
https://piaui.folha.uol.com.br/lupa/2020/05/21/verificamos-bruno-covid-saude/,lupa,2020-05-21,['FALSO'],1,falso,falso,False,falso,False,
https://piaui.folha.uol.com.br/lupa/2020/05/20/verificamos-doria-datena-covid/,lupa,2020-05-20,['FALSO'],1,falso,falso,False,falso,False,
https://piaui.folha.uol.com.br/lupa/2020/05/20/verificamos-imprensa-se-calou-lula-ainda-bem-monstro-coronavirus/,lupa,2020-05-20,['FALSO'],1,falso,falso,False,falso,False,
https://piaui.folha.uol.com.br/lupa/2020/05/20/verificamos-teich-bolsonaro-mediocridade/,lupa,2020-05-20,['FALSO'],1,falso,falso,False,falso,False,
https://piaui.folha.uol.com.br/lupa/2020/05/19/verificamos-video-homem-covid-19-ambulancia/,lupa,2020-05-19,['FALSO'],1,falso,falso,False,falso,False,
https://piaui.folha.uol.com.br/lupa/2020/05/19/verificamos-apoiadores-bolsonaro-video-presos-camisa-brasil/,lupa,2020-05-19,['FALSO'],1,falso,falso,False,falso,False,
https://piaui.folha.uol.com.br/lupa/2020/05/19/acao-pt-stf-cloroquina/,lupa,2020-05-19,['FALSO'],1,falso,falso,False,falso,False,
https://piaui.folha.uol.com.br/lupa/2020/05/18/falso-um-internado-covid-hcpm/,lupa,2020-05-18,['FALSO'],1,falso,falso,False,falso,False,
https://piaui.folha.uol.com.br/lupa/2020/05/18/verificamos-dinheiro-apreendido-foto-pf-hospitais-campanha-covid-19-rio/,lupa,2020-05-18,['FALSO'],1,falso,falso,False,falso,False,
https://piaui.folha.uol.com.br/lupa/2020/05/18/falso-stf-proibiu-hospitais-militares-covid/,lupa,2020-05-18,['FALSO'],1,falso,falso,False,falso,False,
https://piaui.folha.uol.com.br/lupa/2020/05/18/verificamos-pastor-adelio-coronavirus/,lupa,2020-05-18,['FALSO'],1,falso,falso,False,falso,False,
https://piaui.folha.uol.com.br/lupa/2020/05/15/verificamos-hospital-video-casos-covid-19-uti/,lupa,2020-05-15,['FALSO'],1,falso,falso,False,falso,False,
https://piaui.folha.uol.com.br/lupa/2020/05/15/verificamos-bacteria-coronavirus/,lupa,2020-05-15,['FALSO'],1,falso,falso,False,falso,False,
https://piaui.folha.uol.com.br/lupa/2020/05/14/verificamos-golpistas-carrefour-whatsapp/,lupa,2020-05-14,['FALSO'],1,falso,falso,False,falso,False,
https://piaui.folha.uol.com.br/lupa/2020/05/14/verificamos-cha-boldo-covid/,lupa,2020-05-14,['FALSO'],1,falso,falso,False,falso,False,
https://piaui.folha.uol.com.br/lupa/2020/05/13/verificamos-mortes-iguais-2019-2020/,lupa,2020-05-13,['FALSO'],1,falso,falso,False,falso,False,
https://piaui.folha.uol.com.br/lupa/2020/05/13/verificamos-hospital-2016/,lupa,2020-05-13,['FALSO'],1,falso,falso,False,falso,False,
https://piaui.folha.uol.com.br/lupa/2020/05/13/verificamos-hospitais-vazios-coronavirus/,lupa,2020-05-13,['FALSO'],1,falso,falso,False,falso,False,
https://piaui.folha.uol.com.br/lupa/2020/05/12/falso-mortes-diminuiu-pandemia/,lupa,2020-05-12,"['FALSO', 'FALSO', 'FALSO', 'FALSO']",4,falso|falso|falso|falso,falso|falso|falso|falso,False,falso,False,
https://piaui.folha.uol.com.br/lupa/2020/05/12/verificamos-rejeicao-doria-covid/,lupa,2020-05-12,['FALSO'],1,falso,falso,False,falso,False,
https://piaui.folha.uol.com.br/lupa/2020/05/11/verificamos-foto-vagao-lotado-sp-rodizio-ampliado-pandemia/,lupa,2020-05-11,['FALSO'],1,falso,falso,False,falso,False,
https://piaui.folha.uol.com.br/lupa/2020/05/11/verificamos-ceara-mortes-doencas-respiratorias-2020/,lupa,2020-05-11,['FALSO'],1,falso,falso,False,falso,False,
https://piaui.folha.uol.com.br/lupa/2020/05/11/verificamos-washington-post-covid-19/,lupa,2020-05-11,['FALSO'],1,falso,falso,False,falso,False,
https://piaui.folha.uol.com.br/lupa/2020/05/11/verificamos-kalil-faixas-coronavirus/,lupa,2020-05-11,['FALSO'],1,falso,falso,False,falso,False,
https://piaui.folha.uol.com.br/lupa/2020/05/08/bill-gates-vacina-monitorar-pessoas/,lupa,2020-05-08,"['FALSO', 'FALSO', 'FALSO']",3,falso|falso|falso,falso|falso|falso,False,falso,False,
https://piaui.folha.uol.com.br/lupa/2020/05/08/verificamos-mortes-manaus-teich/,lupa,2020-05-08,['FALSO'],1,falso,falso,False,falso,False,
https://piaui.folha.uol.com.br/lupa/2020/05/08/verificamos-video-confronto-ambulantes-fiscais-sp-covid-19/,lupa,2020-05-08,['FALSO'],1,falso,falso,False,falso,False,
https://piaui.folha.uol.com.br/lupa/2020/05/07/verificamos-covid-teste-automatico/,lupa,2020-05-07,['FALSO'],1,falso,falso,False,falso,False,
https://piaui.folha.uol.com.br/lupa/2020/05/07/verificamos-adelio-bispo-covid/,lupa,2020-05-07,['FALSO'],1,falso,falso,False,falso,False,
https://piaui.folha.uol.com.br/lupa/2020/05/07/verificamos-idosa-filmada-resgatada-viva-hospital-morte-covid-19/,lupa,2020-05-07,['FALSO'],1,falso,falso,False,falso,False,
https://piaui.folha.uol.com.br/lupa/2020/05/06/verificamos-video-medicos-dancando-israel-fechamento-hospitais-covid-19/,lupa,2020-05-06,['FALSO'],1,falso,falso,False,falso,False,
https://piaui.folha.uol.com.br/lupa/2020/05/06/wilson-witzel-marielle-armas/,lupa,2020-05-06,"['FALSO', 'EXAGERADO', 'AINDA É CEDO PARA DIZER', 'VERDADEIRO, MAS', 'VERDADEIRO']",5,"falso|exagerado|ainda e cedo para dizer|verdadeiro, mas|verdadeiro",falso|verdadeiro fora de contexto ou exagerado|nao_mapeavel|verdadeiro fora de contexto ou exagerado|verdadeiro,True,,False,
https://piaui.folha.uol.com.br/lupa/2020/05/06/verificamos-auxilio-emergencial-170-milhoes/,lupa,2020-05-06,['FALSO'],1,falso,falso,False,falso,False,
https://piaui.folha.uol.com.br/lupa/2020/05/05/verificamos-foto-pessoa-segurando-caixao-vazio-dois-dedos-enterro-pandemia/,lupa,2020-05-05,['FALSO'],1,falso,falso,False,falso,False,
https://piaui.folha.uol.com.br/lupa/2020/05/05/verificamos-doria-joice-aracatuba/,lupa,2020-05-05,['FALSO'],1,falso,falso,False,falso,False,
https://piaui.folha.uol.com.br/lupa/2020/05/05/verificamos-rio-presidiarios-coronavirus/,lupa,2020-05-05,['FALSO'],1,falso,falso,False,falso,False,
https://piaui.folha.uol.com.br/lupa/2020/05/05/verificamos-fotos-caixoes-vazios-jogados-chao-pandemia/,lupa,2020-05-05,['FALSO'],1,falso,falso,False,falso,False,
https://piaui.folha.uol.com.br/lupa/2020/05/04/verificamos-dados-cartorios-pandemia/,lupa,2020-05-04,"['VERDADEIRO, MAS', 'FALSO', 'FALSO', 'FALSO', 'FALSO']",5,"verdadeiro, mas|falso|falso|falso|falso",verdadeiro fora de contexto ou exagerado|falso|falso|falso|falso,True,,False,
https://piaui.folha.uol.com.br/lupa/2020/05/04/verificamos-golpe-cras-coronavirus/,lupa,2020-05-04,['FALSO'],1,falso,falso,False,falso,False,
https://piaui.folha.uol.com.br/lupa/2020/05/08/verificamos-mortos-naufragio-globo-covid/,lupa,2020-05-08,['FALSO'],1,falso,falso,False,falso,False,
https://piaui.folha.uol.com.br/lupa/2020/05/08/verificamos-mortes-registradas-cartorios-abril-pandemia/,lupa,2020-05-08,['FALSO'],1,falso,falso,False,falso,False,
https://piaui.folha.uol.com.br/lupa/2017/01/23/o-que-e-verdade-e-mentira-sobre-a-febre-amarela/,lupa,2017-01-23,"['FALSO', 'FALSO', 'FALSO', 'VERDADEIRO', 'FALSO', 'FALSO', 'VERDADEIRO, MAS']",7,"falso|falso|falso|verdadeiro|falso|falso|verdadeiro, mas",falso|falso|falso|verdadeiro|falso|falso|verdadeiro fora de contexto ou exagerado,True,,False,
https://piaui.folha.uol.com.br/lupa/2017/01/17/o-antes-e-o-depois-das-propostas-de-campanha-de-joao-doria/,lupa,2017-01-17,"['DE OLHO', 'DE OLHO', 'DE OLHO', 'DE OLHO', 'DE OLHO', 'DE OLHO', 'VERDADEIRO']",7,de olho|de olho|de olho|de olho|de olho|de olho|verdadeiro,nao_mapeavel|nao_mapeavel|nao_mapeavel|nao_mapeavel|nao_mapeavel|nao_mapeavel|verdadeiro,True,,False,
https://piaui.folha.uol.com.br/lupa/2017/01/09/aedes-aegypti-mitos-e-verdades/,lupa,2017-01-09,"['EXAGERADO', 'VERDADEIRO, MAS', 'AINDA É CEDO PARA DIZER', 'VERDADEIRO, MAS', 'FALSO', 'EXAGERADO', 'EXAGERADO', 'FALSO', 'FALSO', 'VERDADEIRO', 'VERDADEIRO', 'FALSO', 'FALSO', 'VERDADEIRO', 'VERDADEIRO']",15,"exagerado|verdadeiro, mas|ainda e cedo para dizer|verdadeiro, mas|falso|exagerado|exagerado|falso|falso|verdadeiro|verdadeiro|falso|falso|verdadeiro|verdadeiro",verdadeiro fora de contexto ou exagerado|verdadeiro fora de contexto ou exagerado|nao_mapeavel|verdadeiro fora de contexto ou exagerado|falso|verdadeiro fora de contexto ou exagerado|verdadeiro fora de contexto ou exagerado|falso|falso|verdadeiro|verdadeiro|falso|falso|verdadeiro|verdadeiro,True,,False,
https://piaui.folha.uol.com.br/lupa/2019/01/18/verificamos-agua-coco-cancer/,lupa,2019-01-18,['FALSO'],1,falso,falso,False,falso,False,
https://piaui.folha.uol.com.br/lupa/2019/01/18/verificamos-moro-tomadas-ceara/,lupa,2019-01-18,['FALSO'],1,falso,falso,False,falso,False,
https://piaui.folha.uol.com.br/lupa/2019/01/14/verificamos-acucar-cancer/,lupa,2019-01-14,"['FALSO', 'FALSO', 'FALSO']",3,falso|falso|falso,falso|falso|falso,False,falso,False,
https://piaui.folha.uol.com.br/lupa/2019/01/13/promessas-2018-crivella-rio/,lupa,2019-01-13,"['FALSO', 'FALSO', 'FALSO', 'INSUSTENTÁVEL', 'FALSO', 'EXAGERADO', 'FALSO', 'FALSO', 'FALSO']",9,falso|falso|falso|insustentavel|falso|exagerado|falso|falso|falso,falso|falso|falso|nao_mapeavel|falso|verdadeiro fora de contexto ou exagerado|falso|falso|falso,True,,False,
https://piaui.folha.uol.com.br/lupa/2019/01/05/doria-posse-governador/,lupa,2019-01-05,"['FALSO', 'EXAGERADO', 'EXAGERADO', 'VERDADEIRO, MAS', 'VERDADEIRO', 'VERDADEIRO']",6,"falso|exagerado|exagerado|verdadeiro, mas|verdadeiro|verdadeiro",falso|verdadeiro fora de contexto ou exagerado|verdadeiro fora de contexto ou exagerado|verdadeiro fora de contexto ou exagerado|verdadeiro|verdadeiro,True,,False,
https://piaui.folha.uol.com.br/lupa/2018/09/30/debate-record-tempo-real/,lupa,2018-09-30,"['EXAGERADO', 'DE OLHO', 'INSUSTENTÁVEL', 'VERDADEIRO', 'FALSO', 'VERDADEIRO', 'VERDADEIRO', 'VERDADEIRO', 'VERDADEIRO', 'FALSO', 'VERDADEIRO, MAS', 'VERDADEIRO', 'CONTRADITÓRIO', 'FALSO', 'VERDADEIRO', 'VERDADEIRO, MAS', 'SUBESTIMADO', 'EXAGERADO', 'FALSO', 'VERDADEIRO', 'DE OLHO']",21,"exagerado|de olho|insustentavel|verdadeiro|falso|verdadeiro|verdadeiro|verdadeiro|verdadeiro|falso|verdadeiro, mas|verdadeiro|contraditorio|falso|verdadeiro|verdadeiro, mas|subestimado|exagerado|falso|verdadeiro|de olho",verdadeiro fora de contexto ou exagerado|nao_mapeavel|nao_mapeavel|verdadeiro|falso|verdadeiro|verdadeiro|verdadeiro|verdadeiro|falso|verdadeiro fora de contexto ou exagerado|verdadeiro|nao_mapeavel|falso|verdadeiro|verdadeiro fora de contexto ou exagerado|verdadeiro fora de contexto ou exagerado|verdadeiro fora de contexto ou exagerado|falso|verdadeiro|nao_mapeavel,True,,True,"compilado periódico de agência: 21 vereditos num registro, acima do limite de 20. Não é mensagem que alguém receberia, logo não serve de estímulo de teste com usuário."
https://piaui.folha.uol.com.br/lupa/2018/09/29/debate-record-sp-1-turno/,lupa,2018-09-29,"['EXAGERADO', 'VERDADEIRO', 'FALSO', 'VERDADEIRO', 'VERDADEIRO, MAS', 'VERDADEIRO', 'EXAGERADO', 'VERDADEIRO', 'SUBESTIMADO', 'VERDADEIRO', 'EXAGERADO', 'VERDADEIRO', 'SUBESTIMADO', 'VERDADEIRO']",14,"exagerado|verdadeiro|falso|verdadeiro|verdadeiro, mas|verdadeiro|exagerado|verdadeiro|subestimado|verdadeiro|exagerado|verdadeiro|subestimado|verdadeiro",verdadeiro fora de contexto ou exagerado|verdadeiro|falso|verdadeiro|verdadeiro fora de contexto ou exagerado|verdadeiro|verdadeiro fora de contexto ou exagerado|verdadeiro|verdadeiro fora de contexto ou exagerado|verdadeiro|verdadeiro fora de contexto ou exagerado|verdadeiro|verdadeiro fora de contexto ou exagerado|verdadeiro,True,,False,
https://piaui.folha.uol.com.br/lupa/2018/09/26/debate-folha-uol-sbt/,lupa,2018-09-26,"['VERDADEIRO', 'VERDADEIRO', 'VERDADEIRO, MAS', 'VERDADEIRO', 'DE OLHO', 'VERDADEIRO, MAS', 'VERDADEIRO', 'VERDADEIRO', 'VERDADEIRO', 'INSUSTENTÁVEL', 'EXAGERADO', 'SUBESTIMADO', 'EXAGERADO', 'FALSO', 'VERDADEIRO', 'FALSO', 'VERDADEIRO', 'FALSO', 'VERDADEIRO', 'VERDADEIRO, MAS', 'FALSO']",21,"verdadeiro|verdadeiro|verdadeiro, mas|verdadeiro|de olho|verdadeiro, mas|verdadeiro|verdadeiro|verdadeiro|insustentavel|exagerado|subestimado|exagerado|falso|verdadeiro|falso|verdadeiro|falso|verdadeiro|verdadeiro, mas|falso",verdadeiro|verdadeiro|verdadeiro fora de contexto ou exagerado|verdadeiro|nao_mapeavel|verdadeiro fora de contexto ou exagerado|verdadeiro|verdadeiro|verdadeiro|nao_mapeavel|verdadeiro fora de contexto ou exagerado|verdadeiro fora de contexto ou exagerado|verdadeiro fora de contexto ou exagerado|falso|verdadeiro|falso|verdadeiro|falso|verdadeiro|verdadeiro fora de contexto ou exagerado|falso,True,,True,"compilado periódico de agência: 21 vereditos num registro, acima do limite de 20. Não é mensagem que alguém receberia, logo não serve de estímulo de teste com usuário."
https://piaui.folha.uol.com.br/lupa/2018/09/20/debate-tv-aparecida/,lupa,2018-09-20,"['FALSO', 'VERDADEIRO, MAS', 'VERDADEIRO', 'VERDADEIRO, MAS', 'FALSO', 'DE OLHO', 'VERDADEIRO', 'FALSO', 'EXAGERADO', 'INSUSTENTÁVEL', 'FALSO', 'VERDADEIRO', 'VERDADEIRO', 'EXAGERADO', 'FALSO', 'EXAGERADO', 'DE OLHO', 'VERDADEIRO', 'VERDADEIRO', 'VERDADEIRO, MAS', 'FALSO', 'VERDADEIRO', 'EXAGERADO', 'EXAGERADO', 'VERDADEIRO', 'VERDADEIRO', 'VERDADEIRO, MAS', 'VERDADEIRO', 'EXAGERADO', 'VERDADEIRO', 'SUBESTIMADO', 'CONTRADITÓRIO', 'VERDADEIRO', 'VERDADEIRO', 'VERDADEIRO', 'FALSO']",36,"falso|verdadeiro, mas|verdadeiro|verdadeiro, mas|falso|de olho|verdadeiro|falso|exagerado|insustentavel|falso|verdadeiro|verdadeiro|exagerado|falso|exagerado|de olho|verdadeiro|verdadeiro|verdadeiro, mas|falso|verdadeiro|exagerado|exagerado|verdadeiro|verdadeiro|verdadeiro, mas|verdadeiro|exagerado|verdadeiro|subestimado|contraditorio|verdadeiro|verdadeiro|verdadeiro|falso",falso|verdadeiro fora de contexto ou exagerado|verdadeiro|verdadeiro fora de contexto ou exagerado|falso|nao_mapeavel|verdadeiro|falso|verdadeiro fora de contexto ou exagerado|nao_mapeavel|falso|verdadeiro|verdadeiro|verdadeiro fora de contexto ou exagerado|falso|verdadeiro fora de contexto ou exagerado|nao_mapeavel|verdadeiro|verdadeiro|verdadeiro fora de contexto ou exagerado|falso|verdadeiro|verdadeiro fora de contexto ou exagerado|verdadeiro fora de contexto ou exagerado|verdadeiro|verdadeiro|verdadeiro fora de contexto ou exagerado|verdadeiro|verdadeiro fora de contexto ou exagerado|verdadeiro|verdadeiro fora de contexto ou exagerado|nao_mapeavel|verdadeiro|verdadeiro|verdadeiro|falso,True,,True,"compilado periódico de agência: 36 vereditos num registro, acima do limite de 20. Não é mensagem que alguém receberia, logo não serve de estímulo de teste com usuário."
https://piaui.folha.uol.com.br/lupa/2018/09/16/verificamos-ato-saude-bolsonaro/,lupa,2018-09-16,['FALSO'],1,falso,falso,False,falso,False,
https://piaui.folha.uol.com.br/lupa/2018/09/06/atentado-bolsonaro-tempo-real/,lupa,2018-09-06,"['FALSO', 'FALSO', 'FALSO', 'FALSO', 'FALSO', 'FALSO']",6,falso|falso|falso|falso|falso|falso,falso|falso|falso|falso|falso|falso,False,falso,False,
https://piaui.folha.uol.com.br/lupa/2018/09/06/eduardo-jorge-globonews/,lupa,2018-09-06,"['FALSO', 'SUBESTIMADO', 'VERDADEIRO', 'VERDADEIRO']",4,falso|subestimado|verdadeiro|verdadeiro,falso|verdadeiro fora de contexto ou exagerado|verdadeiro|verdadeiro,True,,False,
https://piaui.folha.uol.com.br/lupa/2018/09/04/katia-abreu-globonews/,lupa,2018-09-04,"['FALSO', 'VERDADEIRO, MAS', 'CONTRADITÓRIO', 'EXAGERADO', 'VERDADEIRO', 'VERDADEIRO']",6,"falso|verdadeiro, mas|contraditorio|exagerado|verdadeiro|verdadeiro",falso|verdadeiro fora de contexto ou exagerado|nao_mapeavel|verdadeiro fora de contexto ou exagerado|verdadeiro|verdadeiro,True,,False,
https://piaui.folha.uol.com.br/lupa/2018/09/03/sabatina-folha-uol-sbt-ciro-gomes/,lupa,2018-09-03,"['FALSO', 'FALSO', 'EXAGERADO', 'VERDADEIRO, MAS', 'VERDADEIRO', 'VERDADEIRO']",6,"falso|falso|exagerado|verdadeiro, mas|verdadeiro|verdadeiro",falso|falso|verdadeiro fora de contexto ou exagerado|verdadeiro fora de contexto ou exagerado|verdadeiro|verdadeiro,True,,False,
https://piaui.folha.uol.com.br/lupa/2018/09/03/verificamos-onibus-rj/,lupa,2018-09-03,['FALSO'],1,falso,falso,False,falso,False,
https://piaui.folha.uol.com.br/lupa/2020/01/30/verificamos-coronavirus-caidos/,lupa,2020-01-30,['FALSO'],1,falso,falso,False,falso,False,
https://piaui.folha.uol.com.br/lupa/2020/01/29/verificamos-resident-evil/,lupa,2020-01-29,['FALSO'],1,falso,falso,False,falso,False,
https://piaui.folha.uol.com.br/lupa/2020/01/28/verificamos-globo-coronavirus/,lupa,2020-01-28,['FALSO'],1,falso,falso,False,falso,False,
https://piaui.folha.uol.com.br/lupa/2020/01/27/verificamos-coronavirus-infectou-28-milhoes-matou-112-mil-china/,lupa,2020-01-27,['FALSO'],1,falso,falso,False,falso,False,
https://piaui.folha.uol.com.br/lupa/2020/01/24/verificamos-patente-farmaceuticas-coronavirus-vacinas/,lupa,2020-01-24,['FALSO'],1,falso,falso,False,falso,False,
https://piaui.folha.uol.com.br/lupa/2020/01/22/hanseniase-janeiro-roxo/,lupa,2020-01-22,"['FALSO', 'VERDADEIRO', 'FALSO', 'AINDA É CEDO PARA DIZER', 'FALSO', 'VERDADEIRO', 'FALSO', 'FALSO']",8,falso|verdadeiro|falso|ainda e cedo para dizer|falso|verdadeiro|falso|falso,falso|verdadeiro|falso|nao_mapeavel|falso|verdadeiro|falso|falso,True,,False,
https://piaui.folha.uol.com.br/lupa/2020/01/15/audio-fiocruz-cedae-agua/,lupa,2020-01-15,['FALSO'],1,falso,falso,False,falso,False,
https://piaui.folha.uol.com.br/lupa/2020/01/14/verificamos-cedae-alertou-moradores-rio/,lupa,2020-01-14,['FALSO'],1,falso,falso,False,falso,False,
https://piaui.folha.uol.com.br/lupa/2020/01/14/verificamos-passageiros-chuva-rio/,lupa,2020-01-14,['FALSO'],1,falso,falso,False,falso,False,
https://piaui.folha.uol.com.br/lupa/2020/01/14/verificamos-geniux-drauzio/,lupa,2020-01-14,"['FALSO', 'FALSO', 'FALSO', 'FALSO']",4,falso|falso|falso|falso,falso|falso|falso|falso,False,falso,False,
https://piaui.folha.uol.com.br/lupa/2020/01/09/verificamos-lula-irmao-adelio/,lupa,2020-01-09,['FALSO'],1,falso,falso,False,falso,False,
https://piaui.folha.uol.com.br/lupa/2020/01/06/verificamos-ataque-general-iraniano/,lupa,2020-01-06,['FALSO'],1,falso,falso,False,falso,False,
https://piaui.folha.uol.com.br/lupa/2020/01/30/verificamos-video-feira/,lupa,2020-01-30,['FALSO'],1,falso,falso,False,falso,False,
https://piaui.folha.uol.com.br/lupa/2016/12/08/crivella-exagera-dados-empresarios/,lupa,2016-12-08,"['EXAGERADO', 'EXAGERADO', 'VERDADEIRO, MAS', 'VERDADEIRO']",4,"exagerado|exagerado|verdadeiro, mas|verdadeiro",verdadeiro fora de contexto ou exagerado|verdadeiro fora de contexto ou exagerado|verdadeiro fora de contexto ou exagerado|verdadeiro,True,,False,
https://piaui.folha.uol.com.br/lupa/2016/12/07/renan-diz-que-votou-40-medidas-contra-a-corrupcao-em-2013-sera/,lupa,2016-12-07,['EXAGERADO'],1,exagerado,verdadeiro fora de contexto ou exagerado,False,verdadeiro fora de contexto ou exagerado,False,
https://piaui.folha.uol.com.br/lupa/2016/10/14/doria-exagera-tempo-na-fila-por-exames-e-se-contradiz-sobre-reducao-de-velocidades/,lupa,2016-10-14,"['EXAGERADO', 'VERDADEIRO', 'CONTRADITÓRIO', 'DE OLHO']",4,exagerado|verdadeiro|contraditorio|de olho,verdadeiro fora de contexto ou exagerado|verdadeiro|nao_mapeavel|nao_mapeavel,True,,False,
https://piaui.folha.uol.com.br/lupa/2021/03/31/verificamos-pesquisa-shopee/,lupa,2021-03-31,['FALSO'],1,falso,falso,False,falso,False,
https://piaui.folha.uol.com.br/lupa/2021/03/30/verificamos-corpos-sacos-plasticos/,lupa,2021-03-30,['FALSO'],1,falso,falso,False,falso,False,
https://piaui.folha.uol.com.br/lupa/2021/03/29/verificamos-obitos-covid-sp/,lupa,2021-03-29,['EXAGERADO'],1,exagerado,verdadeiro fora de contexto ou exagerado,False,verdadeiro fora de contexto ou exagerado,False,
https://piaui.folha.uol.com.br/lupa/2021/03/29/verificamos-nebulizacao-hidroxicloroquina/,lupa,2021-03-29,['FALSO'],1,falso,falso,False,falso,False,
https://piaui.folha.uol.com.br/lupa/2021/03/26/verificamos-brasil-zero-dengue/,lupa,2021-03-26,['FALSO'],1,falso,falso,False,falso,False,
https://piaui.folha.uol.com.br/lupa/2021/03/25/verificamos-fiocruz-vacina-brasileira/,lupa,2021-03-25,"['FALSO', 'FALSO', 'FALSO']",3,falso|falso|falso,falso|falso|falso,False,falso,False,
https://piaui.folha.uol.com.br/lupa/2021/03/25/verificamos-inalacao-agua-sanitaria/,lupa,2021-03-25,['FALSO'],1,falso,falso,False,falso,False,
https://piaui.folha.uol.com.br/lupa/2021/03/24/verificamos-pessoas-vacinadas-morrerao-tres-meses/,lupa,2021-03-24,['FALSO'],1,falso,falso,False,falso,False,
https://piaui.folha.uol.com.br/lupa/2021/03/24/verificamos-dinheiro-saude-para/,lupa,2021-03-24,['FALSO'],1,falso,falso,False,falso,False,
https://piaui.folha.uol.com.br/lupa/2021/03/24/verificamos-falso-calendario-vacinacao-entre-18-e-71-anos/,lupa,2021-03-24,['FALSO'],1,falso,falso,False,falso,False,
https://piaui.folha.uol.com.br/lupa/2021/03/23/pronunciamento-bolsonaro-vacinacao/,lupa,2021-03-23,"['VERDADEIRO, MAS', 'EXAGERADO', 'VERDADEIRO, MAS', 'VERDADEIRO, MAS', 'VERDADEIRO', 'FALSO', 'DE OLHO', 'AINDA É CEDO PARA DIZER']",8,"verdadeiro, mas|exagerado|verdadeiro, mas|verdadeiro, mas|verdadeiro|falso|de olho|ainda e cedo para dizer",verdadeiro fora de contexto ou exagerado|verdadeiro fora de contexto ou exagerado|verdadeiro fora de contexto ou exagerado|verdadeiro fora de contexto ou exagerado|verdadeiro|falso|nao_mapeavel|nao_mapeavel,True,,False,
https://piaui.folha.uol.com.br/lupa/2021/03/22/verificamos-video-hospital-ficticio-ceara/,lupa,2021-03-22,['FALSO'],1,falso,falso,False,falso,False,
https://piaui.folha.uol.com.br/lupa/2021/03/22/verificamos-governador-pe-mascara/,lupa,2021-03-22,['FALSO'],1,falso,falso,False,falso,False,
https://piaui.folha.uol.com.br/lupa/2021/03/19/verificamos-cuba-vacina-sputnik/,lupa,2021-03-19,['FALSO'],1,falso,falso,False,falso,False,
https://piaui.folha.uol.com.br/lupa/2021/03/19/major-olimpio-doacao-covid/,lupa,2021-03-19,['FALSO'],1,falso,falso,False,falso,False,
https://piaui.folha.uol.com.br/lupa/2021/03/19/verificamos-baixar-oxigenio-aumentar-mortes/,lupa,2021-03-19,['FALSO'],1,falso,falso,False,falso,False,
https://piaui.folha.uol.com.br/lupa/2021/03/18/verificamos-medicos-europeus-ivermectina/,lupa,2021-03-18,['EXAGERADO'],1,exagerado,verdadeiro fora de contexto ou exagerado,False,verdadeiro fora de contexto ou exagerado,False,
https://piaui.folha.uol.com.br/lupa/2021/03/18/verificamos-aparelho-oxigenio-covid/,lupa,2021-03-18,['FALSO'],1,falso,falso,False,falso,False,
https://piaui.folha.uol.com.br/lupa/2021/03/17/verificamos-governo-paulista-respiradores/,lupa,2021-03-17,['FALSO'],1,falso,falso,False,falso,False,
https://piaui.folha.uol.com.br/lupa/2021/03/16/verificamos-joao-doria-fornecimento-luz-sao-paulo/,lupa,2021-03-16,['FALSO'],1,falso,falso,False,falso,False,
https://piaui.folha.uol.com.br/lupa/2021/03/16/verificamos-manuela-davila-aborto/,lupa,2021-03-16,['FALSO'],1,falso,falso,False,falso,False,
https://piaui.folha.uol.com.br/lupa/2021/03/16/verificamos-peticao-virtual-impeachment-bolsonaro/,lupa,2021-03-16,['FALSO'],1,falso,falso,False,falso,False,
https://piaui.folha.uol.com.br/lupa/2021/03/16/verificamos-carta-empresarios-lockdown/,lupa,2021-03-16,['FALSO'],1,falso,falso,False,falso,False,
https://piaui.folha.uol.com.br/lupa/2021/03/16/saude-pazuello-exagera-vacinados-covid-19/,lupa,2021-03-16,"['FALSO', 'AINDA É CEDO PARA DIZER', 'VERDADEIRO', 'VERDADEIRO', 'VERDADEIRO, MAS', 'EXAGERADO', 'CONTRADITÓRIO']",7,"falso|ainda e cedo para dizer|verdadeiro|verdadeiro|verdadeiro, mas|exagerado|contraditorio",falso|nao_mapeavel|verdadeiro|verdadeiro|verdadeiro fora de contexto ou exagerado|verdadeiro fora de contexto ou exagerado|nao_mapeavel,True,,False,
https://piaui.folha.uol.com.br/lupa/2021/03/15/verificamos-ambulante-pm-coronavirus/,lupa,2021-03-15,['FALSO'],1,falso,falso,False,falso,False,
https://piaui.folha.uol.com.br/lupa/2021/03/12/verificamos-governadores-escondendo-vacinas/,lupa,2021-03-12,['FALSO'],1,falso,falso,False,falso,False,
https://piaui.folha.uol.com.br/lupa/2021/03/12/verificamos-pesquisas-eficacia-ivermectina/,lupa,2021-03-12,['FALSO'],1,falso,falso,False,falso,False,
https://piaui.folha.uol.com.br/lupa/2021/03/11/verificamos-anvisa-26-mortes-vacinas-covid-19-ultimas-24-horas/,lupa,2021-03-11,['FALSO'],1,falso,falso,False,falso,False,
https://piaui.folha.uol.com.br/lupa/2021/03/11/verificamos-2019-doria-mascara/,lupa,2021-03-11,['FALSO'],1,falso,falso,False,falso,False,
https://piaui.folha.uol.com.br/lupa/2021/03/11/verificamos-cdc-mascaras-contagio/,lupa,2021-03-11,['FALSO'],1,falso,falso,False,falso,False,
https://piaui.folha.uol.com.br/lupa/2021/03/09/verificamos-estoque-vacinas-pfizer-janssen/,lupa,2021-03-09,['FALSO'],1,falso,falso,False,falso,False,
https://piaui.folha.uol.com.br/lupa/2021/03/08/verificamos-whatsapp-promocoes-dia-mulher/,lupa,2021-03-08,"['FALSO', 'FALSO', 'FALSO']",3,falso|falso|falso,falso|falso|falso,False,falso,False,
https://piaui.folha.uol.com.br/lupa/2021/03/08/verificamos-fonte-catuaba-doria/,lupa,2021-03-08,['FALSO'],1,falso,falso,False,falso,False,
https://piaui.folha.uol.com.br/lupa/2021/03/08/verificamos-russia-bacteria-5g/,lupa,2021-03-08,['FALSO'],1,falso,falso,False,falso,False,
https://piaui.folha.uol.com.br/lupa/2021/03/05/verificamos-mortalidade-aumentou-israel-vacina/,lupa,2021-03-05,['FALSO'],1,falso,falso,False,falso,False,
https://piaui.folha.uol.com.br/lupa/2021/03/05/verificamos-brasil-fila-espera-vacinas/,lupa,2021-03-05,['FALSO'],1,falso,falso,False,falso,False,
https://piaui.folha.uol.com.br/lupa/2021/03/05/verificamos-comunicado-unimed-pico/,lupa,2021-03-05,['FALSO'],1,falso,falso,False,falso,False,
https://piaui.folha.uol.com.br/lupa/2021/03/04/verificamos-apreensao-dinheiro-imperatriz/,lupa,2021-03-04,['FALSO'],1,falso,falso,False,falso,False,
https://piaui.folha.uol.com.br/lupa/2021/03/04/verificamos-paulo-guedes-viagra/,lupa,2021-03-04,['FALSO'],1,falso,falso,False,falso,False,
https://piaui.folha.uol.com.br/lupa/2021/03/03/verificamos-hospital-moinhos-superlotacao/,lupa,2021-03-03,['FALSO'],1,falso,falso,False,falso,False,
https://piaui.folha.uol.com.br/lupa/2021/03/03/verificamos-vacinas-covid-19-501-mortes/,lupa,2021-03-03,['FALSO'],1,falso,falso,False,falso,False,
https://piaui.folha.uol.com.br/lupa/2021/03/02/verificamos-equipamento-hospitalar-ms/,lupa,2021-03-02,['FALSO'],1,falso,falso,False,falso,False,
https://piaui.folha.uol.com.br/lupa/2021/03/01/verificamos-inalacao-agua-oxigenada-bicarbonato-sodio/,lupa,2021-03-01,['FALSO'],1,falso,falso,False,falso,False,
https://piaui.folha.uol.com.br/lupa/2021/03/01/verificamos-camilo-santana-bolsonaro/,lupa,2021-03-01,['FALSO'],1,falso,falso,False,falso,False,
https://piaui.folha.uol.com.br/lupa/2021/03/02/verificamos-oms-lockdown-suecia/,lupa,2021-03-02,['FALSO'],1,falso,falso,False,falso,False,
https://piaui.folha.uol.com.br/lupa/2020/02/22/alcool-carnaval-anticoncepcional/,lupa,2020-02-22,"['FALSO', 'EXAGERADO', 'VERDADEIRO', 'VERDADEIRO']",4,falso|exagerado|verdadeiro|verdadeiro,falso|verdadeiro fora de contexto ou exagerado|verdadeiro|verdadeiro,True,,False,
https://piaui.folha.uol.com.br/lupa/2020/02/17/verificamos-estudo-ufmg-suco-inhame-contra-dengue/,lupa,2020-02-17,['FALSO'],1,falso,falso,False,falso,False,
https://piaui.folha.uol.com.br/lupa/2020/02/13/verificamos-satelite-cremacao/,lupa,2020-02-13,['FALSO'],1,falso,falso,False,falso,False,
https://piaui.folha.uol.com.br/lupa/2020/02/10/verificamos-declaracao-paulo-guedes-corte-de-verbas-carnaval-outros-eventos/,lupa,2020-02-10,['FALSO'],1,falso,falso,False,falso,False,
https://piaui.folha.uol.com.br/lupa/2020/02/06/verificamos-roubo-celular-stf/,lupa,2020-02-06,['FALSO'],1,falso,falso,False,falso,False,
https://piaui.folha.uol.com.br/lupa/2020/02/05/verificamos-coronavirus-maranhao/,lupa,2020-02-05,['FALSO'],1,falso,falso,False,falso,False,
https://piaui.folha.uol.com.br/lupa/2020/02/05/verificamos-coronavirus-encomendas-china/,lupa,2020-02-05,['INSUSTENTÁVEL'],1,insustentavel,nao_mapeavel,False,nao_mapeavel,False,
https://piaui.folha.uol.com.br/lupa/2020/02/05/verificamos-novo-video-mercado-morcegos-indonesia-china/,lupa,2020-02-05,['FALSO'],1,falso,falso,False,falso,False,
https://piaui.folha.uol.com.br/lupa/2020/02/03/verificamos-cedae-paralisar-abastecimento/,lupa,2020-02-03,['FALSO'],1,falso,falso,False,falso,False,
https://piaui.folha.uol.com.br/lupa/2020/02/06/verificamos-estudo-coronavirus-hiv/,lupa,2020-02-06,['FALSO'],1,falso,falso,False,falso,False,
https://piaui.folha.uol.com.br/lupa/2020/02/01/verificamos-coronavirus-erva-doce/,lupa,2020-02-01,['FALSO'],1,falso,falso,False,falso,False,
https://piaui.folha.uol.com.br/lupa/2020/08/31/verificamos-lojas-americanas-estoque-pandemia/,lupa,2020-08-31,['FALSO'],1,falso,falso,False,falso,False,
https://piaui.folha.uol.com.br/lupa/2020/08/28/verificamos-oms-hidroxicloroquina-erro/,lupa,2020-08-28,['FALSO'],1,falso,falso,False,falso,False,
https://piaui.folha.uol.com.br/lupa/2020/08/27/verificamos-post-sistema-imunologico/,lupa,2020-08-27,"['FALSO', 'FALSO', 'VERDADEIRO, MAS', 'EXAGERADO', 'FALSO']",5,"falso|falso|verdadeiro, mas|exagerado|falso",falso|falso|verdadeiro fora de contexto ou exagerado|verdadeiro fora de contexto ou exagerado|falso,True,,False,
https://piaui.folha.uol.com.br/lupa/2020/08/27/verificamos-golpe-cestas-extra/,lupa,2020-08-27,['FALSO'],1,falso,falso,False,falso,False,
https://piaui.folha.uol.com.br/lupa/2020/08/27/verificamos-flavio-dino-velorio-pai-covid-19/,lupa,2020-08-27,['FALSO'],1,falso,falso,False,falso,False,
https://piaui.folha.uol.com.br/lupa/2020/08/26/verificamos-epi-mulher-covid/,lupa,2020-08-26,['FALSO'],1,falso,falso,False,falso,False,
https://piaui.folha.uol.com.br/lupa/2020/08/26/verificamos-leticia-spiller-bolsonaristas-coronavirus/,lupa,2020-08-26,['FALSO'],1,falso,falso,False,falso,False,
https://piaui.folha.uol.com.br/lupa/2020/08/26/verificamos-montagem-bebe-jesus/,lupa,2020-08-26,['FALSO'],1,falso,falso,False,falso,False,
https://piaui.folha.uol.com.br/lupa/2020/08/25/verificamos-video-ficcional-decisao-stf/,lupa,2020-08-25,['FALSO'],1,falso,falso,False,falso,False,
https://piaui.folha.uol.com.br/lupa/2020/08/24/verificamos-neurocientista-estudo-imune/,lupa,2020-08-24,"['FALSO', 'FALSO']",2,falso|falso,falso|falso,False,falso,False,
https://piaui.folha.uol.com.br/lupa/2020/08/21/verificamos-video-criminosos-rio-de-janeiro-proibicao-stf/,lupa,2020-08-21,['FALSO'],1,falso,falso,False,falso,False,
https://piaui.folha.uol.com.br/lupa/2020/08/21/verificamos-filha-abreu-agressao/,lupa,2020-08-21,['FALSO'],1,falso,falso,False,falso,False,
https://piaui.folha.uol.com.br/lupa/2020/08/21/verificamos-camila-pitanga-covid/,lupa,2020-08-21,['FALSO'],1,falso,falso,False,falso,False,
https://piaui.folha.uol.com.br/lupa/2020/08/20/verificamos-mortos-covid-causa/,lupa,2020-08-20,"['FALSO', 'FALSO']",2,falso|falso,falso|falso,False,falso,False,
https://piaui.folha.uol.com.br/lupa/2020/08/20/verificamos-uso-mascaras-desencorajado/,lupa,2020-08-20,"['FALSO', 'FALSO', 'FALSO', 'FALSO']",4,falso|falso|falso|falso,falso|falso|falso|falso,False,falso,False,
https://piaui.folha.uol.com.br/lupa/2020/08/19/verificamos-suspeito-estupro-menina-10-anos-agredido/,lupa,2020-08-19,['FALSO'],1,falso,falso,False,falso,False,
https://piaui.folha.uol.com.br/lupa/2020/08/18/verificamos-pesquisa-2005-cloroquina/,lupa,2020-08-18,"['FALSO', 'FALSO']",2,falso|falso,falso|falso,False,falso,False,
https://piaui.folha.uol.com.br/lupa/2020/08/18/verificamos-doria-usado-cloroquina/,lupa,2020-08-18,['FALSO'],1,falso,falso,False,falso,False,
https://piaui.folha.uol.com.br/lupa/2020/08/17/verificamos-usp-isolamento-vulneraveis-covid/,lupa,2020-08-17,['FALSO'],1,falso,falso,False,falso,False,
https://piaui.folha.uol.com.br/lupa/2020/08/14/verificamos-mascaras-infeccao-bacteriana/,lupa,2020-08-14,['FALSO'],1,falso,falso,False,falso,False,
https://piaui.folha.uol.com.br/lupa/2020/08/14/verificamos-termometros-glandula-pineal/,lupa,2020-08-14,['FALSO'],1,falso,falso,False,falso,False,
https://piaui.folha.uol.com.br/lupa/2020/08/14/verificamos-bioterroristas-sabotaram-sinalizacao/,lupa,2020-08-14,['FALSO'],1,falso,falso,False,falso,False,
https://piaui.folha.uol.com.br/lupa/2020/08/13/verificamos-medico-video-estudos-hidroxicloroquina/,lupa,2020-08-13,"['EXAGERADO', 'FALSO', 'FALSO']",3,exagerado|falso|falso,verdadeiro fora de contexto ou exagerado|falso|falso,True,,False,
https://piaui.folha.uol.com.br/lupa/2020/08/13/verificamos-doria-isolamento/,lupa,2020-08-13,"['FALSO', 'FALSO']",2,falso|falso,falso|falso,False,falso,False,
https://piaui.folha.uol.com.br/lupa/2020/08/12/verificamos-camila-malaria-covid/,lupa,2020-08-12,['FALSO'],1,falso,falso,False,falso,False,
https://piaui.folha.uol.com.br/lupa/2020/08/12/verificamos-assembleia-nacional-da-franca-aborto-9-meses/,lupa,2020-08-12,['FALSO'],1,falso,falso,False,falso,False,
https://piaui.folha.uol.com.br/lupa/2020/08/12/verificamos-atestado-obito-covid/,lupa,2020-08-12,['FALSO'],1,falso,falso,False,falso,False,
https://piaui.folha.uol.com.br/lupa/2020/08/11/verificamos-porto-feliz-morte/,lupa,2020-08-11,['FALSO'],1,falso,falso,False,falso,False,
https://piaui.folha.uol.com.br/lupa/2020/08/11/verificamos-julho-2020-menos-mortes-pandemia/,lupa,2020-08-11,['FALSO'],1,falso,falso,False,falso,False,
https://piaui.folha.uol.com.br/lupa/2020/08/10/verificamos-portal-pneumonia/,lupa,2020-08-10,['FALSO'],1,falso,falso,False,falso,False,
https://piaui.folha.uol.com.br/lupa/2020/08/10/verificamos-fechamento-empresas-argentinas/,lupa,2020-08-10,"['INSUSTENTÁVEL', 'FALSO']",2,insustentavel|falso,nao_mapeavel|falso,True,,False,
https://piaui.folha.uol.com.br/lupa/2020/08/10/verificamos-covid-lixo-descarte/,lupa,2020-08-10,['FALSO'],1,falso,falso,False,falso,False,
https://piaui.folha.uol.com.br/lupa/2020/08/07/verificamos-paulistano-morreu-covid-19/,lupa,2020-08-07,['FALSO'],1,falso,falso,False,falso,False,
https://piaui.folha.uol.com.br/lupa/2020/08/07/verificamos-video-prefeito-bh-criticado/,lupa,2020-08-07,['FALSO'],1,falso,falso,False,falso,False,
https://piaui.folha.uol.com.br/lupa/2020/08/06/verificamos-ivermectina-africa-covid/,lupa,2020-08-06,"['FALSO', 'FALSO']",2,falso|falso,falso|falso,False,falso,False,
https://piaui.folha.uol.com.br/lupa/2020/08/04/verificamos-vacina-5g-microchip/,lupa,2020-08-04,['FALSO'],1,falso,falso,False,falso,False,
https://piaui.folha.uol.com.br/lupa/2020/08/03/verificamos-bolsonaro-ambulancias-bahia/,lupa,2020-08-03,['FALSO'],1,falso,falso,False,falso,False,
https://piaui.folha.uol.com.br/lupa/2020/08/03/verificamos-foto-protesto-alemanha/,lupa,2020-08-03,['FALSO'],1,falso,falso,False,falso,False,
https://piaui.folha.uol.com.br/lupa/2020/06/30/verificamos-nobel-paz-covid/,lupa,2020-06-30,['FALSO'],1,falso,falso,False,falso,False,
https://piaui.folha.uol.com.br/lupa/2020/06/29/verificamos-covas-cloroquina-tratamento/,lupa,2020-06-29,['FALSO'],1,falso,falso,False,falso,False,
https://piaui.folha.uol.com.br/lupa/2020/06/25/verificamos-trem-transportando-covid19/,lupa,2020-06-25,['FALSO'],1,falso,falso,False,falso,False,
https://piaui.folha.uol.com.br/lupa/2020/06/25/verificamos-votos-contra-nova-lei-saneamento/,lupa,2020-06-25,['FALSO'],1,falso,falso,False,falso,False,
https://piaui.folha.uol.com.br/lupa/2020/06/24/verificamos-cloroquina-gratuita-europa/,lupa,2020-06-24,['FALSO'],1,falso,falso,False,falso,False,
https://piaui.folha.uol.com.br/lupa/2020/06/24/verificamos-congresso-stf-manifestacao/,lupa,2020-06-24,['FALSO'],1,falso,falso,False,falso,False,
https://piaui.folha.uol.com.br/lupa/2020/06/23/verificamos-marinha-protocolo-ivermectina/,lupa,2020-06-23,['FALSO'],1,falso,falso,False,falso,False,
https://piaui.folha.uol.com.br/lupa/2020/06/22/verificamos-doria-positivo-covid/,lupa,2020-06-22,['FALSO'],1,falso,falso,False,falso,False,
https://piaui.folha.uol.com.br/lupa/2020/06/22/verificamos-hospital-messejana-covid-19/,lupa,2020-06-22,['FALSO'],1,falso,falso,False,falso,False,
https://piaui.folha.uol.com.br/lupa/2020/06/22/verificamos-hospitais-verba-covid/,lupa,2020-06-22,['FALSO'],1,falso,falso,False,falso,False,
https://piaui.folha.uol.com.br/lupa/2020/06/22/verificamos-medicos-dancando-video-covid-19-israel/,lupa,2020-06-22,['FALSO'],1,falso,falso,False,falso,False,
https://piaui.folha.uol.com.br/lupa/2020/06/19/verificamos-doria-vacina-idosos/,lupa,2020-06-19,"['FALSO', 'FALSO']",2,falso|falso,falso|falso,False,falso,False,
https://piaui.folha.uol.com.br/lupa/2020/06/19/verificamos-trump-supremo-pandemia/,lupa,2020-06-19,['FALSO'],1,falso,falso,False,falso,False,
https://piaui.folha.uol.com.br/lupa/2020/06/19/verificamos-pandemia-do-medo-c-s-lewis/,lupa,2020-06-19,['FALSO'],1,falso,falso,False,falso,False,
https://piaui.folha.uol.com.br/lupa/2020/06/18/verificamos-foto-amigdalas-relacao-covid/,lupa,2020-06-18,"['FALSO', 'EXAGERADO']",2,falso|exagerado,falso|verdadeiro fora de contexto ou exagerado,True,,False,
https://piaui.folha.uol.com.br/lupa/2020/06/18/verificamos-oms-coronavac-teste/,lupa,2020-06-18,['FALSO'],1,falso,falso,False,falso,False,
https://piaui.folha.uol.com.br/lupa/2020/06/18/verificamos-china-multinacionais-covid/,lupa,2020-06-18,['FALSO'],1,falso,falso,False,falso,False,
https://piaui.folha.uol.com.br/lupa/2020/06/18/verificamos-vacina-gates-chinesa/,lupa,2020-06-18,['FALSO'],1,falso,falso,False,falso,False,
https://piaui.folha.uol.com.br/lupa/2020/06/18/verificamos-vacina-sinovac-macacos/,lupa,2020-06-18,"['FALSO', 'AINDA É CEDO PARA DIZER']",2,falso|ainda e cedo para dizer,falso|nao_mapeavel,True,,False,
https://piaui.folha.uol.com.br/lupa/2020/06/18/verificamos-joice-sem-mascara-covid/,lupa,2020-06-18,['FALSO'],1,falso,falso,False,falso,False,
https://piaui.folha.uol.com.br/lupa/2020/06/17/verificamos-saco-defuntos-sp/,lupa,2020-06-17,['FALSO'],1,falso,falso,False,falso,False,
https://piaui.folha.uol.com.br/lupa/2020/06/17/verificamos-video-ceara-decreto/,lupa,2020-06-17,['FALSO'],1,falso,falso,False,falso,False,
https://piaui.folha.uol.com.br/lupa/2020/06/17/verificamos-foto-assaltantes-testes-covid-19/,lupa,2020-06-17,['FALSO'],1,falso,falso,False,falso,False,
https://piaui.folha.uol.com.br/lupa/2020/06/17/verificamos-dinheiro-secretario-saude/,lupa,2020-06-17,['FALSO'],1,falso,falso,False,falso,False,
https://piaui.folha.uol.com.br/lupa/2020/06/15/verificamos-doria-vacina-butantan/,lupa,2020-06-15,['FALSO'],1,falso,falso,False,falso,False,
https://piaui.folha.uol.com.br/lupa/2020/06/12/verificamos-h1n1-covid-mortes/,lupa,2020-06-12,"['FALSO', 'FALSO']",2,falso|falso,falso|falso,False,falso,False,
https://piaui.folha.uol.com.br/lupa/2020/06/12/verificamos-rapaz-reanimar-covid/,lupa,2020-06-12,['FALSO'],1,falso,falso,False,falso,False,
https://piaui.folha.uol.com.br/lupa/2020/06/10/verificamos-camara-mascara-casa/,lupa,2020-06-10,['FALSO'],1,falso,falso,False,falso,False,
https://piaui.folha.uol.com.br/lupa/2020/06/09/verificamos-oms-assintomaticos-covid/,lupa,2020-06-09,['FALSO'],1,falso,falso,False,falso,False,
https://piaui.folha.uol.com.br/lupa/2020/06/09/verificamos-video-baile-decisao-stf/,lupa,2020-06-09,['FALSO'],1,falso,falso,False,falso,False,
https://piaui.folha.uol.com.br/lupa/2020/06/09/verificamos-oms-desaconselhou-isolamento/,lupa,2020-06-09,['FALSO'],1,falso,falso,False,falso,False,
https://piaui.folha.uol.com.br/lupa/2020/06/09/verificamos-pernambuco-areia-alcool/,lupa,2020-06-09,['FALSO'],1,falso,falso,False,falso,False,
https://piaui.folha.uol.com.br/lupa/2020/06/08/verificamos-haddad-festa-covid/,lupa,2020-06-08,['FALSO'],1,falso,falso,False,falso,False,
https://piaui.folha.uol.com.br/lupa/2020/06/08/verificamos-obito-covid-suspeito/,lupa,2020-06-08,['FALSO'],1,falso,falso,False,falso,False,
https://piaui.folha.uol.com.br/lupa/2020/06/08/verificamos-tuite-trump-javier/,lupa,2020-06-08,['FALSO'],1,falso,falso,False,falso,False,
https://piaui.folha.uol.com.br/lupa/2020/06/05/verificamos-tasuku-honjo-nobel-coronavirus-laboratorio/,lupa,2020-06-05,"['FALSO', 'FALSO']",2,falso|falso,falso|falso,False,falso,False,
https://piaui.folha.uol.com.br/lupa/2020/06/04/verificamos-primeira-dama-unimed-hidroxicloroquina/,lupa,2020-06-04,['FALSO'],1,falso,falso,False,falso,False,
https://piaui.folha.uol.com.br/lupa/2020/06/04/verificamos-renata-vasconcellos-covid/,lupa,2020-06-04,['FALSO'],1,falso,falso,False,falso,False,
https://piaui.folha.uol.com.br/lupa/2020/06/03/verificamos-madagascar-oms-covid/,lupa,2020-06-03,['FALSO'],1,falso,falso,False,falso,False,
https://piaui.folha.uol.com.br/lupa/2020/06/03/verificamos-belem-nao-teve-nenhuma-morte-covid-19/,lupa,2020-06-03,['FALSO'],1,falso,falso,False,falso,False,
https://piaui.folha.uol.com.br/lupa/2020/06/03/verificamos-ministro-interiono-policia/,lupa,2020-06-03,['FALSO'],1,falso,falso,False,falso,False,
https://piaui.folha.uol.com.br/lupa/2020/06/02/verificamos-saco-funeral-covid/,lupa,2020-06-02,['FALSO'],1,falso,falso,False,falso,False,
https://piaui.folha.uol.com.br/lupa/2020/06/02/verificamos-rio-obitos-policia/,lupa,2020-06-02,['FALSO'],1,falso,falso,False,falso,False,
https://piaui.folha.uol.com.br/lupa/2020/06/01/verificamos-ceara-obitos-coronavirus/,lupa,2020-06-01,['FALSO'],1,falso,falso,False,falso,False,
https://piaui.folha.uol.com.br/lupa/2020/06/05/verificamos-hospital-de-campanha-do-anhembi-vazio/,lupa,2020-06-05,['FALSO'],1,falso,falso,False,falso,False,
https://piaui.folha.uol.com.br/lupa/2019/06/18/verificamos-paracetamol-virus-mortal/,lupa,2019-06-18,['FALSO'],1,falso,falso,False,falso,False,
https://piaui.folha.uol.com.br/lupa/2019/03/28/verificamos-labio-leporino/,lupa,2019-03-28,['FALSO'],1,falso,falso,False,falso,False,
https://piaui.folha.uol.com.br/lupa/2021/02/25/verificamos-pazuello-santarem-covid/,lupa,2021-02-25,"['FALSO', 'VERDADEIRO, MAS']",2,"falso|verdadeiro, mas",falso|verdadeiro fora de contexto ou exagerado,True,,False,
https://piaui.folha.uol.com.br/lupa/2021/02/25/verificamos-cloroquina-gripe-espanhola/,lupa,2021-02-25,['FALSO'],1,falso,falso,False,falso,False,
https://piaui.folha.uol.com.br/lupa/2021/02/23/verificamos-vacinas-covid-19-cegueira-reino-unido/,lupa,2021-02-23,['FALSO'],1,falso,falso,False,falso,False,
https://piaui.folha.uol.com.br/lupa/2021/02/23/anuncio-medicos-pela-vida-covid-19/,lupa,2021-02-23,"['FALSO', 'FALSO', 'AINDA É CEDO PARA DIZER', 'FALSO']",4,falso|falso|ainda e cedo para dizer|falso,falso|falso|nao_mapeavel|falso,True,,False,
https://piaui.folha.uol.com.br/lupa/2021/02/22/vacina-hiv-brasil/,lupa,2021-02-22,"['FALSO', 'FALSO', 'FALSO', 'VERDADEIRO', 'VERDADEIRO', 'FALSO', 'VERDADEIRO, MAS']",7,"falso|falso|falso|verdadeiro|verdadeiro|falso|verdadeiro, mas",falso|falso|falso|verdadeiro|verdadeiro|falso|verdadeiro fora de contexto ou exagerado,True,,False,
https://piaui.folha.uol.com.br/lupa/2021/02/19/cdc-mortes-covid-19-eua/,lupa,2021-02-19,['FALSO'],1,falso,falso,False,falso,False,
https://piaui.folha.uol.com.br/lupa/2021/02/19/verificamos-e-falso-calendario-de-vacinacao-contra-covid-19-de-pessoas-entre-55-74-anos-em-marco/,lupa,2021-02-19,['FALSO'],1,falso,falso,False,falso,False,
https://piaui.folha.uol.com.br/lupa/2021/02/19/verificamos-anvisa-vacinas-covid/,lupa,2021-02-19,['FALSO'],1,falso,falso,False,falso,False,
https://piaui.folha.uol.com.br/lupa/2021/02/19/verificamos-testes-pcr-covid/,lupa,2021-02-19,"['FALSO', 'FALSO']",2,falso|falso,falso|falso,False,falso,False,
https://piaui.folha.uol.com.br/lupa/2021/02/18/verificamos-lima-duarte-suplemento-dores-articulares/,lupa,2021-02-18,['FALSO'],1,falso,falso,False,falso,False,
https://piaui.folha.uol.com.br/lupa/2021/02/17/verificamos-vacinas-rna-eficacia/,lupa,2021-02-17,['FALSO'],1,falso,falso,False,falso,False,
https://piaui.folha.uol.com.br/lupa/2021/02/11/verificamos-estudo-mascaras-microbios-cancer/,lupa,2021-02-11,['FALSO'],1,falso,falso,False,falso,False,
https://piaui.folha.uol.com.br/lupa/2021/02/11/verificamos-natalia-pasternak/,lupa,2021-02-11,"['FALSO', 'VERDADEIRO', 'FALSO', 'VERDADEIRO, MAS']",4,"falso|verdadeiro|falso|verdadeiro, mas",falso|verdadeiro|falso|verdadeiro fora de contexto ou exagerado,True,,False,
https://piaui.folha.uol.com.br/lupa/2021/02/10/verificamos-mariana-gross-flamengo/,lupa,2021-02-10,['FALSO'],1,falso,falso,False,falso,False,
https://piaui.folha.uol.com.br/lupa/2021/02/10/verificamos-outdoors-elogio-doria/,lupa,2021-02-10,['FALSO'],1,falso,falso,False,falso,False,
https://piaui.folha.uol.com.br/lupa/2021/02/09/verificamos-idosa-morreu-vacinada/,lupa,2021-02-09,['FALSO'],1,falso,falso,False,falso,False,
https://piaui.folha.uol.com.br/lupa/2021/02/08/verificamos-usp-estudo-coronavirus/,lupa,2021-02-08,['FALSO'],1,falso,falso,False,falso,False,
https://piaui.folha.uol.com.br/lupa/2021/02/08/verificamos-amazonas-covid-pazuello/,lupa,2021-02-08,['FALSO'],1,falso,falso,False,falso,False,
https://piaui.folha.uol.com.br/lupa/2021/02/05/verificamos-vacinas-morte-estados-unidos/,lupa,2021-02-05,['FALSO'],1,falso,falso,False,falso,False,
https://piaui.folha.uol.com.br/lupa/2021/02/05/verificamos-variante-coronavirus-manaus/,lupa,2021-02-05,"['INSUSTENTÁVEL', 'INSUSTENTÁVEL']",2,insustentavel|insustentavel,nao_mapeavel|nao_mapeavel,False,nao_mapeavel,False,
https://piaui.folha.uol.com.br/lupa/2021/02/05/verificamos-rn-estragar-vacina/,lupa,2021-02-05,['FALSO'],1,falso,falso,False,falso,False,
https://piaui.folha.uol.com.br/lupa/2021/02/04/verificamos-pastor-vacinado-coronavac-tocantins/,lupa,2021-02-04,['FALSO'],1,falso,falso,False,falso,False,
https://piaui.folha.uol.com.br/lupa/2021/02/04/verificamos-vacina-bauru-doria/,lupa,2021-02-04,['FALSO'],1,falso,falso,False,falso,False,
https://piaui.folha.uol.com.br/lupa/2021/02/04/verificamos-ceo-pfizer-vacina/,lupa,2021-02-04,['FALSO'],1,falso,falso,False,falso,False,
https://piaui.folha.uol.com.br/lupa/2021/02/03/verificamos-populacao-portugal-confinada/,lupa,2021-02-03,"['FALSO', 'VERDADEIRO, MAS', 'FALSO']",3,"falso|verdadeiro, mas|falso",falso|verdadeiro fora de contexto ou exagerado|falso,True,,False,
https://piaui.folha.uol.com.br/lupa/2021/02/02/verificamos-tralli-sem-mascara/,lupa,2021-02-02,['FALSO'],1,falso,falso,False,falso,False,
https://piaui.folha.uol.com.br/lupa/2021/02/02/verificamos-morte-cacique-vacina/,lupa,2021-02-02,"['VERDADEIRO, MAS']",1,"verdadeiro, mas",verdadeiro fora de contexto ou exagerado,False,verdadeiro fora de contexto ou exagerado,False,
https://piaui.folha.uol.com.br/lupa/2021/02/01/verificamos-hidroxicloroquina-estados-unidos-trump/,lupa,2021-02-01,['FALSO'],1,falso,falso,False,falso,False,
https://piaui.folha.uol.com.br/lupa/2021/02/01/verificamos-coronavac-vacina-oxford/,lupa,2021-02-01,['EXAGERADO'],1,exagerado,verdadeiro fora de contexto ou exagerado,False,verdadeiro fora de contexto ou exagerado,False,
https://piaui.folha.uol.com.br/lupa/2018/05/30/verificamos-surto-conjuntivite-3/,lupa,2018-05-30,['FALSO'],1,falso,falso,False,falso,False,
https://piaui.folha.uol.com.br/lupa/2018/05/24/verificamos-temer-farmacia/,lupa,2018-05-24,['FALSO'],1,falso,falso,False,falso,False,
https://piaui.folha.uol.com.br/lupa/2018/05/17/verificamos-carmen-dodge-gleisi/,lupa,2018-05-17,['FALSO'],1,falso,falso,False,falso,False,
https://piaui.folha.uol.com.br/lupa/2018/05/17/prefeitos-presidenciaveis/,lupa,2018-05-17,"['AINDA É CEDO PARA DIZER', 'EXAGERADO', 'EXAGERADO', 'VERDADEIRO, MAS', 'EXAGERADO', 'EXAGERADO', 'VERDADEIRO', 'EXAGERADO', 'VERDADEIRO, MAS', 'EXAGERADO', 'EXAGERADO']",11,"ainda e cedo para dizer|exagerado|exagerado|verdadeiro, mas|exagerado|exagerado|verdadeiro|exagerado|verdadeiro, mas|exagerado|exagerado",nao_mapeavel|verdadeiro fora de contexto ou exagerado|verdadeiro fora de contexto ou exagerado|verdadeiro fora de contexto ou exagerado|verdadeiro fora de contexto ou exagerado|verdadeiro fora de contexto ou exagerado|verdadeiro|verdadeiro fora de contexto ou exagerado|verdadeiro fora de contexto ou exagerado|verdadeiro fora de contexto ou exagerado|verdadeiro fora de contexto ou exagerado,True,,False,
https://piaui.folha.uol.com.br/lupa/2018/05/15/verificamos-surto-gripe-vacina/,lupa,2018-05-15,"['FALSO', 'FALSO']",2,falso|falso,falso|falso,False,falso,False,
https://piaui.folha.uol.com.br/lupa/2017/12/28/1-ano-kalil/,lupa,2017-12-28,"['DE OLHO', 'VERDADEIRO, MAS', 'EXAGERADO']",3,"de olho|verdadeiro, mas|exagerado",nao_mapeavel|verdadeiro fora de contexto ou exagerado|verdadeiro fora de contexto ou exagerado,True,,False,
https://piaui.folha.uol.com.br/lupa/2017/12/27/1-ano-crivella/,lupa,2017-12-27,"['DE OLHO', 'DE OLHO', 'CONTRADITÓRIO']",3,de olho|de olho|contraditorio,nao_mapeavel|nao_mapeavel|nao_mapeavel,False,nao_mapeavel,False,
https://piaui.folha.uol.com.br/lupa/2017/12/20/crivella-promessas-saude-seguranca/,lupa,2017-12-20,"['VERDADEIRO, MAS', 'VERDADEIRO, MAS']",2,"verdadeiro, mas|verdadeiro, mas",verdadeiro fora de contexto ou exagerado|verdadeiro fora de contexto ou exagerado,False,verdadeiro fora de contexto ou exagerado,False,
https://piaui.folha.uol.com.br/lupa/2017/12/05/mentiras-verdade-aids-hiv/,lupa,2017-12-05,['VERDADEIRO'],1,verdadeiro,verdadeiro,False,verdadeiro,False,
https://piaui.folha.uol.com.br/lupa/2016/09/30/promessas-ao-vento-rj/,lupa,2016-09-30,"['DE OLHO', 'DE OLHO', 'DE OLHO', 'DE OLHO']",4,de olho|de olho|de olho|de olho,nao_mapeavel|nao_mapeavel|nao_mapeavel|nao_mapeavel,False,nao_mapeavel,False,
https://piaui.folha.uol.com.br/lupa/2016/09/30/promessas-ao-vento-sp/,lupa,2016-09-30,"['DE OLHO', 'DE OLHO', 'DE OLHO', 'DE OLHO']",4,de olho|de olho|de olho|de olho,nao_mapeavel|nao_mapeavel|nao_mapeavel|nao_mapeavel,False,nao_mapeavel,False,
https://piaui.folha.uol.com.br/lupa/2016/09/26/debate-record-rj/,lupa,2016-09-26,"['VERDADEIRO', 'EXAGERADO', 'VERDADEIRO', 'AINDA É CEDO PARA DIZER', 'EXAGERADO', 'VERDADEIRO', 'EXAGERADO', 'VERDADEIRO', 'DE OLHO', 'VERDADEIRO, MAS', 'EXAGERADO']",11,"verdadeiro|exagerado|verdadeiro|ainda e cedo para dizer|exagerado|verdadeiro|exagerado|verdadeiro|de olho|verdadeiro, mas|exagerado",verdadeiro|verdadeiro fora de contexto ou exagerado|verdadeiro|nao_mapeavel|verdadeiro fora de contexto ou exagerado|verdadeiro|verdadeiro fora de contexto ou exagerado|verdadeiro|nao_mapeavel|verdadeiro fora de contexto ou exagerado|verdadeiro fora de contexto ou exagerado,True,,False,
https://piaui.folha.uol.com.br/lupa/2016/09/20/falso-crivella-erra-ao-falar-de-saude-e-ao-defender-rodrigo-bethlem/,lupa,2016-09-20,"['FALSO', 'FALSO', 'VERDADEIRO', 'VERDADEIRO']",4,falso|falso|verdadeiro|verdadeiro,falso|falso|verdadeiro|verdadeiro,True,,False,
https://piaui.folha.uol.com.br/lupa/2016/09/13/cyro-diz-ter-propostas-especificas-mas-nao-cita-rio-de-janeiro-em-programa/,lupa,2016-09-13,"['VERDADEIRO, MAS']",1,"verdadeiro, mas",verdadeiro fora de contexto ou exagerado,False,verdadeiro fora de contexto ou exagerado,False,
https://piaui.folha.uol.com.br/lupa/2016/09/12/no-catraca-livre-haddad-acerta-dado-sobre-transito-e-antecipa-avanco-na-saude/,lupa,2016-09-12,"['AINDA É CEDO PARA DIZER', 'VERDADEIRO']",2,ainda e cedo para dizer|verdadeiro,nao_mapeavel|verdadeiro,True,,False,
https://piaui.folha.uol.com.br/lupa/2016/09/12/freixo-erra-ao-posicionar-o-rio-como-a-cidade-com-o-menor-numero-de-leitos-hospitalares/,lupa,2016-09-12,"['FALSO', 'VERDADEIRO, MAS']",2,"falso|verdadeiro, mas",falso|verdadeiro fora de contexto ou exagerado,True,,False,
https://piaui.folha.uol.com.br/lupa/2016/09/06/erundina-psol-cbn-sp/,lupa,2016-09-06,"['EXAGERADO', 'VERDADEIRO, MAS']",2,"exagerado|verdadeiro, mas",verdadeiro fora de contexto ou exagerado|verdadeiro fora de contexto ou exagerado,False,verdadeiro fora de contexto ou exagerado,False,
https://piaui.folha.uol.com.br/lupa/2016/09/02/propostas-de-governo-sp/,lupa,2016-09-02,"['EXAGERADO', 'DE OLHO', 'DE OLHO', 'DE OLHO', 'DE OLHO', 'DE OLHO']",6,exagerado|de olho|de olho|de olho|de olho|de olho,verdadeiro fora de contexto ou exagerado|nao_mapeavel|nao_mapeavel|nao_mapeavel|nao_mapeavel|nao_mapeavel,True,,False,
https://piaui.folha.uol.com.br/lupa/2018/02/22/crivella-intervencao-2/,lupa,2018-02-22,['DE OLHO'],1,de olho,nao_mapeavel,False,nao_mapeavel,False,
https://piaui.folha.uol.com.br/lupa/2018/02/21/deputados-decreto-intervencao/,lupa,2018-02-21,"['EXAGERADO', 'EXAGERADO', 'EXAGERADO', 'VERDADEIRO, MAS']",4,"exagerado|exagerado|exagerado|verdadeiro, mas",verdadeiro fora de contexto ou exagerado|verdadeiro fora de contexto ou exagerado|verdadeiro fora de contexto ou exagerado|verdadeiro fora de contexto ou exagerado,False,verdadeiro fora de contexto ou exagerado,False,
https://piaui.folha.uol.com.br/lupa/2020/03/31/verificamos-dono-carrefour-coronavirus/,lupa,2020-03-31,"['FALSO', 'FALSO']",2,falso|falso,falso|falso,False,falso,False,
https://piaui.folha.uol.com.br/lupa/2020/03/31/oms-restricoes-covoravirus/,lupa,2020-03-31,['FALSO'],1,falso,falso,False,falso,False,
https://piaui.folha.uol.com.br/lupa/2020/03/31/verificamos-fatima-vodu-bolsonaro/,lupa,2020-03-31,['FALSO'],1,falso,falso,False,falso,False,
https://piaui.folha.uol.com.br/lupa/2020/03/30/verificamos-luciano-hang-roberto-justus-e-eduardo-costa-90-respiradores-milhoes-sus/,lupa,2020-03-30,['FALSO'],1,falso,falso,False,falso,False,
https://piaui.folha.uol.com.br/lupa/2020/03/30/verificamos-gleisi-militantes-pt-ajuda-governo-pandemia/,lupa,2020-03-30,['FALSO'],1,falso,falso,False,falso,False,
https://piaui.folha.uol.com.br/lupa/2020/03/30/verificamos-auxilio-coronavirus/,lupa,2020-03-30,['FALSO'],1,falso,falso,False,falso,False,
https://piaui.folha.uol.com.br/lupa/2020/03/30/verificamos-cesta-basica-maranhao-coronavirus/,lupa,2020-03-30,['FALSO'],1,falso,falso,False,falso,False,
https://piaui.folha.uol.com.br/lupa/2020/03/27/verificamos-israel-coronavirus/,lupa,2020-03-27,['FALSO'],1,falso,falso,False,falso,False,
https://piaui.folha.uol.com.br/lupa/2020/03/27/verificamos-arnaldo-jabor-texto-elogio-falta-etiqueta-bolsonaro/,lupa,2020-03-27,['FALSO'],1,falso,falso,False,falso,False,
https://piaui.folha.uol.com.br/lupa/2020/03/27/duvidas-coronavius-lupa/,lupa,2020-03-27,"['INSUSTENTÁVEL', 'VERDADEIRO', 'FALSO', 'VERDADEIRO, MAS', 'FALSO', 'VERDADEIRO', 'FALSO']",7,"insustentavel|verdadeiro|falso|verdadeiro, mas|falso|verdadeiro|falso",nao_mapeavel|verdadeiro|falso|verdadeiro fora de contexto ou exagerado|falso|verdadeiro|falso,True,,False,
https://piaui.folha.uol.com.br/lupa/2020/03/27/verificamos-coronavirus-h1n1/,lupa,2020-03-27,['FALSO'],1,falso,falso,False,falso,False,
https://piaui.folha.uol.com.br/lupa/2020/03/27/verificamos-imagem-supermercado-saqueado-covid-19/,lupa,2020-03-27,['FALSO'],1,falso,falso,False,falso,False,
https://piaui.folha.uol.com.br/lupa/2020/03/26/verificamos-general-augusto-heleno-covid-19-cloroquina/,lupa,2020-03-26,['FALSO'],1,falso,falso,False,falso,False,
https://piaui.folha.uol.com.br/lupa/2020/03/26/verificamos-quarentena-marginal-tiete-coronavirus/,lupa,2020-03-26,['FALSO'],1,falso,falso,False,falso,False,
https://piaui.folha.uol.com.br/lupa/2020/03/25/verificamos-gusttavo-lima-bolsonaro/,lupa,2020-03-25,['FALSO'],1,falso,falso,False,falso,False,
https://piaui.folha.uol.com.br/lupa/2020/03/25/verificamos-homens-barba-coronavirus/,lupa,2020-03-25,['FALSO'],1,falso,falso,False,falso,False,
https://piaui.folha.uol.com.br/lupa/2020/03/25/verificamos-testes-vacina-coronavirus/,lupa,2020-03-25,['FALSO'],1,falso,falso,False,falso,False,
https://piaui.folha.uol.com.br/lupa/2020/03/24/verificamos-copacabana-quarentena-coronavirus/,lupa,2020-03-24,['FALSO'],1,falso,falso,False,falso,False,
https://piaui.folha.uol.com.br/lupa/2020/03/23/verificamos-hospital-campanha-sp-prefeitura-mil-vagas-trabalho/,lupa,2020-03-23,"['FALSO', 'EXAGERADO']",2,falso|exagerado,falso|verdadeiro fora de contexto ou exagerado,True,,False,
https://piaui.folha.uol.com.br/lupa/2020/03/23/verificamos-vacina-coronavirus-roche/,lupa,2020-03-23,['FALSO'],1,falso,falso,False,falso,False,
https://piaui.folha.uol.com.br/lupa/2020/03/23/verificamos-receita-alcool-coronavirus/,lupa,2020-03-23,['FALSO'],1,falso,falso,False,falso,False,
https://piaui.folha.uol.com.br/lupa/2020/03/23/verificamos-baile-funk-coronavirus/,lupa,2020-03-23,['FALSO'],1,falso,falso,False,falso,False,
https://piaui.folha.uol.com.br/lupa/2020/03/20/verificamos-atacadao-cestas-basicas-pandemia-covid-19/,lupa,2020-03-20,['FALSO'],1,falso,falso,False,falso,False,
https://piaui.folha.uol.com.br/lupa/2020/03/20/verificamos-coronavirus-agentes-assaltos/,lupa,2020-03-20,"['FALSO', 'FALSO']",2,falso|falso,falso|falso,False,falso,False,
https://piaui.folha.uol.com.br/lupa/2020/03/20/verificamos-maju-coutinho-coronavirus/,lupa,2020-03-20,['FALSO'],1,falso,falso,False,falso,False,
https://piaui.folha.uol.com.br/lupa/2020/03/20/verificamos-idosos-desrespeitarem-isolamento-covid-19-aposentadoria-suspensa/,lupa,2020-03-20,['FALSO'],1,falso,falso,False,falso,False,
https://piaui.folha.uol.com.br/lupa/2020/03/19/verificamos-netflix-coronavirus/,lupa,2020-03-19,['FALSO'],1,falso,falso,False,falso,False,
https://piaui.folha.uol.com.br/lupa/2020/03/19/verificamos-petrobras-coronavirus/,lupa,2020-03-19,['FALSO'],1,falso,falso,False,falso,False,
https://piaui.folha.uol.com.br/lupa/2020/03/19/verificamos-ambev-alcool/,lupa,2020-03-19,"['VERDADEIRO', 'FALSO']",2,verdadeiro|falso,verdadeiro|falso,True,,False,
https://piaui.folha.uol.com.br/lupa/2020/03/19/verificamos-vacina-coronavirus-cachorro/,lupa,2020-03-19,['FALSO'],1,falso,falso,False,falso,False,
https://piaui.folha.uol.com.br/lupa/2020/03/19/verificamos-uber-coronavirus/,lupa,2020-03-19,['FALSO'],1,falso,falso,False,falso,False,
https://piaui.folha.uol.com.br/lupa/2020/03/18/coronavirus-caixoes-italia/,lupa,2020-03-18,['FALSO'],1,falso,falso,False,falso,False,
https://piaui.folha.uol.com.br/lupa/2020/03/18/verificamos-rodrigo-maia-lei-fechar-fronteiras/,lupa,2020-03-18,['FALSO'],1,falso,falso,False,falso,False,
https://piaui.folha.uol.com.br/lupa/2020/03/17/verificamos-preta-gil-covid/,lupa,2020-03-17,['FALSO'],1,falso,falso,False,falso,False,
https://piaui.folha.uol.com.br/lupa/2020/03/17/verificamos-igreja-universal-alcool-em-gel-ungido/,lupa,2020-03-17,['FALSO'],1,falso,falso,False,falso,False,
https://piaui.folha.uol.com.br/lupa/2020/03/17/verificamos-recomendacoes-coronavirus/,lupa,2020-03-17,"['FALSO', 'FALSO', 'FALSO', 'FALSO', 'VERDADEIRO']",5,falso|falso|falso|falso|verdadeiro,falso|falso|falso|falso|verdadeiro,True,,False,
https://piaui.folha.uol.com.br/lupa/2020/03/17/verificamos-barroso-bolsonaro/,lupa,2020-03-17,['FALSO'],1,falso,falso,False,falso,False,
https://piaui.folha.uol.com.br/lupa/2020/03/17/verificamos-israel-vacina-coronavirus/,lupa,2020-03-17,['FALSO'],1,falso,falso,False,falso,False,
https://piaui.folha.uol.com.br/lupa/2020/03/17/verificamos-agua-fervida-com-alho-cura-novo-coronavirus/,lupa,2020-03-17,['FALSO'],1,falso,falso,False,falso,False,
https://piaui.folha.uol.com.br/lupa/2020/03/16/verificamos-prender-respiracao-10-segundos-novo-coronavirus/,lupa,2020-03-16,"['VERDADEIRO', 'FALSO', 'FALSO', 'FALSO']",4,verdadeiro|falso|falso|falso,verdadeiro|falso|falso|falso,True,,False,
https://piaui.folha.uol.com.br/lupa/2020/03/16/bolsonaro-cnn-coronavirus/,lupa,2020-03-16,"['FALSO', 'CONTRADITÓRIO', 'CONTRADITÓRIO', 'VERDADEIRO, MAS', 'FALSO', 'VERDADEIRO, MAS']",6,"falso|contraditorio|contraditorio|verdadeiro, mas|falso|verdadeiro, mas",falso|nao_mapeavel|nao_mapeavel|verdadeiro fora de contexto ou exagerado|falso|verdadeiro fora de contexto ou exagerado,True,,False,
https://piaui.folha.uol.com.br/lupa/2020/03/13/verificamos-cuba-vacina-novo-coronavirus/,lupa,2020-03-13,['FALSO'],1,falso,falso,False,falso,False,
https://piaui.folha.uol.com.br/lupa/2020/03/12/verificamos-informacoes-falsas-caracteristicas-novo-coronavirus/,lupa,2020-03-12,"['FALSO', 'FALSO', 'INSUSTENTÁVEL', 'VERDADEIRO', 'FALSO', 'VERDADEIRO', 'FALSO']",7,falso|falso|insustentavel|verdadeiro|falso|verdadeiro|falso,falso|falso|nao_mapeavel|verdadeiro|falso|verdadeiro|falso,True,,False,
https://piaui.folha.uol.com.br/lupa/2020/03/11/verificamos-fatima-bernardes-suzy/,lupa,2020-03-11,['FALSO'],1,falso,falso,False,falso,False,
https://piaui.folha.uol.com.br/lupa/2020/03/11/verificamos-charge-globo-drauzio-varella-carlos-latuff/,lupa,2020-03-11,['FALSO'],1,falso,falso,False,falso,False,
https://piaui.folha.uol.com.br/lupa/2020/03/10/verificamos-mulher-cheirando-cocaina-foto-ativista-aborto-psol/,lupa,2020-03-10,['FALSO'],1,falso,falso,False,falso,False,
https://piaui.folha.uol.com.br/lupa/2020/03/09/verificamos-lula-ladroes-celulares/,lupa,2020-03-09,['FALSO'],1,falso,falso,False,falso,False,
https://piaui.folha.uol.com.br/lupa/2020/03/06/verificamos-alcool-gel-teste-bafometro/,lupa,2020-03-06,['FALSO'],1,falso,falso,False,falso,False,
https://piaui.folha.uol.com.br/lupa/2020/03/05/cancer-pele-mitos-verdades/,lupa,2020-03-05,"['FALSO', 'FALSO', 'VERDADEIRO', 'EXAGERADO', 'VERDADEIRO']",5,falso|falso|verdadeiro|exagerado|verdadeiro,falso|falso|verdadeiro|verdadeiro fora de contexto ou exagerado|verdadeiro,True,,False,
https://piaui.folha.uol.com.br/lupa/2020/03/04/verificamos-vitamina-coronavirus/,lupa,2020-03-04,"['FALSO', 'FALSO', 'FALSO']",3,falso|falso|falso,falso|falso|falso,False,falso,False,
https://piaui.folha.uol.com.br/lupa/2020/03/03/verificamos-vinagre-coronavirus/,lupa,2020-03-03,['FALSO'],1,falso,falso,False,falso,False,
https://piaui.folha.uol.com.br/lupa/2020/03/03/verificamos-simpsons-previram-chegada-novo-coronavirus/,lupa,2020-03-03,['FALSO'],1,falso,falso,False,falso,False,
https://piaui.folha.uol.com.br/lupa/2019/09/27/verificamos-escorpiao-gelo/,lupa,2019-09-27,['FALSO'],1,falso,falso,False,falso,False,
https://piaui.folha.uol.com.br/lupa/2019/09/17/suicidio-mitos-verdades-sobre-tema/,lupa,2019-09-17,"['FALSO', 'FALSO', 'FALSO', 'FALSO', 'VERDADEIRO', 'VERDADEIRO']",6,falso|falso|falso|falso|verdadeiro|verdadeiro,falso|falso|falso|falso|verdadeiro|verdadeiro,True,,False,
https://piaui.folha.uol.com.br/lupa/2019/09/13/verificamos-graviola-cancer/,lupa,2019-09-13,"['FALSO', 'EXAGERADO', 'FALSO']",3,falso|exagerado|falso,falso|verdadeiro fora de contexto ou exagerado|falso,True,,False,
https://piaui.folha.uol.com.br/lupa/2019/09/13/suicidio-osmar-damares-mandetta/,lupa,2019-09-13,"['FALSO', 'FALSO', 'VERDADEIRO', 'VERDADEIRO', 'EXAGERADO', 'VERDADEIRO', 'VERDADEIRO']",7,falso|falso|verdadeiro|verdadeiro|exagerado|verdadeiro|verdadeiro,falso|falso|verdadeiro|verdadeiro|verdadeiro fora de contexto ou exagerado|verdadeiro|verdadeiro,True,,False,
https://piaui.folha.uol.com.br/lupa/2019/09/06/verificamos-verme-pimentao/,lupa,2019-09-06,['FALSO'],1,falso,falso,False,falso,False,
https://piaui.folha.uol.com.br/lupa/2019/09/02/verificamos-drauzio-dores-articulares/,lupa,2019-09-02,['FALSO'],1,falso,falso,False,falso,False,
https://piaui.folha.uol.com.br/lupa/2019/09/02/verificamos-pasta-cor/,lupa,2019-09-02,['FALSO'],1,falso,falso,False,falso,False,
