Unnamed: 0,Titulo,Categoria,Autor,Data,URL,Noticia,Label,Subtitulo
2705,Americanos assustados sinalizam lenta recuperação do consumo  ,saúde,Christopher Condon,11/05/2020 14h25 ,,"david wright, de 62 anos, estava na porta da sua loja replay arcade na semana passada, tentando ver o lado positivo das coisas. como único proprietário, ele é inquilino do mall of georgia, que ficou fechado por um mês, mas reabriu em 4 de maio. "" mesmo com a suposição de que o vírus que causa a covid-19 estará sob controle nas próximas semanas, a economia dos eua enfrenta uma lenta e dolorosa batalha contra a devastadora crise de saúde pública. os consumidores respondem por 70% do pib dos eua e foram atingidos em várias frentes. para alguns, foi um golpe certeiro na conta bancária. outros foram afetados em suas condições de assalariados, consumidores e animais sociais.",0,
17162,Saúde autoriza mais 32 leitos de UTI Covid-19 para Santa Catarina,saúde, ,14/04/2021 17h55,,"o ministério da saúde autorizou, nesta quarta-feira (14/04), mais 32 leitos de uti adulto ao estado de santa catarina para atendimento exclusivo aos pacientes graves com covid-19, em caráter excepcional e temporário. ao total, quatro municípios catarinenses foram beneficiados, conforme portaria publicada no diário oficial da união (dou) – acesse aqui. o valor do repasse mensal será de r$ 1,5 milhão, correspondente à abril. a autorização de leitos de uti covid-19 ocorre sob demanda dos estados, que têm autonomia para disponibilizar e financiar quantos leitos forem necessários. apesar disso, o ministério da saúde, em decorrência do atual cenário de emergência, disponibiliza recursos financeiros e auxílio técnico para o enfrentamento da doença.",0,
21589,Sisu 2021: como funciona a seleção unificada de universidades para participantes do Enem,brasil,,7:24 6 abril 2021,,"as inscrições para o sisu 2021 (sistema de seleção unificado) estão abertas. é a oportunidade de estudantes que fizeram o exame nacional do ensino médio (enem) concorrerem a vagas em universidades públicas estaduais e federais de todo o país. o calendário do sisu foi modificado para acompanhar o adiamento do enem 2020, por conta da pandemia - as provas do exame, inicialmente previstas para novembro, foram realizadas entre janeiro e fevereiro de 2021. a seleção acontece duas vezes por ano: uma no início do primeiro semestre e a outra no início do segundo semestre. o processo seletivo é totalmente automatizado e utiliza as notas no enem para classificar os candidatos.",0,
4689,Anvisa dá autorização para distribuição de oxigênio com pureza menor em Manaus  ,saúde,João Ker,15/01/2021 14h30 ,,"a agência nacional de vigilância sanitária (anvisa) concedeu autorização excepcional para que a white martins, empresa que fornece oxigênio para o amazonas, produzisse a substância com grau de pureza 95%, abaixo dos 99% habituais. na noite de ontem, o presidente venezuelano nicolás maduro já havia autorizado a carga a sair do país. "" em nota, a anvisa confirmou que a autorização emergencial de oxigênio com 95% de pureza foi concedida para as unidades da rede estadual de saúde do amazonas pelo prazo de 180 dias, sob duas condições: que a pureza correta do produto fosse informada aos profissionais e serviços de saúde e que a distribuição cessasse ""assim que a situação for normalizada"". ""luisa explica que geralmente as produções de oxigênio hospitalar são feitas pela purificação do ar que a gente respira, composto geralmente por 21% de oxigênio e, em proporção majoritária, 78% de nitrogênio, além de outros gases. "" ""a taxa de 95%, ela afirma, não chega a ser prejudicial. """,0,
7020,STF recebe novas ações contra descontos na mensalidade escolar  ,saúde,18/07/2020 13h03 ,18/07/2020 13h03 ,,"as associações que representam escolas e faculdades particulares entraram com novas ações no stf (supremo tribunal federal) para suspenderem leis estaduais que concederam descontos lineares nas mensalidades. nas ações, as entidades pedem uma liminar para proibir a concessão de desconto compulsório. devido ao recesso de julho na corte ainda não há prazo para decisão. as duas novas ações foram protocoladas pelo conselho de reitores das universidades brasileiras e a anup (associação nacional das universidades particulares). as entidades alegam que as normas de vários estados retiram das escolas privadas o poder de negociar com os pais ou alunos individualmente os atrasos no pagamento, beneficiando quem não teve a renda afetada durante a pandemia. além disso, o setor alega que o serviço educacional continua sendo prestado de forma remota, por meio de aulas virtuais, autorizadas pelo conselho nacional de educação.",0,
8628,"EUA e China não devem deixar Brasil 'de joelhos' por vacina, diz Kátia Abreu  ",política,Mariana Sanches - @mariana_sanches - Da BBC News Brasil em Washington,23/03/2021 07h51 ,,"""estamos precisando falar para o mundo que nos convertemos em um grande covidário. representamos um risco global de ser produtor de novas cepas. seu foco está nos dois maiores parceiros comerciais do brasil: eua e china. ela já promoveu reunião entre senadores e o embaixador chinês yang wanming, levou ao ministro da saúde eduardo pazuello possibilidade de negociação com novos laboratórios chineses e seu último movimento foi costurar com o presidente do senado, rodrigo pacheco (dem-mg), uma carta apelo à vice-presidente americana kamala harris para que os americanos vendam ao brasil parte de seu suprimento de vacinas astrazeneca-oxford, que ainda não tem autorização para uso emergencial pelo órgão regulador dos eua, a fda.",0,
26142,"Casos de covid-19 podem ser de 12 a 15 vezes o dado oficial, dizem estudos  ",saúde,"Carolina Marins, Igor Mello e Marcelo Oliveira",14/04/2020 04h00Atualizada em 18/04/2020 10h51 ,,"o brasil ultrapassou o número de 20 mil contaminados pelo novo coronavírus neste final de semana. porém, pesquisas brasileiras apontam que o dado pode ser de 12 a 15 vezes maior do que o reportado pelo ministério da saúde. a baixa capacidade de testagem do brasil é apontada como principal causa de subnotificação, como já admitiu o chefe da pasta, luiz henrique mandetta. duas projeções feitas por dois grupos de pesquisa diferentes apontam resultados semelhantes sobre a alta subnotificação de casos no país: o cálculo do número de casos feito pela covid-19 brasil usa como base a curva epidemiológica da coreia do sul, país que mais aplicou testes proporcionalmente em todo o mundo.",0,
26043,"Adega que vendeu respiradores para o AM repassou R$ 2,2 mi para o exterior  ",saúde,Flávio Costa e Rosiene Carvalho,01/07/2020 14h22Atualizada em 01/07/2020 14h30 ,,"mais de r$ 2,2 milhões pagos pelo governo do amazonas pela compra suspeita de respiradores em meio à pandemia do novo coronavírus foram enviados para uma conta no exterior. a operação carrega indícios de lavagem de dinheiro, de acordo com avaliação da pf (polícia federal) e pgr (procuradoria geral da república). a jalusa é uma companhia americana que forneceu os equipamentos à fjap cia. ela havia vencido uma licitação anterior, porém, estranhamente, não entregou os aparelhos para o governo amazonense.",0,
13,"Aos 93 anos, Cid Moreira toma a primeira dose da vacina contra Covid-19  ",saúde,12/02/2021 16h47 ,12/02/2021 16h47 ,,"o apresentador cid moreira, de 93 anos de idade, compartilhou em seu instagram o momento em que estava indo tomar a primeira dose da vacina contra a covid-19. o dono da ""boa noite"" mais famoso do brasil compartilhou registros em que aparece usando óculos escuros e máscara, de dentro do carro o apresentador conversou com as profissionais da saúde de um posto de petrópolis, na região serrana do rio.",0,
9289,Presidente do Palmeiras veta treino sem aval: 'Nos preocupamos com saúde'  ,saúde,13/06/2020 15h29 ,13/06/2020 15h29 ,,"o palmeiras não retomará treinamentos presenciais enquanto não tiver aval das autoridades sanitárias. o dirigente se reuniu com o prefeito de são paulo, bruno covas (psdb) na quinta-feira, e ainda não teve resposta sobre a data de liberação. "" no momento certo, em que estivermos com as autorizações, estaremos juntos, atletas, comissão técnica, atendo ao protocolo de segurança e orientação, para que a gente possa fazer os treinamentos de forma que todos tenham segurança no trabalho. em breve, estaremos juntos, torcedor"", reforçou o presidente, em publicação que teve também imagens do trabalho à distância realizado pelo elenco na última sexta-feira. avantipalestra #jogandoemcasa pic.twitter.com/tavvb9ou9d",0,
12263,"Acre só processou 4% dos exames de covid-19, diz Ministério da Saúde  ",saúde,Gabriela Sá Pessoa,09/06/2020 20h40 ,,"com 8.223 testes de covid-19 solicitados em análise nos laboratórios públicos, o acre registra a menor taxa de resultados prontos no país. apenas 4% dos exames no estado tinham sido processados até a semana passada, segundo o ministério da saúde informou ao uol hoje. os números informados agora referem-se a 3 de junho, última data para a qual há informações sobre exames no país. na quinta-feira (4), o governo federal atualizou a quantidade de exames realizada em todo o país: 752.448 até a véspera. na ocasião, porém, não esclareceu quantos desses testes já tinham sido analisados.",0,
11041,Bach: adiamento de Tóquio-2020 custará 'centenas de milhões de dólares'  ,saúde,Da Agência Brasil,29/04/2020 16h16 ,,"o presidente do comitê olímpico internacional (coi), o alemão thomas bach, divulgou nesta quarta (29) uma carta a todo movimento olímpico na qual afirma, entre outras coisas, que o adiamento dos jogos de tóquio para [julho de] 2021 fará com que a entidade arque ""com várias centenas de milhões de dólares em custos de adiamento"". "" de nossa parte, deixamos claro que o coi continuará sendo responsável por sua parcela da carga operacional e sua parcela dos custos dos jogos adiados, nos termos do contrato existente para 2020 que temos com nossos parceiros e amigos japoneses. na carta, de título ""olimpismo e corona"", o dirigente afirma que a pandemia do novo coronavírus (covid-19) criou uma incerteza que ainda ""está longe de diminuir"". bach também destaca o que chama de ""longa e profunda crise econômica"" que atingirá o mundo do esporte, tendo efeitos diferentes de país para país: ""isso dependerá muito da importância que os governos darão ao enorme capital social representado pelo esporte quando se trata da alocação da assistência financeira fornecida por eles para a recuperação da economia.",0,
6830,Elenco do Flamengo volta ao Ninho para fazer exames e avaliações físicas  ,saúde,18/05/2020 10h42 ,18/05/2020 10h42 ,,"o elenco do flamengo retornou ao ninho do urubu, na manhã de hoje (18), para realizar exames e avaliações físicas. de acordo com nota emitida pelo clube, o procedimento respeita as medidas acordadas com a federação de futebol do estado do rio de janeiro (ferj) e será feito de maneira periódica em atletas e colaboradores envolvidos na rotina do departamento de futebol no centro de treinamento. ainda segundo o fla, ""neste primeiro período estão no ct os jogadores e funcionários que testaram negativo para a covid-19. não será permitida a entrada de ninguém que não faça parte deste grupo de pessoas, já examinadas e comprovadamente sem o novo coronavírus"". nesta nova rodada, os rubro-negros usaram máscaras personalizadas com os seguintes dizeres: ""força, nação.",0,
19746,"Gastos com covid-19 vão a R$ 36,1 bi em 2021, diz órgão do Senado  ",saúde,Adriana Fernandes,19/01/2021 07h07 ,,"a ifi (instituição fiscal independente) do senado calculou, em relatório divulgado ontem, que os gastos com a covid-19 em 2021 somam r$ 36,1 bilhões até o momento. esse valor está relacionado às despesas transferidas de 2020 para 2021, chamadas no jargão orçamentário de restos a pagar —de r$ 16,1 bilhões, mais o crédito de r$ 20 bilhões para implementação da vacinação. segundo a ifi, dos r$ 16,1 bilhões em restos a pagar, r$ 2,3 bilhões são relativos ao auxílio emergencial a vulneráveis e trabalhadores informais e r$ 8 bilhões tem a ver com o benefício a trabalhadores formais.",0,
24111,Chile vacina mais de 15% da população e lidera a corrida na América Latina  ,saúde,Fernanda Simas,24/02/2021 12h00Atualizada em 24/02/2021 12h28 ,,"são paulo - o bom planejamento na compra de imunizantes contra a covid-19, colocando de lado o peso ideológico, e a estrutura centralizada fizeram com que o chile garantisse doses suficientes para vacinar duas vezes sua população e se tornasse o único país da américa do sul com mais de 10% de seus habitantes vacinados até meados de fevereiro. ""o país começou a trabalhar em maio do ano passado para ter vacina segura e eficaz, em quantidade adequada para os chilenos. o chile negociou mais cedo do que outros países e começou a vacinação em um ritmo muito forte, com cerca de 150 mil a 200 mil cidadãos vacinados por dia"", afirmou moisés marques, professor de relações internacionais da fundação escola de sociologia e política de são paulo (fesp).a maior parte das vacinas administradas pelo governo foi adquirida da chinesa sinovac, 4 milhões de doses já foram entregues e outras 4,5 milhões devem chegar entre os dias 25 e 26, segundo o ministério da saúde. isso se deve à organização e não colocar o peso ideológico na negociação"", disse marques. no brasil, temos a união, estados, municípios.",0,
15032,Brasil registra 3.887.199 de pessoas recuperadas,saúde,Ministério da Saúde (61) 3315-3580 / 2351 / 3713,21/09/2020 19h21,,"o brasil alcançou a marca de 3.887.199 pessoas curadas da covid-19. no mundo, estima-se que pelo menos 17 milhões de pessoas diagnosticadas com covid-19 já se recuperaram. o número de pessoas curadas no brasil é superior à quantidade de casos ativos (533.597), que são os pacientes em acompanhamento médico. a doença está presente em 99,6% dos municípios brasileiros. o governo do brasil mantém esforço contínuo para garantir o atendimento em saúde à população, em parceria com estados e municípios, desde o início da pandemia. o objetivo é cuidar da saúde de todos e salvar vidas, além de promover e prevenir a saúde da população.",0,
25585,MPF-PE envia à CPI da Covid provas da Operação Apneia  ,política,Pepita Ortega,30/04/2021 20h36 ,,"o ministério público federal em pernambuco informou nesta sexta-feira, 30, que encaminhou à cpi da covid as informações colhidas no âmbito da operação apneia, que investiga supostas irregularidades em contratos da prefeitura de recife para compra de 500 respiradores para combate à pandemia. a decisão que autorizou o envio das informações foi proferida na noite de quarta-feira, 28, pelo juiz augusto cesar de carvalho leal, substituto da 36ª vara federal de pernambuco, e atendeu um pedido do ministério público federal. no despacho, o magistrado determinou que a procuradoria e o senado preservem, ""no seu âmbito e no encaminhamento das provas de um para o outro, do sigilo das informações eventualmente ainda protegidas, por lei ou por qualquer segredo de justiça específico porventura vigente, contra a divulgação para o público em geral"".",0,
13286,"Covid: Potenciais vacinas não liberam a população a sair de casa e voltar a viver normalmente, dizem médicos  ",saúde,07/08/2020 20h26 ,07/08/2020 20h26 ,,"em debate promovido pelo uol, médicos alertaram que potenciais vacinas contra o coronavírus não liberam a população a sair de casa e voltar a viver normalmente, apesar de estarem em estágio avançado de estudo.",0,
23229,Três médicos que tratavam de covid-19 caíram da janela na Rússia  ,saúde,05/05/2020 15h33 ,05/05/2020 15h33 ,,"em apenas 10 dias, três médicos russos que trabalhavam na linha de frente do combate ao coronavírus, caíram da janela em circunstâncias misteriosas. alexander shulepov, que havia sido diagnosticado com covid-19 e forçado a trabalhar, caiu do segundo andar. ele foi o único médico que sobreviveu à queda. ainda assim, o médico teve fraturas no crânio e seu estado de saúde é considerado grave. as médicas yelena nepomnyashchaya e natalya lebedeva não tiveram a mesma sorte e morreram. veículos locais sugerem que lebedeva tenha cometido suicídio após ser acusada por seus superiores de infectar colegas de trabalho com coronavírus.",0,
24983,Samba contra a Covid-19  ,saúde,24/05/2020 22h12 ,24/05/2020 22h12 ,,"a escola de samba unidos de padre miguel realiza uma ação na vila vintém que oferece atendimento gratuito contra a covid-19 para moradores. a letalidade em regiões mais pobres do rio de janeiro é classificada como 'infinitamente' maior, se comparada a bairros nobres da cidade.",0,
12437,Covid-19: Itália atinge pico  ,saúde,31/03/2020 19h15 ,31/03/2020 19h15 ,,"o presidente do instituto superior de saúde italiano, silvio brusaferro, informou, nesta terça-feira que o país atingiu o pico da pandemia do novo coronavírus. no mesmo dia, os italianos fizeram um minuto de silência em memória das vítimas da covid-19.",0,
12879,Portugal chega a 160 mortes em decorrência da infecção pelo novo coronavírus  ,saúde,31/03/2020 19h32 ,31/03/2020 19h32 ,,"portugal registrou nesta terça-feira 20 mortes a mais em decorrência da infecção pelo novo coronavírus, elevando o total no país para 160, ao mesmo tempo em que o número de pessoas afetadas chega a 7.443. na comparação ao boletim divulgado ontem pelo governo local, o número de mortos subiu 14,3%. já o de infectados subiu pouco mais de 1 mil, em apenas um dia. atualmente, 627 pessoas que deram positivo para o novo coronavírus estão hospitalizadas, sendo que 188 estão em unidades de terapia intensiva. hoje, representantes da direção geral de saúde, responsáveis por apresentarem os dados, explicaram que aconteceu um equívoco nos dados da véspera referentes ao norte do país, que dobraram em 24 horas, chegando a quase mil.",0,
18628,Queiroga visita fábrica de insumos veterinários para ampliar produção de vacinas Covid-19,saúde,Ministério da Saúde(61) 3315-3580 / 2351,21/05/2021 14h46,,"com o compromisso de ampliar ainda mais a campanha de vacinação contra a covid-19 no brasil, o ministro da saúde, marcelo queiroga, visitou nesta sexta-feira (21/5), uma fábrica de insumos veterinários que possui grande potencial para se tornar um novo produtor de vacinas covid-19. com mais de 180 mil m² de estrutura, a fábrica produz mais de 80 milhões de doses da vacina contra a febre aftosa por ano. o projeto está em análise pela câmara dos deputados. ainda que o projeto seja aprovado no congresso nacional, a ourofino depende, ainda, da aquisição de equipamentos de proteção individual, necessários para a produção do imunizante, bem como da certificação de boas práticas concedida pela agência nacional de vigilância em saúde (anvisa), e da transferência de tecnologia que será acordada com as farmacêuticas detentoras da expertise.",0,
15263,Eduardo Paes deixa o DEM e vai se filiar ao PSD  ,política,04/05/2021 15h28Atualizada em 04/05/2021 18h22 ,04/05/2021 15h28Atualizada em 04/05/2021 18h22 ,,"o prefeito do rio de janeiro, eduardo paes, deixou o dem e vai se filiar ao psd, presidido por gilberto kassab. a informação foi confirmada ao uol por uma fonte do partido. paes filiou-se ao dem em 2018, após deixar o mdb, para disputar o governo do estado. na ocasião, ele foi derrotado por wilson witzel (psc). witzel teve o impeachment confirmado na semana passada pelo tem (tribunal especial misto) por 10 votos a 0. ele era acusado de irregularidades em licitações para a área da saúde durante a pandemia. com o resultado, o então vice, claudio castro (psc), tomou posse no sábado (1) como novo governador do estado do rio de janeiro.",0,
16410,"Covid: Esperamos provar eficácia da vacina ainda este ano, diz pesquisadora  ",saúde,Nádia Pontes,21/08/2020 14h37 ,,"no brasil desde março devido à pandemia de covid-19, a médica infectologista brasileira sue ann costa clemens chefia os testes clínicos de fase 3 da vacina de oxford contra a doença. desenvolvida em parceria entre a universidade britânica e a farmacêutica astrazeneca, a vacina é considerada a mais avançada na luta contra o coronavirus. dentre os 5.000 voluntários previstos para participar dos testes, 4.000 já foram vacinados nos três centros distribuídos entre os estados de são paulo, rio de janeiro e bahia. "" a gente só tem a agradecer à população brasileira. a gente poderia estar aqui com o melhor time e com uma vacina para ser testada e não ter voluntários"", disse a médica. """,0,
11524,Congresso livrou 6 parlamentares e cassou 2 acusados de homicídio  ,política,Luciana Amaral,29/08/2020 04h00Atualizada em 29/08/2020 12h51 ,,"a denúncia do ministério público contra a deputada federal flordelis (psd-rj), sob a suspeita de que mandou matar o marido, anderson do carmo, é motivo de pedido de cassação de seu mandato — o caso, ainda sob avaliação, deve ser discutido na semana que vem na câmara. no entanto, a história mostra que nem sempre deputados e senadores cassaram seus pares acusados de assassinato. ao menos seis congressistas acusados de homicídio ou de tentativa de homicídio se livraram de alguma punição dos colegas e dois deputados foram cassados: hildebrando pascoal, ex-coronel da polícia militar, conhecido por integrar grupo de extermínio que utilizava motosserra para cometer assassinatos no acre na década de 1990, e talvane albuquerque, suplente acusado de mandar matar a deputada cuja vaga assumiria. na época, o deputado era delegado da polícia civil e um dos responsáveis pela ação policial, que acabou na morte de um suspeito de tráfico.",0,
23480,"""Querem ver seringa"": enfermeiros relatam reações após denúncias de vacinas  ",saúde,Lucas Borges Teixeira,03/04/2021 04h00 ,,"filmar a vacinação contra covid-19, hoje, não é só para comemorar a imunização de idosos e pessoas dos grupos de risco. ao uol, enfermeiros de dois postos de saúde da cidade de são paulo narram maior desconfiança e hostilidade por parte da população. os casos denunciados são apurados pelas secretarias municipais, responsáveis pela aplicação das doses, e pelos cres (conselhos regionais de enfermagem). pedem para olhar a seringa, filmam, assistem ao vídeo no mesmo momento. alguns só querem conferir se a dose foi aplicada corretamente, outros já são mais mal educados, falam alto mesmo antes de vacinar. a gente é sempre o mais profissional possível.",0,
1069,Covid-19: Lewandowski nega prioridade a pessoas com deficiência na vacinação  ,saúde,28/01/2021 12h10 ,28/01/2021 12h10 ,,"o ministro ricardo lewandowski, do stf (supremo tribunal federal), negou ontem uma liminar (decisão provisória) para obrigar o governo a considerar todos as pessoas com deficiência como grupo prioritário na vacinação contra covid-19. o pedido foi feito pelo podemos, numa ação de descumprimento de preceito fundamental. entre outros argumentos, o partido havia alegado que o atendimento prioritário previsto na lei brasileira de inclusão (lei n. º 13.146/2015) abarca também, caso específico da pandemia, ""o recebimento prioritário de vacinas, cuidados intensivos em salas de uti e no uso de respiradores"". lewandowski considerou o pedido amplo demais para poder ser atendido. o ministro já havia negado a mesma solicitação à fbasd (federação brasileira de associações de síndrome de down).",0,
1352,Deputado paraibano morre após sofrer mal súbito durante passeio de jet ski  ,política,19/07/2020 19h02 ,19/07/2020 19h02 ,,"o vice-presidente da assembleia legislativa da paraíba, o deputado genival matias (avante), morreu neste domingo (19), em recife (pe). segundo nota oficial da al-pb, o deputado andava de jet ski quando sofreu um mal súbito e morreu. matias estava em seu terceiro mandato como deputado estadual. a assembleia decretou luto de sete dias e suspendeu as atividades pelo mesmo período. o governador da paraíba, joão azevedo (cidadania), decretou luto oficial de três dias. neste momento de dor para toda a família, nos solidarizamos com os familiares e amigos de genival, um grande político do nosso estado, que deixa grandes lições e um legado de trabalho e luta pelo povo da paraíba"", disse o presidente da al-pb na nota.",0,
19988,CPI vai cobrar Ernesto Araújo sobre negociações com a China na pandemia  ,política,17/05/2021 17h14 ,17/05/2021 17h14 ,,"em depoimento à cpi da covid, nesta terça-feira, o ex-chanceler ernesto araújo deve ser questionado sobre a sua relação conflituosa com a china. o objetivo é verificar se as críticas de ernesto ao país, principal parceiro comercial do brasil, prejudicaram as tratativas para compra de vacinas e insumos contra o novo coronavírus. o ex-ministro de relações exteriores também deve ter que falar sobre como a tese da imunidade de rebanho era tratada no governo e se existia um aconselhamento paralelo ao presidente jair bolsonaro no palácio do planalto. o intuito, neste caso, é verificar se o ministério de relações exteriores priorizou outras negociações em detrimento da aquisição de vacinas. (...)",0,
7470,"Covid: País tem déficit de 1,5 mil fiscais para vigiar condição de trabalho  ",saúde,17/07/2020 11h43 ,17/07/2020 11h43 ,,"o governo federal conta com 3.644 cargos de auditores responsáveis pela fiscalização do trabalho no brasil, mas apenas 2.050 deles estão ocupados, representando 56% do total, com um déficit de mais de 1,5 mil. às vezes, trabalhar contra sua própria vontade. o número deficitário desses profissionais cria cenário propício para o aumento da escravidão contemporânea no país, pois a fiscalização do trabalho é a base da política de combate ao trabalho escravo e os auditores fiscais do trabalho são de grande importância para a constatação dessa violação e indispensáveis para a responsabilização administrativa dos exploradores e a lavratura dos autos de resgate das vítimas escravizadas"", afirma o documento.",0,
15062,Peru supera 200.000 casos de covid-19 com hospitais quase saturados  ,saúde,09/06/2020 20h09 ,09/06/2020 20h09 ,,"o peru superou hoje a marca de 200.000 casos do novo coronavírus, o que tem provocado escassez de oxigênio para pacientes graves em lima e ameaça de colapso no sistema hospitalar da capital. a cifra de mortos subiu para 5.738, um aumento de 167 nas últimas 24 horas, enquanto os contagiados somaram 203.736, com 4.040 novos casos, segundo o balanço mais recente do ministério da saúde. os pacientes curados aumentaram para 3.373 nesta terça, totalizando 92.929 recuperados desde o registro do primeiro caso, em março. com 33 milhões de habitantes, o peru está há 12 semanas em confinamento nacional obrigatório e agora ocupa o oitavo lugar no mundo entre os países com mais casos de coronavírus, com um sistema hospitalar à beira do colapso em lima.",0,
17809,Medidas de segurança são implementadas em Notre Dame para retomada de obras  ,saúde,23/04/2020 22h50 ,23/04/2020 22h50 ,,"os trabalhos de restauração da catedral de notre dame, que foram interrompidos no dia 16 de março como precaução diante da pandemia de coronavírus, só devem ser retomados em 2021, mas os preparativos de segurança começarão na próxima segunda-feira, informou o órgão público responsável pelas obras. o general jean-louis georgelin, presidente desse órgão, disse em comunicado divulgado nesta quinta-feira que serão respeitadas as ações de distanciamento social recomendadas pelo governo francês para evitar a propagação do vírus. a entidade tem providenciado a distribuição de álcool em gel e máscaras aos trabalhadores graças a uma doação da holding lvmh, dona de marcas de luxo como louis vuitton, moët & chandon, tiffany & co., entre outras. o alojamento e a alimentação ficarão por conta da fundação heritage e da empresa de catering sodexo.",0,
5283,Covid-19: Hospitais do Chile estão perto do limite com quase 70 mil casos  ,saúde,Natalia A. Ramos Miranda,24/05/2020 16h20 ,,"o sistema de saúde do chile está sob pressão e ""muito perto do limite"", disse hoje o presidente sebastián piñera, quando o número de infecções confirmadas por coronavírus se aproximava de 70 mil após um rápido aumento nos últimos dias. o ministério da saúde registrou 3.709 novos casos no último dia, elevando o total para 69.102. o número de mortos é de 718. ""estamos muito perto do limite, porque tivemos um aumento muito grande nas necessidades e demandas de atendimento médico e de leitos em unidades de terapia intensiva e ventiladores"", disse piñera durante visita a um hospital em santiago. mais de mil pessoas foram hospitalizadas por doenças associadas ao coronavírus, segundo o governo.",0,
17286,"Bolsonaro dá indireta a Doria sobre prisões em SP: ""Atingem a alma""  ",saúde,17/04/2020 12h21Atualizada em 17/04/2020 13h43 ,17/04/2020 12h21Atualizada em 17/04/2020 13h43 ,,"o presidente jair bolsonaro (sem partido) fez hoje uma crítica indireta ao governador de são paulo, joão doria (psdb), durante a posse do novo ministro da saúde, nelson teich, em solenidade no palácio do planalto. "" essas prisões, mais que ilegais, atingem a alma de cada cidadão brasileiro. medidas como essas têm que ser rechaçadas."" "" vocês sabem que no que depender de mim, nenhum cidadão seria preso por isso nesse país. aquelas cenas prendendo uma mulher na praia, em praça pública, de um cidadão bastante forte sendo jogado ao chão, colocando algemas, eu não posso entender"", completou o mandatário.",0,
21243,China diz que EUA são 'viciados em abandonar grupos e destruir tratados'  ,saúde,01/06/2020 10h27Atualizada em 28/07/2020 16h15 ,01/06/2020 10h27Atualizada em 28/07/2020 16h15 ,,"o porta-voz do ministério das relações exteriores da china, zhao lijian, disse a jornalistas que os estados unidos tiveram um comportamento egoísta ao anunciar um plano de retirada da organização mundial da saúde (oms). segundo lijian, ""os eua tornaram-se viciados em abandonar grupos e demolir tratados"". a china ainda afirmou que a saída dos norte-americanos da oms revela uma busca pela política de poder e unilateralismo. na sexta-feira (29), donald trump anunciou que o seu país rompeu com a organização por conta da atuação no combate à pandemia de coronavírus e como ela, segundo o mandatário, atuou em prol da china.",0,
5339,Brasil registra 36.599 casos confirmados de coronavírus e 2.347 mortes,saúde,(61) 3315-3713 / 3580 / 2351,18/04/2020 20h02,,"foram 2.917 novas confirmações de casos em 24 horas. são paulo concentra a maior parte das notificações e todos os estados do país registram, ao menos, um óbito pela doença subiu para 36.599 o número de casos confirmados de coronavírus no brasil. nas últimas 24 horas foram 2.917 novas confirmações. o número de óbitos também aumentou, agora são 2.347, representando uma taxa de letalidade da doença no brasil de 6,4%. os números estão consolidados com as informações que foram repassadas pelas secretarias estaduais de saúde ao ministério da saúde até às 14h deste sábado (18). confira os números em cada estado, clicando aqui (https://covid.saude.gov.br/)",0,
17869,Crescem críticas na Índia sobre aprovação abrupta de vacina local contra Covid-19  ,saúde,Por Sachin Ravikumar,06/01/2021 11h12 ,,"bengaluru (reuters) - as críticas à aprovação pela índia de uma vacina local contra covid-19 sem comprovação de eficácia aumentaram hoje, após a notícia de que um painel regulador aprovou a vacina apenas um dia depois de pedir ao fabricante mais evidências de que funcionaria. as recomendações do comitê de especialistas (sec) do regulador indiano de medicamentos divulgadas ontem mostram que o painel pediu à bharat biotech international ltd para apresentar mais dados de eficácia para sua injeção contra covid-19 antes que pudesse considerar a aprovação. no dia seguinte, o comitê recomendou a aprovação da vacina da bharat biotech para ""uso restrito em situação de emergência no interesse público como precaução"".",0,
13488,Senado confirma Marcos Rogério como relator da MP da Eletrobras  ,política,Anne Warth,01/06/2021 18h37Atualizada em 01/06/2021 19h21 ,,"o presidente do senado, rodrigo pacheco (dem-mg), confirmou hoje a indicação de marcos rogério (dem-ro) como relator da provisória que permite a privatização da eletrobras. essa informação foi antecipada pelo broadcast no dia 20 de maio. a escolha deve facilitar a tramitação da matéria na casa, já que o senador é um dos integrantes da tropa de choque do governo na cpi (comissão parlamentar de inquérito) da covid, além de líder do partido na casa. marcos rogério tem familiaridade com assuntos ligados à energia. ele foi o relator do novo marco do setor elétrico no senado (pls 232/2016), que tramita hoje na câmara e foi renomeado (pl 414/2021).",0,
20361,"Instituto Inhotim, em Brumadinho, planeja reabertura  ",saúde,23/08/2020 15h56 ,23/08/2020 15h56 ,,"o instituto inhotim, museu a céu aberto em brumadinho, município da região metropolitana de belo horizonte, vai voltar a receber o público. as visitas foram suspensas no dia 18 de março por causa da pandemia da covid-19. mas já está certo que a reabertura do espaço vai seguir o protocolo preparado por uma consultoria especializada em infectologia, que foi contratada pelo instituto para auxiliar na definição das estratégias de prevenção e controle do novo coronavírus. "" estamos trabalhando com um cenário muito incerto. muitas instituições tiveram sinais de reabertura e depois de retrocesso. apesar da visitação suspensa, funcionários das áreas de manutenção de galerias, de obras e dos jardins se revezam para manter as instalações.",0,
6535,Fiocruz diz que pagará cerca de R$ 60 milhões por vacinas vindas da Índia  ,saúde,05/01/2021 17h30Atualizada em 05/01/2021 19h09 ,05/01/2021 17h30Atualizada em 05/01/2021 19h09 ,,"a fiocruz (fundação oswaldo cruz) informou hoje que mantém tratativas em ""estágio avançado"" com o instituto serum, empresa indiana que fabrica a vacina contra o novo coronavírus do laboratório astrazeneca, em parceria com a universidade de oxford. serão importadas 2 milhões de doses prontas pelo valor unitário de us$ 5,25 (cerca de r$ 27,6 na atual cotação), totalizando aproximadamente r$ 60 milhões. é aguardado pela fiocruz o recebimento de informações relativas à produção e ao controle de qualidade do imunizante, para que então seja feito o pedido de autorização de uso emergencial da vacina à anvisa (agência nacional de vigilância sanitária). """,0,
23677,Coronavírus: 6 mitos e conselhos falsos que você deve ignorar sobre a covid-19  ,saúde,10/03/2020 07h19 ,10/03/2020 07h19 ,,"casos de contágio pelo novo coronavírus aparecem em cada vez mais países e não há cura conhecida para combater a doença causada por ele, a covid-19. em meio à preocupação de contágio, surgem nas redes sociais diversas dicas de saúde, variando de algumas inúteis a relativamente inofensivas até outras muito perigosas. analisamos algumas das mais compartilhadas e o que a ciência diz sobre elas. muitas publicações que recomendam comer alho para prevenir infecções, inclusive de coronavírus, são compartilhadas no facebook.",0,
23515,Greta Thunberg doa US$ 100 mil para a luta contra o coronavírus  ,saúde,30/04/2020 06h49 ,30/04/2020 06h49 ,,"a ativista climática sueca greta thunberg doou um prêmio de us$ 100 mil (cerca de r$ 533 mil) que recebeu da fundação dinamarquesa human act para a unicef (fundo das nações unidas para a infância) na luta contra o coronavírus, anunciou hoje o organismo mundial. ""assim como a crise climática, a pandemia de coronavírus é uma crise dos direitos das crianças"", afirmou thunberg, de 17 anos, em um comunicado divulgado pelo unicef. ""afetará todas as crianças, agora e a longo prazo, mas os grupos vulneráveis serão os mais afetados"", completou. ""peço a todos que deem um passo à frente e se unam a mim no apoio ao trabalho vital do unicef para salvar as vidas das crianças, proteger sua saúde e continuar com sua educação"".",0,
13650,Rolling Stones se juntam a Paul McCartney e outras estrelas em show da OMS  ,saúde,17/04/2020 10h37 ,17/04/2020 10h37 ,,"os rolling stones anunciaram hoje, em publicação nas redes sociais, que também farão parte da ""one world: together at home"" (""um mundo: juntos em casa"", em português), um especial de lives que acontecerá amanhã, às 21h (horário de brasília). "" estamos honrados em ser convidados a fazer parte da transmissão do one world: together at home - de nossas casas isoladamente. um evento fantástico com o global citizen na luta contra a covid -19"", disse a banda em comunicado. the rolling stones will be joining one world: #togetherathome with @glblctzn and @who - tune in tomorrow at 8pm et, for this special broadcast event to honour healthcare workers on the frontlines of the #covid19 pandemic. you can also watch on bbc1 on sunday 19 apr at 7:15pm bst.",0,
14747,Pandemia derruba lançamentos de novos imóveis em São Paulo  ,saúde,Circe Bonatelli e Douglas Gravas,17/08/2020 12h49 ,,"se a procura por financiamentos não parou, apesar da crise, o mercado de imóveis novos da cidade de são paulo não saiu ileso da quarentena imposta para tentar conter o avanço do novo coronavírus. parte dos negócios do setor sentiu o tranco na economia, e os projetos imobiliários lançados em junho na capital paulista somaram apenas 2.015 unidades. as vendas de imóveis novos em junho na cidade atingiram 2.984 unidades, 56% abaixo do mesmo mês do ano passado. o número está próximo da média de 3.195 unidades vendidas por mês entre janeiro e março deste ano, período imediatamente anterior ao início da quarentena.",0,
8713,Por que a vacina da Pfizer/BioNTech pode nunca chegar aos brasileiros?  ,saúde,André Biernath,03/12/2020 07h36 ,,"pouco mais de dez meses após a identificação do sars-cov-2, o coronavírus causador da pandemia atual, o mundo já tem a sua primeira vacina testada e aprovada. o reino unido anunciou ontem que o imunizante bnt162b2, desenvolvido pelas farmacêuticas pfizer e biontech, está liberado para uso no país e começará a ser aplicado nos cidadãos de lá a partir da semana que vem. e o brasil? será que temos alguma perspectiva do uso deste produto em nosso país? pelas informações divulgadas até o momento, não existe nenhuma definição e há o risco de ficarmos sem acesso a ele.",0,
1012,"Se Michelle quiser adotar outro cão, um vira-lata ronda a porta do Alvorada  ",política,Hanrrikson de Andrade,30/06/2020 15h39Atualizada em 01/07/2020 20h24 ,,"já tem candidato a substituir augusto, o pastor-maremano adotado pela família bolsonaro mas devolvido aos donos. um vira-lata de origem desconhecida vive há cerca de três meses perambulando em frente ao palácio da alvorada, a residência oficial do presidente da república. augusto, um belo e brincalhão cachorro de porte médio, foi resgatado nos fundos do palácio do planalto no dia 18 de junho e adotado já no dia seguinte pela mulher do presidente. mas voltará para a casa do antigo dono, após ser reconhecido devido ao seu grande sucesso nas redes sociais. manso, mas desconfiado, costuma interagir com visitantes e jornalistas, que acabam levando comida e água para o animal.",0,
2406,"Israel agradece ""posição firme"" do Brasil contra investigação do TPI  ",política,Eduardo Militão,07/03/2021 13h47 ,,"o ministro das relações exteriores de israel, gabi ashkenazi, agradeceu neste domingo (7) à ""posição firme e clara"" contra a investigação aberta pelo tribunal penal internacional (tpi) sobre possíveis crimes de guerra cometidos na palestina a partir de 2014. a apuração pode render processos criminais contra a gestão do premiê israelense, benjamin netanyahu. o chanceler fez as afirmações primeiramente diante do ministro das relações exteriores do brasil, ernesto araújo, que lidera comitiva de brasileiros em israel em busca de acordos de cooperação por vacinas e um spray contra o conavírus. ashkenazi agradeceu à ""posição clara"" do brasil e sua ""liderança"". depois, ele reforçou as declarações em uma rede social. ""agradeço ao governo brasileiro por seu firme apoio contra a decisão do procurador do tpi"", afirmou ashkenazi.",0,
957,Fábio Porchat usa máscara com 'Fora Bolsonaro' em missa de Paulo Gustavo  ,política,11/05/2021 19h22 ,11/05/2021 19h22 ,,"o ator e apresentador fábio porchat compareceu à missa de sétimo dia de paulo gustavo usando uma máscara em protesto contra o presidente jair bolsonaro (sem partido). fora bolsonaro.dizia a máscara de porchat. o ator e humorista paulo gustavo morreu aos 42 anos no último dia 4 em decorrência de complicações relacionadas ao coronavírus, após 51 dias de internação. além de thales bretas — seu marido —, paulo gustavo deixou os dois filhos do casal, gael e romeu, de 1 ano e 9 meses.",0,
12179,Aprovação de Bolsonaro na pandemia passa pelo apoio de empreendedor popular  ,política,04/10/2020 01h19 ,04/10/2020 01h19 ,,"por henrique costa, especial para a coluna* com 36 anos, tiago fonseca abriu sua loja de presentes em santo amaro, zona sul da capital paulista, em plena pandemia. há cerca de cinco anos, deixou seu emprego de gerente em uma conhecida assistência técnica de produtos automotivos, onde tinha carteira assinada e nenhuma queixa. tiago é formado em recursos humanos, com pós-graduação em psicologia na mesma universidade privada localizada ali perto, no largo treze. completou seus estudos sem nenhuma bolsa ou financiamento por escolha própria, já que tinha condições de pleitear. sua loja na rua barão de duprat foi resultado de ousadia e planejamento, conta. ele mesmo fazia as entregas, até 5 km distante.",0,
2489,Governo publica portaria para começar a pagar antecipação de R$ 600 do BPC  ,saúde,06/05/2020 10h39Atualizada em 06/05/2020 10h54 ,06/05/2020 10h39Atualizada em 06/05/2020 10h54 ,,"o governo publicou hoje uma portaria que regulamenta o pagamento da antecipação de r$ 600 às pessoas que entraram com pedido para ter direito ao bpc (benefício de prestação continuada), pago a idosos e pessoas com deficiência em situação de pobreza. a antecipação do valor foi uma das medidas adotadas para reduzir os impactos da pandemia do coronavírus. a lei que autorizava a antecipação do benefício foi publicada em 2 de abril, mas faltava a portaria para o início dos pagamentos, de acordo com o inss. levantamento do jornal ""estado de s. paulo"" junto à entidade identificou que 177,5 mil pessoas aguardam o pagamento.",0,
11061,Justiça valida atos da Receita e esvazia tese de Flávio para anular provas  ,política,08/02/2021 13h15 ,08/02/2021 13h15 ,,"autor de uma representação usada pela defesa do senador flávio bolsonaro (republicanos-rj) como peça-chave para tentar anular provas do caso das ""rachadinhas"", um grupo de cinco auditores fiscais do rio de janeiro suspeitos de enriquecimento ilícito tem sofrido sucessivas derrotas judiciais na tentativa de fazer valer a tese de que tiveram seus dados acessados ilegalmente. a hipótese relatada ao governo e à pgr é a de que dois órgãos da receita federal no rio —o escritório de corregedoria da 7ª região fiscal (escor07) e o escritório de pesquisa e investigação da 7ª região fiscal (espei07)— podem ter acessado criminosamente os dados fiscais do senador e embasado, por caminhos extraoficiais, a produção do relatório do coaf (órgão de inteligência financeira ligado ao ministério da economia) que originou, em 2018, a investigação contra o filho do presidente. (...)",0,
26268,"Bolsonaro volta a postar nas redes, mas silencia sobre início da vacinação  ",saúde,18/01/2021 10h58 ,18/01/2021 10h58 ,,"o presidente jair bolsonaro (sem partido) ainda não se manifestou sobre o início da vacinação contra a covid-19 no brasil. ontem ele tinha ficado em silêncio nas redes sociais, onde costuma se manifestar sobre os principais assuntos do país. hoje ele voltou a publicar em todas redes, mas só mencionou obras de infraestrutura. a anvisa (agência nacional de vigilância sanitária) aprovou duas vacinas contra covid-19 no meio da tarde ontem. mas depois não falou sobre o assunto em nenhuma rede social. apesar da expectativa por algum pronunciamento hoje, a primeira publicação de bolsonaro nas três principais redes sociais (facebook, instagram e twitter) foi sobre obras em natal e também na divisa entre sergipe e alagoas.",0,
12347,Coronavírus: países latino-americanos usam dinheiro apreendido do narcotráfico e da corrupção no combate à covid-19  ,saúde,27/04/2020 10h55 ,27/04/2020 10h55 ,,"com o mundo todo lutando para conter a disseminação do coronavírus, muitos países enfrentam com dificuldade o desafio de comprar o equipamento sanitário e hospitalar necessário para conter a pandemia.

 dois países latino-americanos, no entanto, adotaram uma maneira original de obter parte dos recursos extras. argentina e colômbia usam ativos apreendidos do narcotráfico e oriundos de outras atividades criminosas para fortalecer seus sistemas de saúde diante do avanço do vírus. de carros a imóveis que pertenciam a criminosos suspeitos, esses bens são usados para transportar ou abrigar pacientes com coronavírus ou isolar pessoas em risco devido à pandemia. isso é possível graças a uma figura jurídica chamada ""extinção de domínio"", que se aplica a ativos supostamente adquiridos ilegalmente.",0,
12769,"Após período de isolamento, Everaldo Marques volta à TV no Bem, Amigos!  ",saúde,09/08/2020 19h56 ,09/08/2020 19h56 ,,"o narrador everaldo marques, do grupo globo anunciou hoje em suas redes sociais que já está liberado para voltar aos estúdios da emissora carioca após um período de isolamento. o locutor esportivo foi isolado preventivamente no dia 30 de julho, após ter contato com uma pessoa próxima contaminada pelo coronavírus. everaldo marques agradeceu as mensagens de apoio que recebeu durante o período de isolamento e contou que seu retorno às telinhas será no bem, amigos!, do sportv, amanhã, às 21h30. ""obrigado a todos pelas mensagens de carinho nos últimos dias. todos zerados por aqui, fim de isolamento, liberado para voltar ao trabalho. amanhã estarei na mesa do bem, amigos!"", 21h30, no sportv"", escreveu o narrador.",0,
12284,Doria nega lockdown em SP e confirma 'quarentena inteligente' em junho  ,saúde,"Do UOL, em São Paulo",25/05/2020 16h42 ,,"o governador de são paulo, joão doria (psdb), disse hoje que o estado não terá um lockdown neste momento. em entrevista à globonews, o político tucano afastou a possibilidade imediata da medida mais rígida no combate à covid-19 e confirmou uma ""quarentena inteligente"" a partir de junho. "" neste momento não há perspectiva de lockdown imediato. neste momento, não vamos decretar em nenhuma cidade. mas o olhar é diário, temos o sistema de monitoramento inteligente"", disse. "" ela vai levar em conta toda a regionalização de são paulo, no interior, capital, região metropolitana, litoral. agora, podemos fazer heterogênea, seguindo orientação do comitê de saúde.",0,
2086,"China 'negou à OMS acesso' a dados de casos iniciais de covid-19, diz cientista  ",saúde,13/02/2021 16h28Atualizada em 13/02/2021 16h31 ,13/02/2021 16h28Atualizada em 13/02/2021 16h31 ,,"a china se recusou a fornecer dados completos à equipe da organização mundial da saúde (oms) que foi ao país investigar as origens da pandemia, segundo entrevista concedida por um dos integrantes da missão. o microbiologista dominic dwyer disse à reuters, ao wall street journal e ao the new york times que a equipe da oms pediu dados brutos sobre os primeiros casos de covid-19 reportados no país, o que ele chamou de ""uma prática padrão"". em resposta, disse dwyer, só receberam um resumo dos casos.",0,
23382,"Assista: Após Lula criticar ""feijão contra Covid"", pastor ataca petista  ",política,14/03/2021 12h51 ,14/03/2021 12h51 ,,"o pastor valdemiro santiago, líder da igreja mundial, postou ontem um vídeo no qual faz duros ataques ao ex-presidente lula. valdemiro se ofendeu após o ex-presidente, na última quarta (10), discursar e culpar igrejas por boa parte das contaminações por covid 19. em vídeo de mais de cinco minutos, o evangélico chegou a ofender lula várias vezes e até citou o câncer que o ex-presidente precisou se tratar em 2011. ""muitas mortes poderiam ser evitadas. o papel das igrejas é ajudar, não é vender grão de feijão ou fazer culto cheio de pessoas sem máscaras dizendo que tem o remédio para curar"", afirmou lula em seu discurso.",0,
935,Entenda como funciona e quais são os critérios para a distribuição de medicamentos de intubação,saúde,Marina PagnoMinistério da Saúde(61) 3315-3580 / 2351,15/04/2021 19h42,,"desde o início da pandemia da covid-19, o ministério da saúde já enviou mais de 8,6 milhões de medicamentos de intubação (iot) para todo o brasil, para reforçar a assistência aos pacientes do sistema único de saúde (sus). pela emergência de saúde pública imposta pelo coronavírus, a pasta está trabalhando em diversas frentes para assegurar o abastecimento dos insumos. o caminho dos produtos começa nos municípios: são os hospitais do sus que informam o consumo médio mensal e os seus estoques aos estados – duas informações essenciais para a consolidação do processo de divisão dos medicamentos pelo país. a agência nacional de vigilância sanitária (anvisa) também colabora no processo, com o monitoramento da produção nacional dos medicamentos.",0,
25552,Ellen DeGeneres compara quarentena com prisão e piada repercute mal na web  ,saúde,08/04/2020 12h15 ,08/04/2020 12h15 ,,"a humorista ellen degeneres foi criticada por uma piada feita no retorno à tv do seu programa, que voltou a ser exibido na segunda-feira após uma pausa por conta da pandemia do coronavírus. falando de sua casa, ellen comparou seu isolamento social pela quarentena decretada nos estados unidos a estar numa prisão. "" principalmente porque estou vestindo as mesmas roupas há dez dias e todo mundo aqui é gay"". após a fala, ellen ainda tentou brincar com a comparação. "" as piadas que que eu faço..."", afirmou a humorista. it's mostly because i've been wearing the same clothes for ten days and everyone in here is gay.""",0,
15966,Ministério da Saúde anuncia que distribuirá vacina do Butantan em todo o Brasil  ,saúde,09/01/2021 16h29 ,09/01/2021 16h29 ,,"o ministério da saúde informou hoje (9) que fechou acordo com o instituto butantan, de são paulo, para distribuir com exclusividade as vacinas contra o novo coronavírus pelo sus (sistema único de saúde) para todos os estados, simultaneamente. o ministério informou que as doses serão distribuídas proporcionalmente à população de estados, que farão a distribuição entre os municípios. resta saber também se a estratégia pode ou não interferir no plano estadual de vacinação de são paulo, programado para o dia 25 de janeiro com a mesma coronavac. em coletiva ontem, o coordenador-executivo do centro de contingência do estado, joão gabbardo, afirmou que a data pode ser adiantada em meio ao plano nacional.",0,
18440,Saúde prepara ações para controle do excesso de peso e da obesidade,saúde,Ministério da Saúde(61) 3315-3580 / 2351,21/10/2020 17h28,,"o segundo volume da pesquisa nacional de saúde (pns) 2019, realizado pelo instituto brasileiro de geografia e estatística (ibge) em parceria com o ministério da saúde, trouxe dados sobre desnutrição, sobrepeso e obesidade na população acima de 15 anos de idade. o levantamento, divulgado nesta quarta-feira (21/10), servirá de base para ampliação das ações para prevenção e controle da obesidade na atenção primária à saúde e otimização dos recursos no sistema único de saúde (sus). serão recursos para qualificação das ações de promoção de da saúde. “ inquéritos como a pns são as melhores fontes de evidências disponíveis, tendo em vista sua abrangência e a robustez dos dados por eles gerados.",0,
23678,Channing Tatum fura quarentena e ex exige teste antes de deixá-lo ver filha  ,saúde,14/05/2020 08h40 ,14/05/2020 08h40 ,,"channing tatum precisou fazer um teste para o novo coronavírus antes de rever a filha, everly (de 6 anos), após furar a quarentena para comemorar o seu aniversário com um grupo de amigos. a ex-mulher do ator, jenna dewan, ficou sabendo da história, e não ficou nada feliz. tatum e dewan dividem a guarda de everly desde a separação, em 2018. antes de o ator poder ver a filha, a ex-mulher exigiu que ele fizesse um teste para a covid-19 — não só por preocupação com everly, mas também com o seu novo bebê, nascido em março, do noivado com o ator steve kazee.",0,
21017,Coronavírus: Reino Unido cogita medidas de distanciamento por mais um ano  ,saúde,22/04/2020 16h07 ,22/04/2020 16h07 ,,"o reino unido pode manter medidas de distanciamento devido ao coronavírus por mais um ano se uma vacina ou tratamento eficaz não forem encontrados antes disso, alertou hoje o principal consultor médico do governo. ""a saída disso será uma das duas coisas, uma vacina altamente eficaz"" ou ""medicamentos altamente eficazes para impedir que as pessoas morram com esta doença"", disse chris whitty. ""até que tenhamos isso, e a probabilidade de obtê-los a qualquer momento do ano que vem é muitíssimo pequena e acho que devemos ser realistas sobre isso, teremos que confiar em outras medidas sociais, que obviamente são muito perturbadoras"", afirmou. ele não especificou, contudo, quais medidas podem ser mantidas, referindo-se simplesmente à ""combinação ideal delas"".",0,
7527,Técnica de enfermagem de hospital referência morre com sintomas de covid-19  ,saúde,Marcela Lemos,17/04/2020 14h32 ,,"a técnica de enfermagem anita de sousa viana morreu na tarde de ontem com sintomas do novo coronavírus. de acordo com amigos, apesar de trabalhar na unidade de saúde, a profissional não conseguiu realizar o exame que detecta a doença no hospital devido à ausência de kits de testes. a funcionária também não conseguiu um leito para internação no local. segundo a amiga aline fernandes, anita amava a profissão, era uma funcionária dedicada e convivia já com dores na coluna que adquiriu por causa do trabalho. "" ela é uma pessoa gentil, pronta para ajudar o mundo, uma boa mãe, uma boa esposa e dona de um coração incrível"", afirmou.",0,
16220,"Na CCJ, oposição critica golpe de 64, cobra Bia Kicis e adia votações  ",política,31/03/2021 15h45 ,31/03/2021 15h45 ,,"a sessão que estava marcada para a manhã desta quarta-feira (31) na comissão de constituição, justiça e cidadania (ccj) da câmara foi adiada depois que membros da oposição subiram o tom contra o golpe de 64, contra a presidente da comissão, bia kicis (psl-df) e contra as recentes trocas em ministérios e nas forças armadas. ao final da discussão, deputados concordaram em adiar para as 14h de hoje a votação do relatório da deputada margarete coelho (pp-pi) sobre a constitucionalidade do projeto de lei 4.528/2020, que busca facilitar o acesso ao crédito de bancos públicos, para minimizar o impacto econômico da pandemia de covid-19. porém, deputados da oposição ocuparam a primeira hora da comissão com discursos contrários às recentes trocas do governo bolsonaro em ministérios e nas forças armadas.",0,
23521,Covid-19: Vacinação em postos drive-thru é suspensa temporariamente em SP  ,saúde,06/04/2021 10h08Atualizada em 06/04/2021 16h07 ,06/04/2021 10h08Atualizada em 06/04/2021 16h07 ,,"a vacinação contra a covid-19 nos postos de drive-thru foi suspensa temporariamente pela prefeitura de são paulo, segundo informa vacina sampa, site da gestão municipal. mesmo com a suspensão, a campanha segue ativa normalmente nas 468 ubs (unidades básicas de saúde), em 17 saes (serviços de atenção especializada) e nos cs (centros de saúde). de acordo com a secretaria municipal de saúde, os postos serão reabertos quando as vacinas para próxima faixa-etária estiverem disponíveis. a pasta acrescenta que 93,8% dos idosos entre 65 e 69 anos foram vacinados.",0,
21003,Ministério da Saúde e embaixada da Índia discutem produção de vacinas e IFA,saúde,"Queiroga destacou a estreita parceria do Brasil com a Índia. ""O Brasil vai superar essa crise sanitária, e Brasil e Índia, juntos, poderão ajudar outros países a vencer essa pandemia"".",14/04/2021 20h42,,"o ministro da saúde, marcelo queiroga, reuniu-se com o embaixador da índia no brasil, suresh reddy, para tratar de ações de combate à pandemia de covid-19 e à vacinação de suas populações, bem como da pauta mais ampla de cooperação em saúde. o encontro ocorreu de forma virtual na tarde desta quarta-feira (14/4). o brasil tem um marco regulatório de saúde bem estabelecido, e a anvisa cuida da aprovação de produtos utilizados na indústria farmacêutica. precisamos passar por esse crivo para que possamos utilizar a vacina covaxin aqui"", explicou. o governo brasileiro contratou 20 milhões de doses da covaxin, do laboratório bharat biotech, e espera 8 milhões de vacinas oxford/astrazeneca, fabricadas pelo serum insitute da índia e já utilizadas no programa nacional de imunização (pni).",0,
22856,O que grandes viajantes da história podem nos ensinar sobre isolamento  ,saúde,Eduardo Vessoni,10/05/2020 04h00 ,,"""paciência"" é a palavra que heloísa schurmann escolheu para essa temporada de quarentena. isolada em são paulo com o filho david e o neto, tenta manter a rotina com tarefas domésticas, palestras online e lives em redes sociais. com três voltas ao mundo no currículo, ela reconhece que as longas viagens em família a bordo de um veleiro foram fundamentais para encarar os atuais desafios. e os schurmann não estão sozinhos. nesta reportagem, nossa se inspirou em relatos de viagens históricas para saber quais ensinamentos esses deslocamentos ao redor do mundo podem nos dar em tempos de pandemia. desde a era das grandes navegações, a partir do século xv, viajantes protagonizaram longas viagens que não só redesenhariam os mapas do planeta como também mudariam a humanidade. quando: 1914",0,
298,General da reserva critica Bolsonaro e diz que Pazuello foi 'anomalia'  ,política,31/03/2021 21h34Atualizada em 31/03/2021 23h07 ,31/03/2021 21h34Atualizada em 31/03/2021 23h07 ,,"o general da reserva francisco mamede de brito filho criticou a tentativa do presidente jair bolsonaro (sem partido) de politizar as forças armadas e disse que a presença do general eduardo pazuello no governo, como ministro da saúde, foi uma ""anomalia condenável"" e uma ""situação constrangedora"", porque ele estava na ativa, e deveria ter ido para a reserva para ocupar o cargo — pazuello deixou de ser ministro neste mês. durante entrevista à cnn, na noite de hoje (31), brito filho afirmou que ""a tentativa do presidente de arrastar as forças armadas para o ambiente político é uma coisa que está clara"". "" a politização das forças armadas preocupa a todos, sejam da ativa ou reserva. há uma tentativa de envolver as forças armadas nos projetos de governo.",0,
8072,"Mercado não enfrenta loucuras de governo populista, diz ex-ministro  ",política,22/10/2021 09h25Atualizada em 22/10/2021 10h46 ,22/10/2021 09h25Atualizada em 22/10/2021 10h46 ,https://economia.uol.com.br/noticias/redacao/2021/10/22/mercado-nervosinho-auxilio-caminhoneiro-bolsonaro-mailson-da-nobrega.htm,"o ex-ministro da fazenda maílson da nóbrega disse no uol news desta manhã que o mercado financeiro do brasil não está ""nervosinho"", como sugeriu o presidente jair bolsonaro (sem partido) em sua live semanal ontem. o mercado financeiro reage, como reage todo mundo. os mercados financeiros não toleram incertezas, imprevisibilidade. nesse sentido, o mercado é covarde, não enfrenta as loucuras de um governo populista"", disse nóbrega. para o economista, a atual crise financeira do país tem origem na ""confiança"", que faz com que o real se desvalorize em relação ao dólar, impactando nos preços dos alimentos, por exemplo. ele disse que a quebra do teto de gastos contribui para essa situação.",0,
6189,"Alvo de mandado de prisão, Allan dos Santos chama ministro Alexandre de Moraes de ‘psicopata’ e ‘tirano’",brasil,Bernardo Yoneshigue, Publicado em  22/11/21 17:38 ,https://extra.globo.com/noticias/brasil/alvo-de-mandado-de-prisao-allan-dos-santos-chama-ministro-alexandre-de-moraes-de-psicopata-tirano-25287394.html,"o blogueiro bolsonarista allan dos santos chamou o ministro do supremo tribunal federal (stf) alexandre de moraes de “psicopata” e “tirano” em entrevista ao programa pânico, da tv jovem pan news, nesta segunda-feira. está tudo no colo do alexandre de moraes, ele está gostando disso, todo psicopata gosta de achar que tem poder. em outubro, o ministro alexandre de moraes determinou a prisão preventiva do blogueiro, solicitada pela polícia federal, e orientou que o ministério da justiça desse início ao procedimento de extradição para o brasil, já que, desde agosto de 2020, allan está nos estados unidos. conforme revelou a colunista malu gaspar, do globo, o secretário nacional de justiça, vicente santini, tentou retardar o processo de extradição do blogueiro, mas quando pediu os papéis à delegada para tentar produzir um parecer contrário, foi informado de que a ordem de moraes já havia sido enviada aos estados unidos. como justificativa, compartilharam uma reprodução do site da interpol, que divulga os nomes dos procurados pela “lista vermelha” da organização.",0,
3251,"Emenda de relator é lícita e vai salvar muita gente no Brasil, diz Pacheco",brasil,Julia Lindner, Publicado em  29/11/21 18:37 ,https://extra.globo.com/noticias/brasil/emenda-de-relator-licita-vai-salvar-muita-gente-no-brasil-diz-pacheco-25298308.html,"none — não é a existência da emenda de relator que é por sua natureza algo ilícito, porque definitivamente não é. os recursos são indicados pelo relator e precisam ser destravados porque tem obra paralisada, empresas que foram contratadas pelo serviço público e que não vão poder continuar a obra, os serviços de saúde — disse pacheco, durante viagem ao paraná, nesta segunda. e, portanto, o próprio relator assumia a responsabilidade por aquela emenda. — ele é o responsável por aquela indicação, assim como um parlamentar na sua emenda individual, muito embora aquela emenda possa ter sido sugerida por um prefeito ou por um provedor de santa casa, mas é o parlamentar quem assina, ele é o responsável. pacheco acrescentou que o formato atual de divulgação das emendas até pode ser considerado um equívoco, mas não algo ilícito.",0,
2907,Entenda como ficam os processos de Lula após o STF confirmar a decisão de Fachin,brasil,João Paulo Saconi, Publicado em  15/04/21 18:55 ,https://extra.globo.com/noticias/brasil/entenda-como-ficam-os-processos-de-lula-apos-stf-confirmar-decisao-de-fachin-24973111.html,"rio - ao confirmar nesta quinta-feira a decisão do ministro edson fachin que anulou condenações de luiz inácio lula da silva (pt) no âmbito da operação lava-jato em curitiba, o plenário do supremo tribunal federal (stf) ratificou o afastamento das penas impostas ao ex-presidente nos casos do tríplex do guarujá (sp) e do sítio em atibaia (sp) e, ao mesmo tempo, a recuperação dos direitos políticos do petista. entenda abaixo, em quatro pontos, os desdobramentos do julgamento de hoje. essa questão, no entanto, ainda não foi definida pelo plenário. logo, essas decisões não poderiam mais ser convalidadas pela justiça federal do df, conforme estabelecido na decisão de fachin. none o mesmo pode vir a ocorrer no caso do sítio de atibaia, já que, desde o início de abril, os advogados de lula pedem que a suspeição de moro seja estendida a esse segundo processo.",0,
9780,Juiz absolve assessor da Presidência Filipe Martins de acusação de racismo,brasil,Aguirre Talento, Publicado em  15/10/21 18:09 ,https://extra.globo.com/noticias/brasil/juiz-absolve-assessor-da-presidencia-filipe-martins-de-acusacao-de-racismo-25238398.html,"brasília — o juiz marcus vinicius reis bastos, da 12ª vara federal do distrito federal, absolveu sumariamente o assessor especial da presidência filipe martins da acusação de racismo por gestos feitos durante uma sessão do senado. na denúncia, a procuradoria da república no distrito federal descreve que filipe martins fez gesto alusivo a movimentos racistas de supremacia branca em sessão no senado e relata que o assessor fez postagens em redes sociais sobre ideias, emblemas e símbolos relacionados a símbolos fascistas e de extrema direita, o que demonstraria seu conhecimento do significado do seu gesto. none o caso ocorreu em uma sessão do senado no dia 24 de março deste ano. nada há nos autos, contudo, que dê suporte a essas ilações.",0,
13873,"Próximo alvo da CPI da Covid, Ernesto Araújo avalia candidatura a deputado federal",brasil,Extra, Publicado em  10/05/21 09:42 ,https://extra.globo.com/noticias/brasil/proximo-alvo-da-cpi-da-covid-ernesto-araujo-avalia-candidatura-deputado-federal-25011003.html,"brasília - próximo alvo da cpi da covid, o ex-ministro das relações exteriores ernesto araújo avalia concorrer a uma vaga na câmara dos deputados no ano que vem ou, enquanto a eleição não se aproxima, pleitear um posto diplomático no exterior. não tem outro candidato da direita com popularidade. o plano do governo é bom, mas o governo ficou impossibilitado de aplicá-lo. uma deputada bolsonarista, que preferiu não se identificar, diz que a princípio apoia uma candidatura de ernesto, mas demonstrou receio com a possibilidade de o ex-ministro criticar o governo na cpi da covid. os bolsonaristas críticos a ernesto foram responsáveis por apenas 5% das menções.",0,
1383,"Brasil tem 29 mil novos casos e 734 novas mortes por coronavírus, diz consórcio de imprensa",saúde,Extra, Publicado em  15/10/20 20:05 ,https://extra.globo.com/noticias/coronavirus/brasil-tem-29-mil-novos-casos-734-novas-mortes-por-coronavirus-diz-consorcio-de-imprensa-24694322.html,"rio - o brasil registrou 29.498 novos casos e 734 novos óbitos por coronavírus nas últimas 24 horas. infográfico: números do coronavírus no brasil e no mundo a ""média móvel de 7 dias"" faz uma média entre o número de mortes do dia e dos seis anteriores. dezenove estados apresentaram tendência de queda na média móvel de óbitos: acre, amapá, amazonas, bahia, ceará, espírito santo, goiás, mato grosso do sul, minas gerais, pará, paraná, pernambuco, rio grande do norte, rio grande do sul, rondônia, roraima, santa catarina, são paulo e tocantins. outra pesquisa, assinada pela confederação nacional de municípios (cnm), mostra que, diante das dificuldades para adoção dos protocolos sanitários e da complexidade do cenário decorrente da pandemia da covid-19, 82% das cidades consultadas acreditam não haver condições para retomar as aulas presenciais este ano, mais de seis meses após o fechamento das escolas. agora, o total é de 152.460 mortes provocadas pela pandemia.",0,
19256,"Brasil ultrapassa marca de 224 mil mortes por Covid-19, indica consórcio da imprensa",saúde,Extra, Publicado em  31/01/21 20:09 ,https://extra.globo.com/noticias/coronavirus/brasil-ultrapassa-marca-de-224-mil-mortes-por-covid-19-indica-consorcio-da-imprensa-24863479.html,"rio - o brasil registrou 27.597 novos casos e 563 novas mortes por covid-19 nas últimas 24 horas, totalizando 9.202.791 ocorrências e 224.534 óbitos desde o início da pandemia no país. o levantamento é assinado pelo consórcio de veículos de imprensa. onze estados atualizaram seus dados neste domingo. já a média móvel de óbitos atingiu 1.065, um avanço de 11% em relação à registrada 14 dias atrás. entre 15 projetos propostos em 2020, quatro têm chances reais de seguir adiante. lançados em iniciativas dispersas, estes projetos dividiram em 2020 um bolo de verbas modesto (r$ 9 milhões) do ministério da ciência, tecnologia e inovações — que, alinhado ao ministério da saúde, apostou em medicamentos sem eficiência comprovada contra o coronavírus.",0,
12157,Jovem espanhol é internado por 2 meses devido a grave vício em Fortnite; caso é inédito,entretenimento,Extra, Publicado em  16/09/21 09:12 ,https://extra.globo.com/noticias/mundo/jovem-espanhol-internado-por-2-meses-devido-grave-vicio-em-fortnite-caso-inedito-25199561.html,"um adolescente espanhol ficou internado durante dois meses em razão de um grave vício ao jogo fortnite, caso tratado como o primeiro do mundo estudado pela literatura científica. segundo a equipe médica do hospital provincial de castellón, onde o menor deu entrada, ele exibia uma série de sintomas relacionados à dependência ao jogo de videogame, entre eles rejeição de ir aos serviços de saúde, inflexibilidade pessoal persistente e pouco interesse pelo meio à sua volta. os médicos também observaram uma melhoria no desenvolvimento pessoal e social do paciente. de acordo com o hospital, este é o primeiro caso de vício associado ao fortnite estudado pela literatura científica.",0,
7424,"Morre aos 90 anos Michael Collins, único astronauta da missão Apollo 11 que não pisou na Lua",entretenimento,Extra, Publicado em  28/04/21 14:16 ,https://extra.globo.com/noticias/mundo/morre-aos-90-anos-michael-collins-unico-astronauta-da-missao-apollo-11-que-nao-pisou-na-lua-rv1-1-24992153.html,"morreu aos 90 anos o astronauta michael collins, vítima de câncer. posteriormente, ingressou na força aérea e se tornou um piloto de teste. foi escolhido como astronauta em 1963 e seu primeiro voo foi a bordo do gemini 10. ele deixou a nasa em 1970 para ingressar no departamento de estado. none a nasa lamentou a perda em comunicado divulgado nesta quarta-feira, assinado pelo administrador interino steve jurczyk: ""a nasa lamenta a perda desse piloto e astronauta talentoso, um amigo de todos que buscam expandir o potencial humano. quer seu trabalho tenha ocorrido nos bastidores ou à vista de todos, seu legado sempre será o de um dos líderes que deram os primeiros passos da américa no cosmos. honraremos seu desejo de celebrarmos, e não lamentarmos, essa vida.",0,
14989,Casos de coronavírus no Brasil em 6 de abril,ciência, Por G1 — São Paulo , 06/04/2020 06h28 ,https://g1.globo.com/bemestar/coronavirus/noticia/2020/04/06/casos-de-coronavirus-no-brasil-em-6-de-abril.ghtml,"as secretarias estaduais de saúde divulgaram, até as 22h50 desta segunda-feira (6), 12.239 casos confirmados do novo coronavírus (sars-cov-2) no brasil, com 566 mortes pela covid-19. o acre registrou a primeira morte e, agora, apenas o tocantins não apresenta casos fatais. o estado do ceará confirmou que 34 municípios do estado têm casos confirmados da doença, e o número de infectados chegou a 1.023. são 31 mortes. o amazonas chegou a 19 mortes no estado. a bahia confirmou a décima morte. em minas gerais subiu para nove o número de mortos pela doença. o paraná registrou 14 mortes pela doença. veja alguns dados sobre a covid-19 no brasil até as 17h desta segunda:",0,
16170,Covid-19: Reino Unido registra maior número de mortes diárias desde maio,saúde, Por BBC , 27/10/2020 15h21 ,https://g1.globo.com/bemestar/coronavirus/noticia/2020/10/27/covid-19-reino-unido-registra-maior-numero-de-mortes-diarias-desde-maio.ghtml,"o reino unido registrou na terça-feira (27) o maior número de mortes por covid-19 em cinco meses. foram confirmados 367 óbitos, o nível mais alto desde maio. com isso, o total de mortes no país causadas pelo novo coronavírus atingiu 45.365. o reino unido teve desde o início da pandemia 920.660 casos, de acordo com a universidade johns hopkins. a alta do número de mortes diárias é considerada alarmante, mas deve ser contextualizada.",0,
10859,"Brasil tem 818 mortes por Covid em um dia, e média móvel volta para perto de 500; casos estão em alta",ciência, Por G1 , 14/11/2020 08h00 ,https://g1.globo.com/bemestar/coronavirus/noticia/2020/11/14/casos-e-mortes-por-coronavirus-no-brasil-em-14-de-novembro-segundo-consorcio-de-veiculos-de-imprensa.ghtml,"o consórcio de veículos de imprensa divulgou novo levantamento da situação da pandemia de coronavírus no brasil a partir de dados das secretarias estaduais de saúde, consolidados às 20h deste sábado (14). o país registrou 818 mortes pela covid-19 nas últimas 24 horas, chegando ao total de 165.673 óbitos desde o começo da pandemia. com isso, a média móvel de mortes no brasil nos últimos 7 dias foi de 484, voltando a se aproximar da casa dos 500. é o limite da estabilidade, já que um índice maior que 15% apontaria para alta. o alto número de mortes em 24 horas pode ser reflexo da atualização do estado de sp, que não apresentou números novos de óbitos na véspera devido a problemas com o sistema do ministério da saúde. ou seja, indica tendência de alta em relação aos últimos 14 dias.",0,
7030,"Dez capitais têm sinal de aumento nos casos de síndrome respiratória aguda grave, aponta Fiocruz",ciência, Por G1 , 20/11/2020 19h33 ,https://g1.globo.com/bemestar/coronavirus/noticia/2020/11/20/dez-capitais-tem-sinal-de-aumento-nos-casos-de-sindrome-respiratoria-aguda-grave-aponta-fiocruz.ghtml,"dez capitais brasileiras (veja detalhes mais abaixo) mostram sinal de aumento de casos de síndrome respiratória aguda grave (srag), aponta o boletim de monitoramento semanal da fiocruz, o infogripe, divulgado na quinta-feira (19) com dados até o dia 14 de novembro. a srag pode ser causada por vários vírus respiratórios, mas, neste ano, quase 98% dos casos no país têm o novo coronavírus (sars-cov-2) como causa, segundo dados da fundação. as tendências sempre se referem ao período anterior à data do boletim. por exemplo: as tendências de longo prazo apontam para o que tem sido visto nas 6 semanas anteriores a ele em cada capital; já as de curto prazo apontam para as 3 semanas anteriores.",0,
684,"4 pontos para entender a reinfecção por Covid-19, agora confirmada no Brasil",saúde," Por Mariana Alvim*, BBC ", 22/12/2020 09h08 ,https://g1.globo.com/bemestar/coronavirus/noticia/2020/12/22/4-pontos-para-entender-a-reinfeccao-por-covid-19-agora-confirmada-no-brasil.ghtml,"aproximando-se da marca de 200 mil mortes por covid-19, o brasil se deparou no início de dezembro com um novo número relativo à doença: o de casos de reinfecção. de acordo com o ministério da saúde, até esta segunda-feira (21/12), o país tinha dois casos de reinfecção confirmados e pelo menos 58 casos suspeitos em análise. o ministério define como reinfecção a situação de uma pessoa que recebeu positivo em um teste do tipo pcr para coronavírus e, 90 dias depois ou mais, novamente testou positivo — e, além disso, o sequenciamento do genoma das amostras apresentou duas cepas virais diferentes.",0,
13894,Funcionário de centro médico nos EUA é demitido após deixar vacinas contra Covid-19 intencionalmente fora de refrigeração,saúde, Por G1 , 31/12/2020 00h19 ,https://g1.globo.com/bemestar/coronavirus/noticia/2020/12/31/funcionario-de-centro-medico-nos-eua-e-demitido-apos-deixar-vacinas-contra-covid-19-intencionalmente-fora-de-refrigeracao.ghtml,"um funcionário não identificado do aurora medical center, no estado americano do wisconsin, foi demitido após deixar 57 frascos da vacina da moderna contra a covid-19 ""intencionalmente"" fora da refrigeração, afirmou a instituição nesta quarta-feira (30). no sábado (26), mais de 500 doses da vacina tiveram de ser descartadas por ficarem fora da refrigeração. de acordo com a emissora local wisn 12, a organização advocate aurora health disse que o indivíduo admitiu ter retirado os frascos intencionalmente. a polícia de grafton, cidade onde está localizado o centro médico, disse que o fbi e a fda (agência reguladora dos eua) estão ajudando nas investigações, segundo informações da rede de tv local fox6 news milwaukee.",0,
23129,"AM, MA, MS e TO têm tendência de alta de casos e mortes por Covid e de de síndrome respiratória, diz Fiocruz",ciência, Por G1 , 13/05/2021 18h31 ,https://g1.globo.com/bemestar/coronavirus/noticia/2021/05/13/am-ma-ms-e-to-tem-tendencia-de-alta-de-casos-e-mortes-por-covid-e-de-de-sindrome-respiratoria-diz-fiocruz.ghtml,"um novo boletim infogripe da fiocruz divulgado nesta quinta-feira (13) aponta que quatro estados - amazonas, maranhão, mato grosso do sul e tocantins - têm tendência de crescimento no número de casos e óbitos por covid-19 e também na incidência de casos de síndrome respiratória agudas grave (srag). a análise tem como base os dados da semana epidemiológica (se) 18, que equivale ao período de 2 a 8 de maio. a síndrome respiratória aguda (srag) é causada por doenças respiratórias como a influenza h1n1, adenovírus e o novo coronavírus. segundo a fiocruz, entre as 27 unidades federativas do país, 16 mostram sinais de queda nesses mesmos indicadores. os dados apontam que há indícios de interrupção da tendência de queda nos números da covid-19 no amapá, bahia, mato grosso, pernambuco, piauí, rio grande do sul e sergipe.",0,
6248,5 maneiras de evitar as dores nas costas trabalhando em casa,ciência," Por David Brown, BBC ", 08/02/2021 16h52 ,https://g1.globo.com/bemestar/noticia/2021/02/08/5-maneiras-de-evitar-as-dores-nas-costas-trabalhando-em-casa.ghtml,"milhões de pessoas estão levando vidas menos ativas do que antes da covid-19. para quem trabalha em casa, a caminhada matinal até o ponto de ônibus acabou. dias a fio podem ser passados curvados sobre um laptop, saindo menos de casa. para alguns, isso está cobrando um preço doloroso. quase metade (48%) disse que estava menos ativo fisicamente do que antes. outro estudo, do instituto para estudos de emprego, apontou que 35% relataram novas dores nas costas enquanto trabalhavam em casa. fisioterapeutas e outros especialistas dizem que aqueles com problemas graves ou persistentes devem procurar ajuda profissional, mas há coisas que muitos de nós podemos fazer para ajudar a nós mesmos. não se sente na mesma posição por longos períodos.",0,
25262,Rússia diz que vacina contra Covid-19 levou à produção de anticorpos na 1ª fase de testes,ciência, Por G1 , 13/07/2020 16h04 ,https://g1.globo.com/bemestar/vacina/noticia/2020/07/13/russia-conclui-primeira-fase-de-testes-de-vacina-contra-covid-19-producao-pode-comecar-em-setembro-diz-governo.ghtml,"a rússia anunciou neste domingo (12) que concluiu a primeira fase de testes de uma vacina contra a covid-19 que começou a analisar no mês passado. o governo diz que os primeiros resultados foram satisfatórios e que, caso os testes continuem tendo bons resultados, a produção para imunização poderia começar já em setembro. não foram publicados estudos ou artigos científicos sobre o atual status da pesquisa.",0,
6293,"Criança brasileira com suspeita de coronavírus está internada nas Filipinas, diz emissora",ciência, Por G1 , 26/01/2020 16h56 ,https://g1.globo.com/ciencia-e-saude/noticia/2020/01/26/crianca-brasileira-com-suspeita-de-coronavirus-esta-internada-nas-filipinas-diz-emissora.ghtml,"uma criança brasileira de 10 anos está internada nas filipinas com suspeita de coronavírus, segundo o site da rede local abs-cbn news. ela esteve na cidade chinesa de wuhan com os pais, que também estão em isolamento no mesmo hospital, por precaução. segundo o doutor audie cipriano, chefe dos médicos do hospital ng palawan, em puerto princesa, a criança foi hospitalizada com febre e dificuldade para respirar na madrugada de sábado, enquanto seu pai apresentava apenas dor de garganta. enquanto a abs-cbn news diz que o paciente é um menino, a cnn de manila afirma que se trata de uma menina, que mora na china com a família e estava passando férias nas filipinas. além da criança brasileira, uma menina taiwanesa de seis anos também está em isolamento por suspeita de contaminação.",0,
15416,Maradona teve problemas de saúde e crises por uso de cocaína e de álcool; médicos analisam complicações,ciência, Por G1 , 25/11/2020 14h35 ,https://g1.globo.com/ciencia-e-saude/noticia/2020/11/25/maradona-teve-historico-de-problemas-de-saude-e-crises-relacionadas-ao-uso-de-drogas-como-cocaina-e-alcool.ghtml,"o jogador de futebol argentino diego armando maradona enfrentou um longo histórico de problemas de saúde, alguns deles decorrentes do uso de drogas e do abuso do álcool. nesta quarta-feira (25), ele morreu em decorrência de uma parada cardiorrespiratória. ( o histórico com o uso de cocaína levou à primeira mancha na carreira em 17 de março de 1991, quando recebeu sua primeira suspensão: 15 meses afastado do futebol. em 1994, foi pego no exame de antidoping e cortado da seleção argentina. o cardiologista e médico do esporte nabil ghorayeb afirma que a parada cardiorrespiratória é consequência de uma doença anterior. "" ela pode estar associada a causas cardiovasculares, por exemplo”, afirma. “",0,
5468,"Após pedido de vistas, Anvisa suspende discussão sobre adiar proibição de agrotóxico associado à doença de Parkinson",ciência, Por G1 , 18/08/2020 16h27 ,https://g1.globo.com/economia/agronegocios/noticia/2020/08/18/apos-pedido-de-vistas-anvisa-suspende-discussao-sobre-adiar-proibicao-de-agrotoxico-associado-a-doenca-de-parkinson.ghtml,"a agência nacional de vigilância sanitária (anvisa) suspendeu nesta terça-feira (18) a análise de um pedido para adiar a proibição de um agrotóxico associado à doença de parkinson e que está previsto para sair do mercado em 22 de setembro. ainda não está definido quando o assunto voltará à pauta. na decisão de 2017, a agência deixou aberta a possibilidade de rever este prazo (de proibição em 22 de setembro de 2020), caso fossem apresentadas evidências científicas de que o agrotóxico não traz malefícios às pessoas em caso de contato direto. porém, nenhum estudo foi apresentado nesta terça.",0,
21547,Intel incorpora tecnologia para detectar vírus de resgate no próprio processador,política, , 12/01/2021 15h20 ,https://g1.globo.com/economia/tecnologia/blog/altieres-rohr/post/2021/01/12/intel-incorpora-tecnologia-para-detectar-virus-de-resgate-no-proprio-processador.ghtml,"a intel anunciou na consumer electronics show (ces) 2021 que alguns modelos de seus processadores de 11ª geração vão incorporar uma tecnologia capaz de detectar vírus de resgate (ransomware), emitindo sinais para que programas de segurança tomem as medidas necessárias e barrem o possível ataque. o recurso deve ampliar a capacidade da tecnologia de detecção de ameaças da intel (tdt, na sigla em inglês), que já permite acelerar a varredura da memória para identificar a presença de ameaças. contudo, a novidade estará limitada aos processadores habilitados para vpro, a linha profissional da intel. também será necessário que o software de segurança em execução no computador seja compatível com os alertas emitidos pelo processador.",0,
4820,Secretário de Estado dos EUA diz que país vai ajudar a Índia na luta contra a Covid-19,saúde, Por G1 , 25/04/2021 00h55 ,https://g1.globo.com/mundo/noticia/2021/04/25/secretario-de-estado-dos-eua-diz-que-pais-vai-ajudar-a-india-na-luta-contra-a-covid-19.ghtml,"o secretário de estado dos eua, antony blinken, anunciou na noite deste sábado (24) que o país planeja enviar ajuda para a índia, que vem batendo recorde atrás de recorde nos últimos dias e vive seu pior momento na pandemia da covid-19. não foram divulgados detalhes de como será essa ajuda. à agência reuters, um porta-voz da casa branca afirmou que os eua estão muito preocupados com a situação da índia e que mais informações serão reveladas ""em breve"". também à reuters, um representante da embaixada indiana em washington, nos eua, disse que as negociações entre os países visam garantir o fornecimento de um ""pequeno suprimento de insumos e componentes de empresas americanas para a produção de vacinas contra covid-19 na índia"".",0,
16440,Cientistas brasileiros descobrem sapo que tem 'relacionamento aberto' e é fiel a duas fêmeas,ciência, Por G1 , 13/08/2020 00h01 ,https://g1.globo.com/natureza/noticia/2020/08/13/cientistas-brasileiros-descobrem-sapo-que-tem-relacionamento-aberto-e-e-fiel-a-duas-femeas.ghtml,"pesquisadores da universidade estadual de campinas (unicamp) descobriram uma espécie de sapo capaz de manter uma espécie de 'relacionamento aberto' com suas fêmeas. publicado na revista ""science advances"" nesta quarta-feira (12), o estudo prova que a poliginia está presente também entre os anfíbios. o thoropa taophora, espécie endêmica da mata atlântica, foi o primeiro anfíbio registrado capaz de que um macho se acasale com duas fêmeas que permanecem fieis a ele. é o que os cientistas chamam de poliginia.",0,
21433,STF julga nesta quarta-feira ação contra suposto dossiê produzido pelo governo sobre opositores,política," Por Rosanne D'Agostino, TV Globo — Brasília ", 19/08/2020 05h01 ,https://g1.globo.com/politica/noticia/2020/08/19/stf-julga-nesta-quarta-feira-acao-contra-suposto-dossie-produzido-pelo-governo-sobre-opositores.ghtml,"o supremo tribunal federal (stf) começa a julgar nesta quarta-feira (19) ação do partido rede sustentabilidade que pede a suspensão da produção, pelo ministério da justiça e segurança pública, de um relatório sigiloso, um suposto dossiê contendo informações de quase 600 servidores públicos, a grande maioria ligada a movimentos antifascistas. a relatora da ação é a ministra cármen lúcia, que já disponibilizou aos demais ministros seu relatório com o resumo do caso. a ação também pede ""a abertura de inquérito pela polícia federal para apurar eventual prática de crime por parte do ministro da justiça e segurança pública e de seus subordinados"", além da remessa dos conteúdos já produzidos ao stf para análise, com a manutenção provisória do sigilo.",0,
16771,"Infecção por variação rara de vírus da gripe é identificada no norte do Paraná, diz OMS",saúde, Por G1 PR , 11/07/2020 14h31 ,https://g1.globo.com/pr/norte-noroeste/noticia/2020/07/11/infeccao-por-variacao-rara-do-virus-da-gripe-e-identificado-no-norte-do-parana-diz-oms.ghtml,"uma mulher de 22 anos foi infectada por uma variação rara de um vírus da gripe em ibiporã, no norte do paraná, segundo a organização mundial da saúde (oms). o caso de uma variante da influenza a h1n2 aconteceu em abril, e a mulher está curada. a oms informou na quinta-feira (9) que desde 2005 apenas 26 casos deste tipo de gripe foram detectados. essas infecções são notificadas ao órgão por causa do potencial pandêmico. o vírus é transmitido de porcos para humanos, e o monitoramento do potencial pandêmico é feito para identificar se o vírus passou por alguma mutação que permita a transmissão entre pessoas. até o momento, não há indícios de que isso tenha acontecido, segundo a oms.",0,
6146,'Bolsonaro Genocida' relata ataque a indígenas e promoção do coronavírus  ,saúde,22/07/2021 20h26 ,22/07/2021 20h26 ,https://noticias.uol.com.br/colunas/leonardo-sakamoto/2021/07/22/bolsonaro-genocida-aborda-ataque-a-indigenas-e-disseminacao-da-covid-19.htm,"o presidente jair bolsonaro (sem partido) tem sido acusado por seus críticos de adotar comportamentos genocidas em duas frentes. através de ações que desrespeitaram a dignidade de populações indígenas, colocando em risco sua sobrevivência cultural e material e o meio ambiente. e por conta de ações que tomou para disseminar o coronavírus e alcançar uma irreal imunidade de rebanho na pandemia, contribuindo para ultrapassarmos 547 mil mortes por covid-19. extensas pesquisas que abordam essas duas frentes estão compiladas no livro ""bolsonaro genocida"", editado por tadeu breda e lançado, esta semana, pela editora elefante.",0,
18493,Bolsonaro precisa ser banido das redes por usá-las para promover a morte  ,saúde,03/12/2021 20h53 ,03/12/2021 20h53 ,https://noticias.uol.com.br/colunas/leonardo-sakamoto/2021/12/03/bolsonaro-precisa-ser-banido-das-redes-por-usa-las-para-promover-a-morte.htm,"após afirmar que vacinas contra covid-19 levam à aids, o que afasta a população da imunização que pode salvar vidas, jair bolsonaro se tornou alvo de um inquérito aberto por ordem do ministro alexandre de moraes nesta sexta (3). o pedido havia sido feito pela cpi da covid na sua reta final e é o mínimo que se espera do supremo tribunal federal. mas no atual estágio de regressão civilizacional e institucional, há pouca expectativa de que isso mude a visão distorcida de liberdade pregada pelo presidente da república. mas mentiras têm cauda longa na internet, indo bem mais longe do que os destinatários iniciais.",0,
6600,Pesquisa da Globo constata impacto da pandemia sobre saúde mental do jovem  ,saúde,04/11/2021 13h07 ,04/11/2021 13h07 ,https://noticias.uol.com.br/colunas/mauricio-stycer/2021/11/04/pesquisa-da-globo-constata-impacto-da-pandemia-sobre-saude-mental-do-jovem.htm,"uma pesquisa encomendada pela globo constatou que o principal efeito da pandemia de coronavírus entre a população de 16 a 34 anos foi sobre a saúde mental. o estudo, feito em março, serviu para pautar um evento sobre empreendedorismo entre os jovens, o menos30 fest, cuja nona edição ocorrerá entre 9 e 11 de novembro. foram 1.500 entrevistados com acesso a internet, uma amostra representativa de um universo de 53,7 milhões de pessoas (84% do total da população nesta faixa etária). foram divididos de acordo com sexo (52% de mulheres, 48% de homens), classe social (70% de classe c, 27% na b e 3% na a) e formação escolar (18% com ensino fundamental, 58% com ensino médio e 24% com ensino médio).",0,
3485,"CNT-MDA- Nº mais relevante: para quase metade, prioridade é bater Bolsonaro  ",política,06/07/2021 08h04 ,06/07/2021 08h04 ,https://noticias.uol.com.br/colunas/reinaldo-azevedo/2021/07/06/cnt-mda--n-mais-relevante-para-quase-metade-prioridade-e-bater-bolsonaro.htm,"se as coisas vão ou não tomar outro rumo para jair bolsonaro, aí só mesmo com bola de cristal. os elementos em curso não o autorizam a ser muito otimista. as acusações de corrupção se adensam, e o presidente parece sentir especial prazer em alimentar a crise. há uma batelada de números que está a indicar isso. para 21,2%, o mais relevante é que não vença nenhum dos dois. se o eleitor é instado a uma opção afirmativa, aí 40,3% dizem preferir que lula ganhe, contra 25,1% que afirmam o mesmo sobre bolsonaro. se bolsonaro quiser um alento, está aqui: dadas a espantosa ruindade de seu governo e a gestão desastrada da pandemia, não deixa de ser um alento que ainda conte com um quarto do eleitorado.",0,
2213,O debate que nossas cidades precisam - e agora  ,entretenimento,21/10/2021 23h27Atualizada em 21/10/2021 23h31 ,21/10/2021 23h27Atualizada em 21/10/2021 23h31 ,https://noticias.uol.com.br/colunas/wilson-levy/2021/10/21/o-debate-que-nossas-cidades-precisam---e-agora.htm,"discutir a agenda urbana é um desafio que mobiliza muitas pessoas e instituições, no brasil e no mundo. a razão é simples: desde 2014, mais da metade (54%) da população mundial vive nas cidades, de acordo com dados da organização das nações unidas (onu). essa tarefa tem sido levada a cabo por pesquisadores de diversas áreas do conhecimento. enxergar a cidade como objeto de reflexão científica interessa ao urbanismo e ao planejamento urbano, mas também a um conjunto muito amplo de pesquisadores de outras áreas que têm o território como lugar de encontro.",0,
854,Funcionária de padaria é agredida após pedir para cliente colocar máscara  ,saúde,14/06/2021 21h54Atualizada em 15/07/2021 20h02 ,14/06/2021 21h54Atualizada em 15/07/2021 20h02 ,https://noticias.uol.com.br/cotidiano/ultimas-noticias/2021/06/14/funcionaria-de-padaria-e-agredida-apos-pedir-para-cliente-colocar-mascara.htm,"a atendente de uma padaria foi agredida por um cliente em palmares paulista, no interior de são paulo, após pedir para que ele seguisse os protocolos de prevenção contra a covid-19, colocando a máscara. o homem, um ajudante de motorista de 45 anos, foi ao estabelecimento no bairro jardim união no final da tarde de sexta-feira (11), de acordo com informações da secretaria de segurança pública ao uol. em entrevista à tv tem, afiliada local da tv globo, a vítima, identificada como adriana araújo, de 38 anos, mostrava hematomas no rosto e o braço imobilizado, depois de uma cirurgia para colocação de uma placa. ela contou que pensou que não iria escapar viva da situação.",0,
4639,Grávida é baleada a 1 cm do coração em chá de bebê; PM de folga é suspeito  ,entretenimento,Daniele Dutra,28/09/2021 11h55Atualizada em 29/09/2021 09h02 ,https://noticias.uol.com.br/cotidiano/ultimas-noticias/2021/09/28/gravida-e-baleada-a-1-cm-do-coracao-em-cha-de-bebe-pm-de-folga-e-suspeito.htm,"uma grávida de 19 anos foi baleada no domingo (26), durante um chá de bebê em petrópolis, região serrana do rio. vitória lopes pena está com 37 semanas de gestação e tem uma bala alojada a um centímetro de seu coração, de acordo com relato da mãe da gestante. o bebê passa bem, mas mãe e filha permanecem internadas. além dela, cinco pessoas ficaram feridas: duas baleadas foram hospitalizadas e três se machucaram com os estilhaços. o caso está sendo investigado pela 105ª dp e o policial foi liberado. a polícia afirmou que não revelará a identificação do suspeito e, portanto, não foi possível ter acesso à sua defesa.",0,
9941,FAB suspende buscas por bimotor que caiu em Ubatuba  ,entretenimento,05/12/2021 15h18Atualizada em 05/12/2021 18h47 ,05/12/2021 15h18Atualizada em 05/12/2021 18h47 ,https://noticias.uol.com.br/cotidiano/ultimas-noticias/2021/12/05/fab-suspende-buscas-por-bimotor-que-caiu-em-ubatuba.htm,"a fab (força aérea brasileira) suspendeu no fim da tarde deste sábado as buscas pelo bimotor que caiu em ubatuba (sp) no último dia 24. de acordo com os militares a área referente ao provável local da queda foi inteiramente rastreada, considerando inclusive as possibilidades de deslocamento em mar aberto. o piloto gustavo carneito, o copiloto josé porfírio júnior e um passageiro estavam no bimotor que saiu às 20h30 do último dia 24 do aeroporto dos amarais, em campinas (sp). o previsto era que o avião pousasse no aeroporto de jacarepaguá, no rio - mas o bimotor desapareceu por volta das 21h entre as cidades de ubatuba e paraty (rj).",0,
23618,"Casados há 68 anos, idosos morrem com 72 horas de diferença um do outro  ",entretenimento,06/05/2021 18h18Atualizada em 06/05/2021 18h21 ,06/05/2021 18h18Atualizada em 06/05/2021 18h21 ,https://noticias.uol.com.br/internacional/ultimas-noticias/2021/05/06/casal-casado-ha-68-anos-morre-com-72-horas-de-diferenca-um-do-outro.htm,"brenda e terrance studd, do reino unido, se conheceram aos 15 anos, em 1953, e desde então nunca mais saíram do lado um do outro. agora, após 68 anos de casamento, eles morreram, com apenas 72 horas de diferença. eles se casaram com 16 anos e morreram ambos aos 83. brenda morreu em decorrência da covid-19. já terrence, devido a um câncer no pâncreas. ""papai desistiu depois que a mamãe morreu. eles não conseguiam viver um sem o outro. eles eram namorados na adolescência e se amavam muito. eles nunca se separavam, só se precisavam ir ao hospital"", declarou julie mccluney, filha dos dois, em declaração divulgada pelo ""the mirror"".",0,
3796,Mulher se assusta ao achar raposa dentro de máquina de lavar roupas; veja  ,entretenimento,28/05/2021 14h03Atualizada em 28/05/2021 15h42 ,28/05/2021 14h03Atualizada em 28/05/2021 15h42 ,https://noticias.uol.com.br/internacional/ultimas-noticias/2021/05/28/mulher-se-assusta-ao-encontrar-raposa-em-sua-maquina-de-lavar-roupas.htm,"natasha prayag, de 32 anos, levou um susto ao se deparar com uma raposa dentro de sua máquina de lavar roupas. o episódio aconteceu na segunda-feira (24) em sua casa, em londres, na inglaterra. segundo o daily star, a mulher deixou a porta de sua residência aberta enquanto buscava sacolas em seu carro. foi neste momento que ela acredita que o animal entrou no local. a cena cômica viralizou quando prayag postou fotos em suas redes sociais ela disse ao tabloide britânico que assim que tirou a foto, a raposa se assustou e saiu correndo.",0,
7179,4 argumentos de Gilmar para ampliar suspeição de Moro em ações contra Lula  ,política,Ana Paula Bimbati,24/06/2021 19h43 ,https://noticias.uol.com.br/politica/ultimas-noticias/2021/06/24/gilmar-mendes-suspeicao-moro-decisao-lula.htm,"o ministro gilmar mendes, do stf (supremo tribunal federal), atendeu ao pedido de defesa do ex-presidente luiz inácio lula da silva e estendeu hoje a suspeição do ex-juiz sergio moro em outros dois processos contra o petista. assim, três processos contra lula —o do tríplex, o do sítio de atibaia e o de doação de um imóvel para o instituto lula— voltam à estaca zero. na decisão, gilmar argumentou que ""houve a persecução penal do paciente em cenário permeado pelas marcantes atuações parciais e ilegítimas"" de moro. o ministro viu semelhança nos três processos conduzidos pelo ex-juiz contra lula. veja, a seguir, argumentos usados por gilmar mendes para estender a suspeição:",0,
18900,Lewandowski cobra respostas da CPI para decidir sobre audiência de Barros   ,saúde,Rafael Neves,09/07/2021 14h30 ,https://noticias.uol.com.br/politica/ultimas-noticias/2021/07/09/lewandowski-cobra-respostas-da-cpi-para-decidir-sobre-audiencia-de-barros.htm,"o ministro ricardo lewandowski, do stf (supremo tribunal federal) encaminhou à cpi da covid uma reclamação da defesa do deputado ricardo barros (pp-pr), líder do governo bolsonaro, para que seja antecipado seu depoimento à comissão. barros seria inicialmente ouvido no último dia 8, mas a audiência acabou adiada sem nova data definida. no dia 2 ele decidiu entrar no stf para que a reunião fosse agendada e, no dia 7, lewandowski deu à cpi um prazo de 5 dias para se manifestar. o presidente da cpi, senador omar aziz (psd-am), afirmou nesta semana que a cpi vai continuar funcionando durante o recesso parlamentar, apesar de o presidente do senado, rodrigo pacheco (dem-mg), ter sugerido que os trabalhos fossem interrompidos no período. aziz não anunciou, no entanto, quando o colegiado pretende ouvir barros.",0,
14093,"Diretora da Precisa se cala, irrita CPI e sessão é suspensa à espera do STF  ",saúde,"Hanrrikson de Andrade, Luciana Amaral, Rafael Neves e Thais Augusto",13/07/2021 04h00Atualizada em 13/07/2021 16h48 ,https://noticias.uol.com.br/politica/ultimas-noticias/2021/07/13/cpi-ouve-diretora-da-precisa-e-tenta-avancar-em-investigacao-sobre-covaxin.htm,"o presidente da cpi da covid, omar aziz (psd-am), suspendeu a audiência de hoje depois que a depoente do dia, emanuela medrades, diretora técnica da precisa medicamentos, se negou a responder todo e qualquer questionamento do colegiado. durante o intervalo, aziz enviou ofício ao presidente do stf (supremo tribunal federal), luiz fux, para entender de forma objetiva até que ponto a testemunha pode efetivamente se manter em silêncio e se ela cometeu crime de falso testemunho ou de desobediência. por telefone, apurou o uol, fux reafirmou a aziz que a diretora da precisa pode se silenciar apenas para não se incriminar. é o que prevê o habeas corpus obtido ontem por emanuela.",0,
24747,UOL Explica: qual o risco de fraude eleitoral no Brasil?  ,política,Juliana Arreguy,16/07/2021 04h00Atualizada em 04/08/2021 14h59 ,https://noticias.uol.com.br/politica/ultimas-noticias/2021/07/16/uol-explica-qual-o-risco-de-fraude-eleitoral-no-brasil.htm,"nas últimas semanas, o presidente jair bolsonaro (sem partido) tem repetido com mais frequência acusações infundadas de fraude eleitoral no brasil. sem mostrar nenhuma prova ou indício que sustente as suspeitas, o presidente defende, ao mesmo tempo, o voto impresso. neste uol explica, respondemos algumas das dúvidas mais frequentes sobre o risco de fraude eleitoral no brasil e o voto auditável, entre outros temas ligados à urna eletrônica. o uol formulou as perguntas a partir de consultas ao google trends, ferramenta do google que permite conferir as buscas mais recorrentes na plataforma, e de declarações de autoridades sobre o processo eleitoral.",0,
2444,Por que Bolsonaro não pode comer dentro de restaurantes de Nova York  ,saúde,20/09/2021 11h32Atualizada em 20/09/2021 14h32 ,20/09/2021 11h32Atualizada em 20/09/2021 14h32 ,https://noticias.uol.com.br/politica/ultimas-noticias/2021/09/20/bolsonaro-restaurantes-nova-york.htm,"o presidente jair bolsonaro (sem partido) optou por comer pizza na calçada de nova york na noite de ontem e gerou debate sobre a escolha. mas o que dizem as regras vigentes da cidade? bolsonaro não poderá de fato frequentar restaurantes enquanto estiver em nova york para a realização da assembleia geral da onu (organização das nações unidas)? em agosto, nova york deu início à medida batizada de ""key to nyc pass"" (chave para o passe de nova york, em tradução livre do inglês), na qual passou a ser exigida certificação de vacinação contra covid-19 para entrar em locais públicos fechados como restaurantes, museus e academias. bolsonaro até o momento não se vacinou contra a covid-19.",0,
22559,Ex-juíza de Haia crê em punição de Bolsonaro: 'justiça tarda mas não falha'  ,saúde,21/10/2021 11h57Atualizada em 21/10/2021 18h15 ,21/10/2021 11h57Atualizada em 21/10/2021 18h15 ,https://noticias.uol.com.br/politica/ultimas-noticias/2021/10/21/sylvia-steiner-uol-entrevista-punicao-bolsonaro-haia.htm,"a ex-juíza do tribunal penal internacional de haia sylvia steiner, única brasileira que já atuou na corte, afirmou que é ""otimista"" e acredita que o presidente jair bolsonaro (sem partido) será punido por supostos crimes cometidos durante a gestão da pandemia da covid-19. ao uol entrevista, sylvia traçou paralelos entre o mandatário do brasil e o ex-presidente do sudão, omar al-bashir, que foi condenado por crimes de guerra e contra a humanidade. ""falaram que ele (al-bashir) nunca seria preso e, ao sair do cargo, ele está hoje preso no sudão. a justiça tarda, mas não falha"", falou.",0,
12862,Líder do governo na Câmara diz que reformas não devem ser votadas em 2022  ,saúde,22/12/2021 10h55Atualizada em 22/12/2021 11h16 ,22/12/2021 10h55Atualizada em 22/12/2021 11h16 ,https://noticias.uol.com.br/politica/ultimas-noticias/2021/12/22/ricardo-barros-camara-reformas.htm,"o deputado federal ricardo barros (pp-pr), líder do governo bolsonaro na câmara, afirmou que não vê possibilidade de o congresso nacional votar as reformas no ano eleitoral de 2022. as declarações foram dadas ao jornal da manhã, da jovem pan. o parlamentar afirmou que as reformas administrativa e tributária são ""importantes"" para o brasil e declarou que o governo do presidente jair bolsonaro (sem partido) foi afetado pela pandemia do coronavírus, que restringiu o trabalho do congresso nacional e impediu o avanço de articulações para votar essas pautas. ""não vejo nenhuma possibilidade de votação em ano eleitoral porque os partidos se posicionam no ano eleitoral no interesse dos seus candidatos, das suas candidaturas.""",0,
20432,Covid-19 transforma uma cidade paraguaia em fantasma na fronteira com a Argentina  ,entretenimento,29/01/2021 16h56 ,29/01/2021 16h56 ,https://noticias.uol.com.br/ultimas-noticias/afp/2021/01/29/covid-19-transforma-uma-cidade-paraguaia-em-fantasma-na-fronteira-com-a-argentina.htm,"as medidas adotadas para prevenir a covid-19 transformaram nanawa, uma cidade fronteiriça situada cerca de 60 km a noroeste de assunção, em uma região fantasma com seus comerciantes em ruínas. agentes argentinos guardam a fronteira e só deixam passar os caminhões de mercadorias. o fechamento afeta famílias inteiras ligadas às duas margens do rio pilcomayo, fronteira natural entre os dois países.",0,
16744,Biden promete a Modi 'assistência de emergência' à Índia pela covid-19  ,entretenimento,26/04/2021 15h13 ,26/04/2021 15h13 ,https://noticias.uol.com.br/ultimas-noticias/afp/2021/04/26/biden-promete-a-modi-assistencia-de-emergencia-a-india-pela-covid-19.htm,"washington, 26 abr 2021 (afp) - o presidente dos estados unidos, joe biden, prometeu nesta segunda-feira (26) ajuda de emergência à índia para enfrentar a arrasadora onda de covid-19 durante uma conversa telefônica com o primeiro-ministro narendra modi, informaram os dois governos. biden ""comprometeu firmemente o apoio dos estados unidos ao povo da índia"" e disse que seu país ""fornecerá uma ampla assistência de emergência, que inclui equipamentos de oxigênio, materiais para vacinas e também terapêuticos"", disse a casa branca. os estados unidos anunciaram no domingo o envio de ajuda depois que algumas vozes na índia acusaram washington de acumular vacinas e não compartilhá-las.",0,
23811,"Berlim terá lugar inédito de culto para cristãos, muçulmanos e judeus  ",entretenimento,27/05/2021 12h16Atualizada em 27/05/2021 12h47 ,27/05/2021 12h16Atualizada em 27/05/2021 12h47 ,https://noticias.uol.com.br/ultimas-noticias/afp/2021/05/27/berlim-cristianismo-judaismo-islamismo-house-of-one.htm,"cristãos, muçulmanos e judeus reunidos sob o mesmo teto: este é o projeto de um local de culto apresentado como único no mundo, que ""enaltece a diferença religiosa"" e teve sua pedra fundamental lançada hoje, em berlim. dez anos depois da concepção do projeto, as obras de construção da chamada house of one (""casa de um""), na ilha dos museus, no centro de berlim, vão durar quatro anos. seu lançamento foi adiado no ano passado, devido à pandemia da covid-19. construído sobre uma antiga igreja destruída nos tempos da república democrática alemã, a alemanha oriental, comunista, o lugar foi concebido para que cada grupo de fiéis possa rezar de forma separada.",0,
4670,Caçadores matam urso que atacou quatro pessoas em cidade do Japão  ,entretenimento,18/06/2021 06h39Atualizada em 18/06/2021 07h29 ,18/06/2021 06h39Atualizada em 18/06/2021 07h29 ,https://noticias.uol.com.br/ultimas-noticias/afp/2021/06/18/cacadores-matam-urso-que-atacou-quatro-pessoas-em-cidade-do-japao.htm,"tóquio, 18 jun 2021 (afp) - caçadores mataram um urso pardo no norte do japão, nesta sexta-feira (18), depois que o animal cruzou a cidade de sapporo, onde feriu quatro pessoas e percorreu ruas movimentadas. a cidade de sapporo informou no twitter que o urso foi ""exterminado"", e a televisão local disse que caçadores mataram o animal a tiros. imagens de televisão mostraram o urso andando por uma rua residencial, cruzando uma rodovia movimentada e arranhando os portões de um posto militar, de onde soldados assustados fugiram.",0,
4385,Massacre de 'filial' do Estado Islâmico deixa 16 mortos no Congo  ,entretenimento,23/07/2021 06h01 ,23/07/2021 06h01 ,https://noticias.uol.com.br/ultimas-noticias/afp/2021/07/23/novo-massacre-na-rdcongo-deixa-16-civis-mortos.htm,"dezesseis pessoas morreram em uma emboscada no leste da república democrática do congo por suposto membros do grupo armado forças democráticas aliadas (adf), apresentado pela organização extremista estado islâmico (ei) como sua filial na áfrica central, informaram nesta sexta-feira fontes administrativas e médicas. ""a emboscada aconteceu na quinta-feira à noite no cruzamento de maimoya e chani-chani, onda a cada quinta-feira é organizado um mercado. temos 16 corpos no necrotério do hospital geral de referência de oicha"", declarou à afp nicolas kikuku, prefeito da cidade. as vítimas retornavam do mercado. ""são 15 adultos, seis mulheres e nove homens, além de uma criança, todos mortos a tiros"", afirmou à afp o médico jérôme munyambethe, diretor do hospital de oicha. ""no momento tentamos estabilizar nove feridos"", completou.",0,
26008,Vacinação de crianças contra a covid-19 vira debate entre pais nos EUA  ,saúde,04/11/2021 06h00Atualizada em 04/11/2021 08h13 ,04/11/2021 06h00Atualizada em 04/11/2021 08h13 ,https://noticias.uol.com.br/ultimas-noticias/afp/2021/11/04/pais-americanos-decidem-se-devem-ou-nao-vacinar-filhos-contra-a-covid.htm,"os mais novos devem ser vacinados contra a covid-19? o debate já é uma realidade nos estados unidos, onde a agência de alimentos e medicamentos (fda) autorizou a vacina pfizer/biontech para crianças de 5 a 11 anos. essa decisão abriu caminho para a imunização de quase 28 milhões de crianças dessa faixa etária. na terça-feira (2), os centros de controle e prevenção de doenças (cdc) deram luz verde, no último passo para iniciar a nova fase da campanha de vacinação.",0,
22404,"'Cada dia conta', alerta Merkel sobre combate à pandemia na Alemanha  ",saúde,25/11/2021 12h43Atualizada em 25/11/2021 13h10 ,25/11/2021 12h43Atualizada em 25/11/2021 13h10 ,https://noticias.uol.com.br/ultimas-noticias/afp/2021/11/25/cada-dia-conta-alerta-merkel-sobre-combate-a-pandemia-na-alemanha.htm,"a chanceler angela merkel pediu nesta quinta-feira (25) ""restrições adicionais"" para lutar contra a pandemia do coronavírus porque ""cada dia conta"" para frear a violenta onda de casos que abala a alemanha. ""precisamos de restrições adicionais"", disse a chanceler, acrescentando que disse o mesmo ao seu sucessor olaf scholz. ""podemos administrar juntos essse período de transição e buscar todas as medidas necessárias"", acrescentou. merkel, que afirmou que hoje é um ""dia triste"" por ter superado as 100 mil mortes pela doença na alemanha, disse que deseja dialogar com scholz e os líderes de sua coalizão — verdes e fdp — devido à gravidade da situação.",0,
23397,China confina mais 1 milhão de pessoas após detectar casos de covid-19  ,saúde,04/01/2022 06h39Atualizada em 04/01/2022 07h01 ,04/01/2022 06h39Atualizada em 04/01/2022 07h01 ,https://noticias.uol.com.br/ultimas-noticias/afp/2022/01/04/china-confina-mais-1-milhao-de-pessoas-apos-detectar-casos-de-covid-19.htm,"a china confinou mais 1 milhão de habitantes em uma localidade no centro do país, depois de detectar três casos assintomáticos de covid-19, um mês antes do início dos jogos olímpicos de inverno de pequim. desde o surgimento da epidemia, em dezembro de 2019, as autoridades vêm aplicando a estratégia ""covid zero"", que consiste em fazer o que for necessário para limitar ao máximo o surgimento de novos casos. nos últimos meses, porém, houve surtos esporádicos, e o país redobrou sua vigilância diante da iminência dos jogos de inverno, de 4 a 20 de fevereiro de 2022.",0,
24711,Mais nove casos da cepa Delta são confirmados na cidade de SP; total chega a 22  ,entretenimento,Ítalo Lo Re,29/07/2021 15h44 ,https://noticias.uol.com.br/ultimas-noticias/agencia-estado/2021/07/29/mais-nove-casos-da-cepa-delta-sao-confirmados-na-cidade-de-sp-total-chega-a-22.htm,"classificada como ""variante de preocupação"" pela organização mundial de saúde (oms), a delta é considerada mais transmissível em relação a outras cepas. segundo a prefeitura, os novos casos identificados nesta quinta na capital paulista ainda estão sendo investigados por unidades básicas de saúde (ubss) da rede municipal. o monitoramento das variantes na capital é realizado por meio de cálculo amostral, por semana epidemiológica. depois de coletadas, as amostras vão para análise do laboratório do instituto butantan, do governo do estado, para realização de um sequenciamento genético. semanalmente, cerca de 600 amostras são enviadas aos laboratórios para tentar identificar quais cepas circulam pela cidade. a ação com os laboratórios foi iniciada em abril de 2021.",0,
15441,Queiroga diz que Brasil tem 'excesso de vacinas' e elogia Pazuello  ,entretenimento,Eduardo Gayer,15/09/2021 16h30 ,https://noticias.uol.com.br/ultimas-noticias/agencia-estado/2021/09/15/queiroga-diz-que-brasil-tem-excesso-de-vacinas-e-elogia-pazuello.htm,"o brasil já distribuiu 260 milhões de doses de vacinas, 210 milhões já foram aplicadas"", disse queiroga em evento no aeroporto internacional de guarulhos. contudo, a suspensão por 15 dias das entregas da fiocruz, que tem parceria com a astrazeneca no brasil, deixou cidades de são paulo e rio de janeiro sem imunizantes para honrar o calendário de aplicação da segunda dose. as entregas já foram retomadas pela entidade. ainda assim, o fato foi minimizado por queiroga nesta quarta-feira, que chegou a campanha de vacinação no brasil de sucesso. "" não tem problema de astrazeneca nenhum"", atestou, no evento. "" a decisão, tomada de forma autônoma, foi novamente criticada por queiroga. se todos trabalharmos juntos, pararmos com essa torre de babel vacinal, nos livramos mais rápido dessa pandemia"", declarou.",0,
1712,Bolsonaro promete corte maior de emissões de gases após 'pedalada climática'  ,entretenimento,Célia Froufe,01/11/2021 12h29 ,https://noticias.uol.com.br/ultimas-noticias/agencia-estado/2021/11/01/bolsonaro-promete-corte-maior-de-emissoes-de-gases-apos-pedalada-climatica.htm,"especialistas afirmam que o governo foi responsável por uma ""pedalada climática"". é fundamental ter robustos volumes e nas quantidades necessárias para que a transição (para uma economia sustentável) ocorra de forma justa em cada região do planeta"", disse ele em transmissão no pavilhão do brasil, em glasgow, onde ocorre a cop-26 junto com um espaço montado em parceria com a confederação nacional da indústria (cni).leite está em brasília e viajará para escócia na semana que vem para participar da convenção do clima. já bolsonaro decidiu não ir ao evento e está na itália. neste momento, os olhos do mundo estão voltados para soluções inovadores que proporcionem avanços econômicos com crescimento verde e o brasil é parte dessa solução"", defendeu o ministro. o ministro também defendeu que estados mais ricos tenham ambição maior em suas metas para cortar emissões, sem citar uma região específica.",0,
25018,"Bolsonaro visitará Basílica de Pádua, que citou 'constrangimento' com homenagem  ",entretenimento,Eduardo Gayer,01/11/2021 10h00 ,https://noticias.uol.com.br/ultimas-noticias/agencia-estado/2021/11/01/bolsonaro-visitara-basilica-de-padua-que-citou-constrangimento-com-homenagem.htm,"bolsonaro será agraciado com o título de cidadão de anguillara veneta, onde moravam seus antepassados, a partir de projeto de lei de autoria da prefeita alessandra buoso, filiada ao partido de direita liga. o texto lembra as mais de 600 mil mortes causadas pela covid-19 no brasil e diz que a gestão da pandemia está ""sob holofotes"". "" a igreja de pádua, tornando-se porta-voz de um sentimento difundido e em virtude do vínculo que une o brasil à nossa terra, aproveita a possível passagem para anguillara veneta do presidente bolsonaro, para pedir-lhe de todo o coração que seja promotor de políticas que respeitem a justiça, a saúde, o meio ambiente, especialmente de apoio aos pobres"", acrescenta a basílica, na nota. bolsonaro está na itália desde a última sexta-feira. antes da agenda em anguillara veneta, participou da cúpula do g20, o grupo das vinte maiores economias do mundo.",0,
15061,Papa faz apelo contra discriminação de pessoas com transtornos mentais  ,entretenimento,10/10/2021 14h27Atualizada em 10/10/2021 15h26 ,10/10/2021 14h27Atualizada em 10/10/2021 15h26 ,https://noticias.uol.com.br/ultimas-noticias/ansa/2021/10/10/papa-faz-apelo-contra-discriminacao-no-dia-da-saude-mental.htm,"no dia mundial da saúde mental, celebrado neste domingo (10), o papa francisco lembrou o sofrimento dos doentes e suas famílias e fez um apelo para ninguém ""deixar só"" as pessoas com transtornos mentais nem discriminá-las. ""gostaria de lembrar os irmãos e as irmãs que sofrem de distúrbios mentais e também as vítimas, muitas vezes jovens, de suicídio"", disse o pontífice, no fim da oração do angelus, na praça são pedro. o dia mundial da saúde mental é celebrado anualmente no dia 10 de outubro. e, portanto, é importante promover serviços de saúde mental de qualidade em todos os níveis"", disse o chefe de estado italiano. além disso, os dados mostram que quase um bilhão de pessoas vivem com transtorno mental em países pobres, sendo que mais de 75% das pessoas não recebem nenhuma assistência.",0,
15273,Supremo venezuelano ordena parar contagem de votos no estado natal de Chávez  ,entretenimento,29/11/2021 23h53 ,29/11/2021 23h53 ,https://noticias.uol.com.br/ultimas-noticias/efe/2021/11/29/supremo-venezuelano-ordena-parar-contagem-de-votos-no-estado-natal-de-chavez.htm,"caracas, 29 nov (efe).- a sala eleitoral do tribunal supremo de justiça da venezuela (tsj) ordenou nesta segunda-feira a suspensão dos processos ligados à totalização (contagem), adjudicação e proclamação dos candidatos a governador de barinas, o estado natal do falecido presidente hugo chávez, cujos detalhes são desconhecidos desde as eleições regionais, realizadas há oito dias. em comunicado, o tsj informou que aceitou uma ação de amparo constitucional apresentada pelo político adolfo ramón superlano ""pela suposta violação dos direitos constitucionais à participação e ao sufrágio"" previstos na constituição e levando em conta ""o clima de tensão entre os militantes políticos"".",0,
19119,Europa pode ter que misturar vacinas contra Covid-19 devido a crise da AstraZeneca  ,entretenimento,"Matthias Blamont e Gwladys Fouche, Essi Lehto e Emilio Parodi ",07/04/2021 09h31 ,https://noticias.uol.com.br/ultimas-noticias/reuters/2021/04/07/europa-pode-ter-que-misturar-vacinas-contra-covid-19-devido-a-crise-da-astrazeneca.htm,"vários países da europa estão cogitando misturar vacinas contra covid-19 para cidadãos que receberam uma primeira dose da vacina da astrazeneca, uma medida inédita que sublinha os desafios de governos sofrendo para lidar com novos aumentos de infecções. os programas de vacinação foram prejudicados por um número pequeno de relatos de que pessoas inoculadas com a vacina da astrazeneca sofreram coágulos sanguíneos extremamente raros, o que levou alguns países de todo o mundo a suspender seu uso por cautela. uma autoridade graduada da agência europeia de medicamentos (ema) disse em uma entrevista publicada na terça-feira que existe uma associação entre a vacina da farmacêutica e coágulos sanguíneos cerebrais raros, mas que as causas possíveis ainda são desconhecidas.",0,
18559,Portugal vai encerrar estado de emergência por Covid-19 na sexta-feira  ,entretenimento,Catarina Demony e Sergio Gonçalves,27/04/2021 19h24 ,https://noticias.uol.com.br/ultimas-noticias/reuters/2021/04/27/portugal-vai-encerrar-estado-de-emergencia-por-covid-19-na-sexta-feira.htm,"lisboa (reuters) - o estado de emergência decretado em portugal no maior nível de alerta por conta do coronavírus acaba na sexta-feira, anunciou o presidente do país, em meio a uma queda brusca no número de infecções e preparativos para afrouxar um rígido lockdown imposto há mais de três meses. declarado em meados de janeiro para combater o que era então a pior alta do planeta em número de infecções, o estado de emergência permite que o governo imponha medidas duras para suspender direitos e liberdades da população. se for necessário, eu não hesitarei em declarar novo estado de emergência"".",0,
15240,Milhares protestam contra vacinação obrigatória contra covid na França  ,saúde,31/07/2021 14h07 ,31/07/2021 14h07 ,https://noticias.uol.com.br/ultimas-noticias/reuters/2021/07/31/milhares-protestam-contra-o-passe-obrigatorio-de-saude-para-coronavirus-na-franca.htm,"milhares de pessoas protestaram em paris e outras cidades francesas no sábado contra a adoção de um passe obrigatório de saúde para coronavírus para entrada em uma ampla variedade de locais públicos, introduzido pelo governo enquanto luta contra uma quarta onda de infecções. os manifestantes feriram três policiais em paris, disse um porta-voz da polícia. foi o terceiro fim de semana consecutivo em que as pessoas que se opunham às novas medidas do covid-19 determinadas pelo governo do presidente emmanuel macron saíram às ruas, uma demonstração incomum de determinação em uma época do ano em que muitas pessoas estão concentradas em tirar as férias de verão.",0,
24885,Apoio da população é receita do sucesso da Nova Zelândia contra a Covid-19  ,entretenimento,Richard Tindiller,15/02/2021 10h34 ,https://noticias.uol.com.br/ultimas-noticias/rfi/2021/02/15/apoio-da-populacao-e-receita-do-sucesso-da-nova-zelandia-contra-a-covid-19.htm,"cerca de dois milhões de habitantes estão sendo submetidos ao novo lockdown decretado pelo governo. escolas e lojas estão fechados até a próxima segunda-feira (22) e apenas empresas com atividades consideradas essenciais continuarão abertas, anunciou a primeira-ministra jacinda ardern. no país, a luta contra a covid-19 é chamada de ""the team of 5 million"" (a equipe de 5 milhões de habitantes), em referência à união da população do país, que apoia a estratégia do governo. ""a notícia não é boa, mas estou contente com a reatividade do governo. estou pronta para seguir as regras"", diz uma moradora entrevistada pela rfi. ""os neo-zelandeses já venceram o vírus respeitando as medidas, essa é a boa decisão"", diz outra entrevistada.",0,
23369,Deputado Luis Miranda usa colete à prova de balas ao chegar ao Senado para depor à CPI  ,saúde,25/06/2021 15h40 ,25/06/2021 15h40 ,https://noticias.uol.com.br/videos/2021/06/25/deputado-luis-miranda-usa-colete-a-prova-de-balas-ao-chegar-ao-senado-para-depor-a-cpi.htm,"ao chegar ao senado, onde depõe hoje à cpi da covid, o deputado luis miranda (dem-df) usava colete à prova de balas e carregava uma bíblia. ele afirmou que o irmão, que estava em viagem oficial aos eua, foi ""abandonado no aeroporto"" pela equipe do ministério da saúde e disse ter certeza de que o presidente jair bolsonaro (sem partido) ""ainda vai pedir desculpas"" para ele. ""ele vai perceber que a equipe dele é muito injusta"", declarou.",0,
12297,Luciano Hang nega que faça parte de 'gabinete paralelo' e que tenha financiado fake news  ,saúde,29/09/2021 11h57 ,29/09/2021 11h57 ,https://noticias.uol.com.br/videos/2021/09/29/luciano-hang-nega-que-faca-parte-de-gabinete-paralelo-e-que-tenha-financiado-fake-news.htm,"durante depoimento à cpi da covid, o empresário luciano hang negou que faça parte do suposto gabinete paralelo, formado por pessoas que fariam uma assessoria para o governo sobre políticas públicas para o combate à cpi da covid. ""nunca financiei nenhum esquema de fake news e não sou negacionista"", disse luciano hang.",0,
16010," Após restringir alimentos importados, China tem foco de Covid-19 em frigorífico ",saúde,CNN, 22/01/2021 às 05:14 ,https://www.cnnbrasil.com.br/business/apos-restringir-alimentos-importados-china-tem-foco-de-covid-19-em-frigorifico/,"a china relatou um novo foco de casos de covid-19 entre trabalhadores em uma fábrica de processamento de carnes no país, levantando temores entre os consumidores locais que até agora se preocupavam principalmente com a segurança dos alimentos importados. dez casos confirmados do novo coronavírus estão relacionadas a uma empresa que abate 50 milhões de frangos por ano na cidade de harbin, no nordeste do país, e é propriedade do conglomerado tailandês charoen pokphand (cp), um dos maiores produtores mundiais de aves.",0,
9144, Pequim adia maratona e amplia restrições da Covid antes da Olimpíada de Inverno ,saúde,CNN, 25/10/2021 às 10:48 ,https://www.cnnbrasil.com.br/internacional/pequim-adia-maratona-e-amplia-restricoes-da-covid-antes-da-olimpiada-de-inverno/,"o surto de covid-19 mais recente da china obrigou a capital pequim a adiar sua maratona anual e a ampliar outras restrições, no momento em que a cidade e a província vizinha de hebei aceleram os preparativos para a olimpíada de inverno de 2022. a china relatou 35 casos novos transmitidos domesticamente no domingo (24), mostraram dados oficiais nesta segunda-feira. pequim respondeu por 14 dos 168 casos relatados entre 17 e 24 de outubro.",0,
1475," Manaus tem recorde de enterros em um único dia, com 198 corpos sepultados ",saúde,CNN, 13/01/2021 às 21:57 ,https://www.cnnbrasil.com.br/nacional/manaus-tem-recorde-de-enterros-em-um-unico-dia-com-198-corpos-sepultados/,"a situação da covid-19 em manaus está de volta aos níveis do pico da pandemia no brasil e, nesta quarta-feira (13), a capital registrou um número recorde de enterros, com 198 corpos sepultados. o último marco no número de sepultamentos no município havia sido no auge da primeira onda da pandemia no estado do amazonas, em 28 de abril, com 167 pessoas enterradas.",0,
5707, Arruda Botelho: Bolsonaro usa mesmo método do 7/9 em vacinação de adolescentes ,saúde,CNN, 24/09/2021 às 09:47 | Atualizado 24/09/2021 às 09:57 ,https://www.cnnbrasil.com.br/politica/arruda-botelho-bolsonaro-usa-mesmo-metodo-do-7-9-em-vacinacao-de-adolescentes/,"no quadro liberdade de opinião desta sexta-feira (24), o advogado augusto de arruda botelho analisou o recuo do ministério da saúde ao recomendar, novamente, a vacinação de adolescentes contra a covid-19. a orientação aconteceu após a agência nacional de vigilância sanitária (anvisa) concluir que o caso da adolescente de 16 anos que morreu na grande são paulo não teve relação com a vacina que ela recebeu uma semana antes. a suspensão da campanha de jovens ocorreu na quarta-feira (15), quando uma nota técnica da saúde foi divulgada.",0,
7019," Check-up pós-Covid: quando é necessário e quem deve fazer, segundo especialistas ",saúde,CNN, 10/11/2021 às 04:30 ,https://www.cnnbrasil.com.br/saude/check-up-pos-covid-quando-e-necessario-e-quem-deve-fazer-segundo-especialistas/,"o aumento dos casos de covid-19 longa, que é quando sequelas da doença permanecem mesmo depois do fim da infecção, abriu espaço para um novo tipo de serviço de medicina diagnóstica, o check-up pós-covid. alguns laboratórios de análises clínicas criaram pacotes de exames que prometem investigar as causas das sequelas e ajudar na prevenção de complicações. mas este tipo de check-up é indicado somente para quem permaneceu com algum sintoma da covid-19 que traz piora da qualidade de vida. pessoas que tiveram as formas moderadas e graves da doença também podem ser beneficiadas com a investigação, desde que mantenham um acompanhamento médico, afirma o infectologista paulo abrão, professor de infectologia da universidade federal de são paulo (unifesp) e membro da sociedade brasileira de infectologia.",0,
10814, Intervalo reduzido de doses da Pfizer começa na capital paulista nesta quarta (20) ,saúde,CNN, 20/10/2021 às 07:21 | Atualizado 20/10/2021 às 18:46 ,https://www.cnnbrasil.com.br/saude/intervalo-reduzido-de-doses-da-pfizer-comeca-na-capital-paulista-nesta-quarta-20/,"começa a valer nesta quarta-feira (20) na cidade de são paulo a redução no intervalo entre as doses da pfizer/biontech, que agora passa a ser de 21 dias. antes, as pessoas precisavam esperar 56 dias entre a primeira e a segunda aplicação, mas com a chegada de 357.354 mil doses de imunizantes nesta semana, a capital conseguiu alterar a data.",0,
21245, Japão faz primeiro transplante de pulmão de doador vivo em paciente com Covid-19 ,saúde,CNN, 09/04/2021 às 14:19 ,https://www.cnnbrasil.com.br/saude/japao-faz-primeiro-transplante-de-pulmao-de-doador-vivo-em-paciente-com-covid-19/,"uma mulher japonesa que teve os pulmões gravemente afetados pela covid-19 recebeu o que os médicos dizem ser o primeiro transplante de pulmão do mundo feito por doadores vivos para um paciente recuperado do novo coronavírus.  o hospital universitário de kyoto disse que a mulher foi submetida a uma operação que durou 11 horas, por uma equipe médica de 30 pessoas na quarta-feira (7), para transplantar tecido pulmonar de seu marido e filho.",0,
6324," Não vacinados precisarão de quarentena para entrar no Brasil, diz Queiroga ",saúde,CNN, 07/12/2021 às 18:01 | Atualizado 08/12/2021 às 16:46 ,https://www.cnnbrasil.com.br/saude/nao-vacinados-precisarao-de-quarentena-para-entrar-no-brasil-diz-queiroga/,"o ministro da saúde, marcelo queiroga, anunciou, nesta terça-feira (7), que viajantes que não estão vacinados contra a covid-19 precisarão cumprir quarentena de cinco dias para entrar no brasil. após o término do período, será necessário um teste de rt-pcr para a detecção da doença. caso seja negativo, será permitida a continuidade da viagem. a determinação que foi estabelecida com o avanço da variante ômicron do coronavírus, ainda será publicada em uma portaria do governo federal.",0,
17836," SP pode ampliar espaço para tratar pacientes com cepa de Manaus, diz secretário ",saúde,CNN, 15/02/2021 às 14:15 ,https://www.cnnbrasil.com.br/saude/sp-pode-ampliar-espaco-para-tratar-pacientes-com-cepa-de-manaus-diz-secretario/,"a chegada da variante de manaus do novo coronavírus no estado de são paulo preocupa, e muito, pela velocidade com que ela se transmite. em entrevista à cnn nesta segunda-feira (15), edson aparecido, secretário municipal de saúde, afirmou que, por enquanto, há seis casos confirmados da nova mutação em são paulo e, se necessário, espaços serão abertos para o tratamento da nova cepa.",0,
8932, Testes clínicos de vacina contra Covid-19 da UFRJ devem começar em novembro ,saúde,CNN, 11/08/2021 às 10:02 ,https://www.cnnbrasil.com.br/saude/testes-clinicos-de-vacina-contra-covid-19-da-ufrj-devem-comecar-em-novembro/,"a vacina em potencial contra a covid-19 desenvolvida pela universidade federal do rio de janeiro deve avançar para a fase de testes clínicos – em humanos – no último bimestre deste ano. esta é a expectativa da coordenadora do laboratório de engenharia de cultivos celulares da coppe/ufrj, leda castilho. em entrevista à cnn, ela disse que 150 páginas de resultados referentes à produção e ao controle de qualidade serão submetidas à anvisa para análise.",0,
25547,Brasil ultrapassa marca de 130 milhões de vacinas Covid-19 aplicadas,saúde, Nathan VictorMinistério da Saúde(61) 3315-3580 / 2351,23/07/2021 12h36,https://www.gov.br/saude/pt-br/assuntos/noticias/brasil-ultrapassa-marca-de-130-milhoes-de-vacinas-covid-19-aplicadas,"o brasil atingiu a marca de mais de 130 milhões de doses de vacinas covid-19 aplicadas nesta sexta-feira (23). são mais de 93 milhões de pessoas que já receberam a primeira dose do imunizante. o ritmo acelerado da campanha reflete na situação epidemiológica da pandemia no país: só na última semana, de acordo com o último boletim epidemiológico, o brasil registrou redução de 14% nas mortes em relação à semana anterior. a média móvel de óbitos registrada na terça-feira (22) - 1,2 mil - é a menor dos últimos quatro meses. mais de 600 milhões de doses estão contratadas pelo ministério da saúde até o fim de 2021, após acordos com diferentes laboratórios. a imunização no brasil pode ser acompanhada pela plataforma localizasus. nathan victorministério da saúde(61) 3315-3580 / 2351",0,
17383,Casos de covid na delegação da África do Sul na Vila Olímpica geram receios de surto  ,saúde,18/07/2021 13h22 ,18/07/2021 13h22 ,https://www.uol.com.br/esporte/ultimas-noticias/afp/2021/07/18/jogos-olimpicos-diante-do-receio-de-primeiro-foco-de-covid-19-na-vila-olimpica.htm,"tóquio, 18 jul 2021 (afp) - dois jogadores e um técnico da equipe sul-africana de futebol instalados na vila olímpica deram positivo à covid-19 neste domingo (18), gerando receios de um foco da doença na vila. na manhã deste domingo, 18, o comitê organizador de tóquio 2020 anunciou que três casos positivos ""do mesmo país e do mesmo esporte"" foram detectados na vila olímpica, sem maiores detalhes. a áfrica do sul enfrentará o méxico, frança e japão no torneio olímpico masculino de futebol, que começa na quinta-feira, na véspera da cerimônia de abertura dos jogos.",0,
9535,Sintomas de covid: 6 orientações diante da suspeita da doença  ,saúde,André Biernath - @andre_biernath ,05/01/2022 08h07 ,https://www.uol.com.br/vivabem/noticias/bbc/2022/01/05/sintomas-de-covid-6-orientacoes-diante-da-suspeita-da-doenca.htm,"festas de final e início de ano, avanço da variante ômicron pelo mundo, recordes de novos casos em vários países, ausência de uma política de testagem... esses são alguns dos fatores que levantam suspeitas de que o brasil possa estar vivendo uma ""onda silenciosa"" de novas infecções pelo coronavírus nesse início de 2022. para completar o cenário, os sistemas de informática do ministério da saúde ainda não foram 100% recuperados de um ataque hacker realizado no início de dezembro, o que impede análises mais atualizadas sobre o atual cenário da pandemia nas últimas três semanas.",0,
3439,Brasil completa 190 dias com média de mortes por covid acima de mil  ,saúde,"Carolina Marins, Sara Baptista e Ricardo Espina",29/07/2021 18h57Atualizada em 29/07/2021 20h54 ,https://www.uol.com.br/vivabem/noticias/redacao/2021/07/29/covid-19-coronavirus-casos-mortes-29-de-julho.htm,"o brasil teve 1.354 mortes de covid-19 nas últimas 24 horas e completa 190 dias com média de mortes acima de mil, maior período da pandemia. os dados foram obtidos pelo consórcio de veículos de imprensa, do qual o uol faz parte, junto às secretarias estaduais de saúde. com os dados de hoje, o país chega a um total de 554.626 óbitos. desde as 20h de ontem, também foram registrados 41.393 novos casos da doença. desde o começo da pandemia, já foram feitos 19.838.909 diagnósticos de coronavírus.",0,
11007,"Com menor taxa de ocupação de UTIs covid do ano, SP flexibiliza medidas  ",saúde,03/08/2021 20h49Atualizada em 04/08/2021 10h20 ,03/08/2021 20h49Atualizada em 04/08/2021 10h20 ,https://www.uol.com.br/vivabem/noticias/redacao/2021/08/03/com-menor-taxa-de-ocupacao-de-utis-covid-no-ano-sp-flexibiliza-medidas.htm,"com indicadores de internação em queda e alta no número de vacinados com a primeira dose, o governo de são paulo começa a flexibilizar as medidas restritivas contra a covid até a liberação total de comércios e eventos, em 17 de agosto. hoje o estado de são paulo registrou a menor média de ocupação de leitos de terapia intensiva para covid do ano, 48,5%. desde ontem, o índice está abaixo de 50%. na grande são paulo, o nível ficou em 44,5%. são paulo também alcançou hoje a marca de 80% da população adulta vacinada com pelo menos uma dose da vacina contra covid. segundo cronograma divulgado pelo governador joão doria (psdb), quem tem acima de 18 anos receberá a primeira dose até 16 de agosto.",0,
19057,"OMS: Produção de vacinas contra Covid na África pode ser ""revolucionária""  ",saúde,Emma Farge,29/06/2021 16h55 ,https://www.uol.com.br/vivabem/reuters/2021/06/29/oms-producao-de-vacinas-contra-covid-na-africa-pode-ser-revolucionaria.htm,"planos para os primeiros polos independentes de produção de vacinas contra covid-19 na áfrica poderiam revolucionar a indústria global de vacinas, mas dependerão da disposição das farmacêuticas para compartilhar sua tecnologia, disse a organização mundial da saúde (oms) nesta terça-feira. na semana passada, a agência de saúde sediada em genebra disse que está montando um polo com a áfrica do sul para dar a países mais pobres as ferramentas para produzir suas próprias vacinas contra covid-19 usando a tecnologia de rna mensageiro empregada atualmente nos imunizantes da moderna e da pfizer. agnès buzyn, emissária de assuntos multilaterais da oms, disse que vários outros países africanos e asiáticos também se inscreveram e que conversas com o senegal e a tunísia estão ""bastante avançadas"".",0,
41599,Boatos que se espalharam pela web envolvendo Aécio Neves!,Política,Gilmar Lopes - ,1 de junho de 2014,http://www.e-farsas.com/boatos-que-se-espalharam-pela-web-envolvendo-aecio-neves.html,"“corre nos bastidores da imprensa mineira que aécio neves teria sido levado diversas vezes em segredo ao hospital mater dei, em belo horizonte (mg), com suspeita de overdose de cocaína”.",1,pré-eleições
41634,“Chapéu magnético” realmente reverte a perda de memória de pacientes com Alzheimer?,Indeterminado,Marco Faustino - ,1 de novembro de 2019,http://www.e-farsas.com/chapeu-magnetico-realmente-reverte-a-perda-de-memoria-de-pacientes-com-alzheimer.html,"“embora esses resultados promissores precisem ser replicados em ensaios clínicos controlados, eles sugerem que o tratamento possa dar um salto vertical para uma intervenção terapêutica totalmente nova contra o mal de alzheimer“",1,setembro de 2019
41143,Compartilhe a foto e ajude esse bebê com doença grave no rosto!,Correntes,Gilmar Lopes - ,10 de setembro de 2012,http://www.e-farsas.com/compartilhe-a-foto-e-ajude-esse-bebe-com-doenca-grave-no-rosto.html,imagem que circula no facebook mostra um bebê com uma doença no rosto e avisa que para cada compartilhada ele ganhará 5 centavos para ajudar em seu tratamento!,1,doados 5 centavos para ajudar em seu tratamento
41150,Criança com deformação na cabeça pede sua ajuda no Facebook,Correntes,Gilmar Lopes - ,5 de julho de 2012,http://www.e-farsas.com/crianca-com-deformacao-na-cabeca-pede-sua-ajuda-no-facebook.html,"para cada compartilhamento, o facebook doará r$ 0,05 para ajudar no tratamento de uma criança com deformação no crânio. mas será que essa campanha é real?",1,verdadeira
38592,"O Dr. Robert Malone, inventor da vacina de RNA contra a COVID-19, disse que ela causa danos às crianças! Será?",Conspirações,Gilmar Lopes - ,22 de dezembro de 2021,http://www.e-farsas.com/o-dr-robert-malone-inventor-da-vacina-de-rna-contra-a-covid-19-disse-que-ela-causa-danos-as-criancas-sera.html,o vídeo tem menos de 2 minutos de duração e começou a se espalhar através de grupos de whatsapp na segunda quinzena de dezembro de 2021. nele podemos ver um homem que se apresenta como dr. robert malone fazendo várias afirmações a respeito do perigo da vacinação contra a covid-19 em crianças.,1,Vídeo mostra o inventor da vacina de RNA afirmando que a vacinação causa danos irreversíveis no organismo das crianças! Será que isso é verdade?
40193,O homem que fez o papel do diabo vencendo Jesus em desfile morreu carbonizado?,Acidentes,Gilmar Lopes - ,5 de março de 2019,http://www.e-farsas.com/o-homem-que-fez-o-papel-do-diabo-vencendo-jesus-em-desfile-morreu-carbonizado.html,"a notícia surgiu no começo de março de 2019, pouco tempo depois da repercussão causada pelo desfile da escola de samba gaviões da fiel no sambódromo, em são paulo. de acordo com a notícia, o homem que fez o papel do diabo vencendo jesus teria morrido carbonizado em um acidente automobilístico, após seu veículo se chocar na traseira de um caminhão e explodir!",1,É verdade que o homem que interpretou o diabo vencendo Jesus em desfile de escola de samba morreu carbonizado após acidente de carro?
41322,Raquel Arlington – Menina com Câncer,Correntes,Gilmar Lopes - ,1 de abril de 2002,http://www.e-farsas.com/raquel-arlington-menina-com-cancer.html,"mais um e-mail com uma menina com cancer. dessa vez, a pobre menina tem até nome: raquel arlington.",1,Sempre desconfie de tudo o que você recebe na sua caixa de entrada. 
40001,Vídeo mostra um raro fenômeno atmosférico chamado raio globular?,Falso,Marco Faustino - ,11 de janeiro de 2020,http://www.e-farsas.com/video-mostra-um-raro-fenomeno-atmosferico-chamado-raio-globular.html,"“o raio globular é um fenômeno bem documentado, no sentido de que tem sido visto e descrito de forma consistente por pessoas, de diferentes classes sociais, desde a época da antiga grécia. não existe uma teoria aceita em relação a causa. não consiste necessariamente de plasma. por exemplo, um raio globular pode ser o resultado de um processo quimioluminescente. a literatura está repleta de especulações sobre a física do raio globular“",1,160 mil vezes
49849,"
  Fenômeno que afasta a Terra do Sol acontecerá em 4 de julho de 2022 e não afetará a saúde humana",ciência,"Manuela SILVA, AFP Uruguai, AFP Brasil",10 maio 2022 às 22:07,https://checamos.afp.com//doc.afp.com.329U6X2,"“a partir de amanhã, às 05h27, vivenciaremos o fenômeno aphelion, onde a terra estará muito distante do sol. não podemos ver o fenômeno, mas podemos sentir seu impacto. isso vai durar até agosto. teremos um clima frio mais do que o clima frio anterior, o que afetará a gripe, tosse, falta de ar, etc.”, dizem publicações compartilhadas no facebook majoritariamente em abril de 2022. o texto, que também circula em inglês e espanhol, continua: “a distância da terra ao sol é de 5 minutos-luz ou 90.000.000 km. o fenômeno do afélio a 152.000.000 km. 66% a mais. assim, o ar fica mais frio e o impacto no corpo não é bom porque ele não está acostumado com essa temperatura”.",1,"Publicações nas redes sociais alertavam, em abril de 2022, que o “fenômeno afélio”, quando a Terra está mais distante do Sol, estaria prestes a começar. De acordo com as mensagens, o evento teria como consequência baixas temperaturas e efeitos negativos na saúde humana. No entanto, o próximo afélio ocorrerá em 4 de julho de 2022 e não são previstos efeitos significativos no clima ou na relação com a saúde das pessoas, segundo fontes especializadas e uma astrônoma consultada pela AFP.Envie-nos por WhatsApp Email"
51084,"
  O CEO da Pfizer não disse em Davos que a empresa planeja “reduzir a população mundial em 50%”",saúde,"AFP Austrália, AFP México, AFP Brasil",6 junho 2022 às 23:07,https://checamos.afp.com//doc.afp.com.32BZ6HQ,"na gravação, bourla parece dizer em inglês: “na primeira semana em que nos reunimos, em janeiro de 2019 na califórnia, estabelecemos as metas para os próximos cinco anos. uma delas era que, para 2023, reduziremos em 50% o número de pessoas no mundo. creio que hoje esse sonho está se tornando realidade”. uma das publicações no twitter (1, 2) indica: “""eu não estou acreditando nisso!! albert bourla (ceo da pfizer) foi aplaudido, após admitir que o plano das vacinas é para reduzir a população em 50%."" isso é crime contra a humanidade!!”. a gravação também foi enviada ao whatsapp do afp checamos para verificação.",1,"Circula nas redes sociais um vídeo junto à afirmação de que o diretor-executivo da Pfizer, Albert Bourla, disse a Klaus Schwab, fundador e presidente do Fórum Econômico Mundial (WEF, na sigla em inglês), que a farmacêutica planeja reduzir a população mundial em 50% em 2023. A sequência foi reproduzida mais de 10 mil vezes desde 31 de maio de 2022. No entanto, o vídeo, que foi gravado durante um evento na cidade suíça de Davos, foi editado. No clipe original, o CEO disse a Schwab que a Pfizer busca reduzir à metade o número de pessoas no mundo que não podem pagar pelos medicamentos da empresa. Envie-nos por WhatsApp Email"
49838,"
  A quitina dos insetos não os torna perigosos para o consumo humano",ciência,"AFP Canadá, AFP Argentina, AFP Brasil",20 agosto 2022 às 17:50,https://checamos.afp.com//doc.afp.com.32GT7NF,"“os insetos contêm quitina que não pode ser processada pelo nosso intestino. mas a quitina é um polissacarídeo altamente palatável para câncer, parasitas, fungos e praticamente qualquer outra coisa que cause doenças”, dizem publicações compartilhadas no twitter, facebook e telegram. algumas seguem com o texto, supondo que a substância não é apropriada para mamíferos: “a quitina faz parte da sua construção. eles também contêm esteroides metamórficos, especialmente ecdyterona. isto não é comida de mamíferos. apenas as aves podem processar alimentos de insetos com segurança. o sistema digestivo das aves é completamente diferente do nosso”.",1,"Ainda que os humanos não possam digerir a quitina, um composto encontrado na casca dos insetos, isso não significa que eles “não sejam um alimento para os mamíferos”, como asseguram publicações compartilhadas desde julho de 2022 nas redes sociais. Especialistas consultados pela AFP e a bibliografia científica apontam que essa substância é parte da fibra dietética presente em crustáceos e plantas de consumo habitual, como o aipo e a quinoa, e que traz benefícios à saúde.Envie-nos por WhatsApp Email"
49964,"
  Michael Schumacher saiu do coma em 2014, meses após seu acidente de 2013",esporte,"Ana Laura MITIDIERI, AFP Argentina, AFP Brasil",28 julho 2021 às 19:09,https://checamos.afp.com//http%253A%252F%252Fdoc.afp.com%252F9H36QK-1,"“após 6 anos de coma, o alemão michael schumacher acorda e reconhece a esposa. sua esposa, que gastou a maior parte do seu dinheiro no tratamento do seu marido antes da falência. apesar da imensa fortuna que o próprio schumacher recebeu dos seus rendimentos na fórmula 1 enquanto dominava a corrida por anos e apesar de todos os enormes contratos de patrocínio que tinha, todo o dinheiro foi gasto. perdemos a esperança de recuperar até o dia em que ele acordou e a primeira pessoa que ele reconheceu foi a esposa dele. essa é a mulher que está aí pra ele e não se foi há 6 anos..”, diz o texto de uma das publicações compartilhadas no facebook (1, 2, 3). com as mesmas legenda e imagem, o conteúdo também foi compartilhado milhares de vezes em espanhol e russo.",1,"Publicações compartilhadas mais de uma centena de vezes no Facebook desde pelo menos 19 de junho de 2021 afirmam que o ex-piloto alemão e sete vezes campeão mundial de Fórmula 1 Michael Schumacher acordou após seis anos em coma. No entanto, Schumacher saiu do coma em 2014, meses depois do acidente em dezembro de 2013. Não houve declarações públicas oficiais recentes sobre mudanças em sua saúde.Envie-nos por WhatsApp Email"
51218,"
  Uso emergencial da proxalutamida para tratar a covid-19 não foi autorizado no Paraguai",saúde,AFP Brasil,31 julho 2021 às 01:10,https://checamos.afp.com//http%253A%252F%252Fdoc.afp.com%252F9HC2U8-4,"“proxalutamida recebe autorização de uso emergencial para covid-19 no paraguai”, dizem mensagens compartilhadas em sites, no twitter (1, 2), no facebook e no instagram (1, 2, 3).",1,"O termo “proxalutamida”, viralizado em março passado nas redes sociais, ganhou força outra vez desde 16 de julho, após diversas publicações alegarem que seu uso para tratar a covid-19 foi autorizado em caráter emergencial no Paraguai. Por meio de sua assessoria de imprensa, o Ministério da Saúde do país garantiu à AFP que a informação é falsa. A droga - inicialmente estudada para o tratamento de câncer de próstata, mas ainda não aprovada para uso - é defendida em mensagens como “nova droga promissora no combate à covid-19”. No Brasil, a realização de dois estudos foi autorizada pela Agência Nacional de Vigilância Sanitária (Anvisa), mas o fármaco também não tem registro para qualquer finalidade terapêutica.Envie-nos por WhatsApp Email"
51187,"
  Estas aeromoças da Alitalia estavam protestando contra demissões, não contra a vacinação",saúde,"Clémence OVEREEM, AFP Holanda, AFP Brasil",29 outubro 2021 às 15:17,https://checamos.afp.com//http%253A%252F%252Fdoc.afp.com%252F9QM4JG-1,"“se você quiser arrepios, assista a esse vídeo da itália. aeromoças italianas que preferem manter suas vidas, do que seus empregos incl. a injeção letal. não deixe isso dividir você!”, indica a legenda de uma das publicações compartilhadas no facebook (1, 2, 3). no vídeo viralizado é possível ver as mulheres usando o uniforme de comissárias de bordo, despindo-se silenciosamente em uma praça. a sequência também circulou no twitter (1, 2) como se fosse um ato contra a vacinação, mencionando a hashtag “#nopass”, e em outros idiomas, como o holandês (1, 2).",1,"Um vídeo de um protesto silencioso feito por aeromoças na Itália foi compartilhado mais de 350 vezes nas redes sociais desde o último dia 24 de outubro acompanhado da alegação de que elas estariam se recusando a tomar a “injeção letal”, em referência à vacina contra a covid-19. Isso é falso. A imprensa noticiou o caso, que se tratava de um ato contra as demissões feitas pela companhia aérea Alitalia. O sindicato que apoiou a manifestação confirmou que o evento “não teve nada a ver com a vacinação”.Envie-nos por WhatsApp Email"
49951,"
  O suposto aumento de mortes por infarto de atletas da FIFA em 2021 se baseia em um cálculo enganoso",esporte,"Max BIEDERBECK, François D'ASTIER, AFP Alemanha, AFP França, AFP Argentina, AFP Brasil",1 dezembro 2021 às 01:35,https://checamos.afp.com//http%253A%252F%252Fdoc.afp.com%252F9TP7W7-1,"“gráfico registrando casos de morte súbita/infarto em atletas. em 2021 - e o que aconteceu de diferente nesse ano mesmo? - o número de casos é cerca de 5 vezes maior do que a média dos últimos 20 anos. coincidência?” e “500% de aumento de mortes - scd/sud de jogadores da fifa em 2021. não são 24 atletas, nem 30, nem 75 - desde dezembro, 183 atletas profissionais e treinadores repentinamente colapsaram! 108 deles morreram!”, indicam as legendas de publicações, compartilhadas no facebook (1, 2, 3), no twitter (1, 2) e no instagram (1). publicações similares também circulam em francês e espanhol.",1,"O número de mortes por problemas cardíacos entre atletas da FIFA aumentou, em 2021, cinco vezes em relação à média dos últimos 20 anos, indicam publicações compartilhadas centenas de vezes nas redes sociais desde, pelo menos, o último 26 de novembro. Os usuários relacionam esse fenômeno à vacinação contra a covid-19. Mas o cálculo feito para chegar a essa conclusão é enganoso. O comitê da FIFA que registra enfermidades cardíacas fatais afirmou à AFP não ter “detectado uma tendência” nesse sentido. O mesmo foi assinalado pela Federação Alemã de futebol.Envie-nos por WhatsApp Email"
51156,"
  Checamos as novas declarações de Bolsonaro sobre a covid-19, a hidroxicloroquina e seu governo",saúde,AFP Brasil,12 dezembro 2021 às 21:20,https://checamos.afp.com//http%253A%252F%252Fdoc.afp.com%252F9UJ7QC-1,"a transmissão na íntegra, realizada pelo canal do youtube foco do brasil, foi retirada do ar “pelo usuário que fez o envio”, conforme aviso da plataforma de 14 de dezembro de 2021. o checamos teve acesso ao vídeo completo quando ele ainda estava disponível. em resposta à pergunta de uma jornalista sobre a quarentena de estrangeiros, bolsonaro indagou:",1,"Em coletiva de imprensa realizada em 11 de dezembro de 2021, o presidente Jair Bolsonaro voltou a abordar temas relacionados à pandemia e ao seu governo. Entre eles, falou sobre o uso da hidroxicloroquina para tratar a covid-19, a eficácia e negociação das vacinas e afirmou que, na ocasião em que associou o esquema vacinal completo contra a doença com o desenvolvimento da aids, se baseou em um artigo publicado pela revista Exame. O AFP Checamos analisou as declarações do presidente.Envie-nos por WhatsApp Email"
51133,"
  Não há registro de que Dilma tenha dito que a 3ª dose da vacina deveria ser aplicada primeiro",saúde,AFP Brasil,4 janeiro 2022 às 17:00,https://checamos.afp.com//http%253A%252F%252Fdoc.afp.com%252F9VK4UA-1,"“só a dilma para explicar a ‘lógica’ de tudo o que está acontecendo”, diz uma das publicações que somam mais de 10 mil interações no facebook (1, 2, 3), instagram (1, 2, 3) e twitter (1, 2, 3). alguns usuários publicaram o conteúdo como uma brincadeira, mas outros demonstraram acreditar na alegação. “não dá pra acreditar que tivemos esta bosta na presidência do maior país da américa latina”, comentou um deles. “que vergonha, que um dia votei nessa mulher”, escreveu outro.",1,"Publicações compartilhadas centenas de vezes em redes sociais desde o final de 2021 asseguram que a ex-presidente Dilma Rousseff (PT) disse que “se a terceira dose é a que funciona”, esta “deveria ter sido dada primeiro”. As postagens fazem referência à campanha de imunização contra a covid-19, que passou a incluir uma dose de reforço para potencializar a resposta imune. Não há, no entanto, qualquer registro de que a ex-mandatária tenha dado tal declaração. A frase é uma variação de outra que já havia sido incorretamente atribuída a Rousseff em meio à pandemia do coronavírus. Envie-nos por WhatsApp Email"
50989,"
  Imagem do comício de Trump é de 2019; Joe Biden estava realizando um discurso fechado",política,AFP Brasil,28 outubro 2020 às 16:10,https://checamos.afp.com//imagem-do-comicio-de-trump-e-de-2019-joe-biden-estava-realizando-um-discurso-fechado,"“as pesquisas mais uma vez estão erradas! #maga [em referência ao slogan “make america great again”]”, “será que está eleito? hahahaahaha” e “já sabemos quem vai ganhar né? #gotrump2020”, foram algumas das legendas das publicações, que circulam no facebook (1, 2) e no instagram (1) a poucos dias das eleições que escolherão o próximo presidente dos estados unidos, em 3 de novembro. o meme viralizado nas redes sociais mostra uma fotografia do que parece ser um grande estádio lotado e a frase “comício de trump” e, abaixo, a imagem de biden falando para poucas pessoas, cujas cadeiras estão afastadas e em espaços demarcados, juntamente com os dizeres “comício de biden”.",1,"Uma montagem que soma mais de 2,6 mil interações nas redes sociais desde o último dia 24 de outubro mostra duas fotografias, uma de um comício de Donald Trump e outra de um evento supostamente do mesmo tipo, mas de Joe Biden, ironizando o fato do primeiro estar nitidamente mais cheio que o segundo. Apesar das afirmações, a imagem do comício de Trump data de junho de 2019, antes da detecção do novo coronavírus, enquanto o evento de Biden se tratou de uma reunião fechada com comerciantes locais, em meio à pandemia.Envie-nos por WhatsApp Email"
51235,"
  A ivermectina não se mostrou eficaz na prevenção e tratamento da covid-19",saúde,"Ana PRIETO, AFP Argentina, AFP Brasil",23 junho 2021 às 21:45,https://checamos.afp.com//ivermectina-nao-se-mostrou-eficaz-na-prevencao-e-tratamento-da-covid-19,"""estudo argentino divulgado em revista publicada pela the lancet constata eficácia da ivermectina na redução da carga viral de pacientes com covid-19"" foi um dos títulos usados em sites brasileiros. ""de acordo com uma revista científica, o antiparasitário veterinário ivermectina é eficaz contra a covid-19"" e ""estudo revela eficácia da ivermectina"" foram as manchetes escolhidas por outros meios de comunicação latino-americanos (1, 2) para descrever os resultados de um estudo publicado em 17 de junho de 2021 na revista médica eclinicalmedicine. em redes sociais como facebook (1,2) e twitter, circulam publicações que questionam a não adoção do medicamento na prevenção e tratamento da covid-19. diversos usuários afirmam que o estudo foi publicado pela revista científica the lancet e que comprovou a eficácia do medicamento.",1,"Os resultados de um estudo realizado por cientistas argentinos e publicado na revista EClinicalMedicine foram divulgados na mídia e nas redes sociais com a afirmação de que a ivermectina é eficaz na prevenção e no tratamento da Covid-19. No entanto, o estudo realizado em 45 pacientes não comprova a eficácia clínica do medicamento e os próprios autores apontam que mais ensaios são necessários para demonstrar a sua eficácia no tratamento da doença.Envie-nos por WhatsApp Email"
50904,"
  Mortes por covid-19 não caíram “99,99%” no Amazonas após visita do ministro da Saúde",política,AFP Brasil,11 fevereiro 2021 às 21:21,https://checamos.afp.com//mortes-por-covid-19-nao-cairam-9999-no-amazonas-apos-visita-do-ministro-da-saude,"“bomba, segundo o governo de manaus, todo o dia estava morrendo 140 pessoas no amazonas, só foi bolsonaro mandar o ministro da saúde ir para manaus visitar os hospitais, que ontem morreu 46 pessoas no estado todo, sendo que 2 de covid-19 e hoje morreu 39 pessoas no estado todo, sendo que 1 de covid-19”, começa o texto compartilhado mais de 3 mil vezes no facebook (1, 2, 3) e no twitter ao menos desde 3 de fevereiro. “bolsonaro está de olho na safadesa dos governadores comunistas. em 2 dias houve redução de 99,99% de mortes no estado do amazonas pq será???”, continua a mensagem que começou a circular após pazuello visitar manaus, entre 23 e 29 de janeiro, para lidar com o colapso do sistema de saúde da cidade.",1,"Publicações compartilhadas milhares de vezes em redes sociais desde o início de fevereiro asseguram que o número de mortes por covid-19 no Amazonas caiu em “99,99%” imediatamente após o ministro da Saúde, Eduardo Pazuello, visitar a capital do estado, Manaus. Isso é falso. Na verdade, a média de óbitos registrados por dia no Amazonas desde que Pazuello voltou da região, em 29 de janeiro, é superior à das primeiras semanas do ano, quando o estado começou a enfrentar uma dura segunda onda da pandemia de coronavírus.Envie-nos por WhatsApp Email"
51247,"
  Publicações não mostram documentos sobre o coronavírus testado como arma biológica",saúde,AFP Brasil,19 maio 2021 às 19:21,https://checamos.afp.com//publicacoes-nao-mostram-documentos-sobre-o-coronavirus-testado-como-arma-biologica,"“bomba: documentos mostram coronavírus sendo testado como arma biológica 5 anos antes da pandemia por chineses”, diz o texto de uma das publicações compartilhadas no facebook (1, 2), no instagram (1, 2) e no twitter (1, 2), que compartilham um vídeo da rede australiana sky news ou fazem referência a ele, com a captura da apresentadora markson. esse conteúdo também circulou em sites (1, 2).",1,"Publicações que alegam que documentos mostram que o coronavírus foi testado como arma biológica pela China antes da pandemia foram compartilhadas mais de 3,3 mil vezes desde 9 de maio de 2021 nas redes sociais. Essa afirmação se baseia em um vídeo no qual a apresentadora do jornal australiano Sky News, Sharri Markson, menciona um livro acadêmico chinês que discute o uso de patógenos como estratégia de ataque. No entanto, ela não cita qualquer trecho afirmativo sobre uma produção de armamento biológico pela China. Envie-nos por WhatsApp Email"
50819,"
  Vídeo de Rui Costa, Jaques Wagner e Otto Alencar dançando forró é anterior à pandemia",política,AFP Brasil,18 junho 2021 às 18:12,https://checamos.afp.com//video-de-rui-costa-jaques-wagner-e-otto-alencar-dancando-forro-e-anterior-pandemia,"“a turma do fique em casa e da cpi da cloroquina todos sem mascaras no forró no final de semana na bahia”, diz o texto que acompanha a gravação no facebook (1, 2, 3), twitter (1, 2, 3) e instagram. o conteúdo começou a circular após o governador da bahia, rui costa, proibir os festejos de são joão, tradicionalmente realizados no mês de junho, para conter a propagação do novo coronavírus. medidas restritivas do tipo têm sido criticadas pelo presidente jair bolsonaro, que diz defender o “direito de ir e vir”.",1,"Um vídeo em que o governador da Bahia, Rui Costa (PT), o ex-governador do estado Jaques Wagner (PT) e o senador Otto Alencar (PSD) são vistos dançando em uma festa, sem usar máscaras de proteção contra a covid-19 ou respeitar o distanciamento social, foi visualizado mais de 9 mil vezes em redes sociais desde o último dia 15 de junho. Segundo as publicações, as imagens foram feitas “no final de semana”. Isso é falso: o vídeo foi gravado em maio de 2018, mais de um ano antes da identificação do novo coronavírus.Envie-nos por WhatsApp Email"
51293,"
  Vídeo não mostra vacinação “sem agulha” em Israel, mas simulação para produção de imagens",saúde,"Katarina SUBAŠIĆ, AFP Belgrado",6 janeiro 2021 às 20:39,https://checamos.afp.com//video-nao-mostra-vacinacao-sem-agulha-em-israel-mas-simulacao-para-producao-de-imagens,"“cadê a agulha? me engana que eu gosto. se nem eles tem coragem de tomar a vacina chinesa imagina eu”, diz uma das postagens, compartilhadas mais de 203 mil vezes no facebook (1, 2, 3), instagram (1, 2, 3) e twitter desde 26 de dezembro de 2020. as publicações acompanham um vídeo de 29 segundos no qual uma profissional de saúde parece aplicar uma vacina em um homem que fala hebraico. não é possível ver uma agulha e a enfermeira não aperta o êmbolo da seringa para administrar o imunizante. “são capazes de tudo para vender a vacina que eles mesmos não confiam... tire suas conclusões!”, diz outro usuário.",1,"Um vídeo em que uma profissional de saúde parece aplicar uma vacina sem utilizar uma agulha foi compartilhado centenas de milhares de vezes em redes sociais desde o final de 2020 para questionar a veracidade das campanhas de imunização contra a covid-19. No entanto, o vídeo foi cortado e tirado de contexto. Na versão completa, o oficial israelense Beni Ben Muvchar primeiro recebe a vacina, depois simula o momento novamente para gravar uma mensagem citando o serviço de saúde responsável pela vacinação.Envie-nos por WhatsApp Email"
43338,É #FAKE que Papa disse para todos fazerem a oração 'Estou vacinado com o sangue de Cristo e nenhum vírus pode tocar-me',," Por Roney Domingos, G1 ", 05/05/2020 13h31 ,https://g1.globo.com/fato-ou-fake/coronavirus/noticia/2020/05/05/e-fake-que-papa-disse-para-todos-fazerem-a-oracao-estou-vacinado-com-o-sangue-de-cristo-e-nenhum-virus-pode-tocar-me.ghtml,"circula nas redes sociais uma mensagem que diz que o papa francisco pediu a todos que façam a seguinte oração em mente: ""estou vacinado com o sangue de cristo: nenhum vírus pode tocar-me"". .",1,"Declaração não aparece em nenhum dos pronunciamentos oficiais do Papa Francisco neste ano. Além disso, Santa Sé garante que se trata de mensagem falsa e que o papa jamais fez tal pedido aos fiéis."
43223,É #FAKE que vacina contra o coronavírus a ser testada no Brasil só foi ministrada em macacos,," Por Roberta Pennafort, CBN ", 19/06/2020 15h06 ,https://g1.globo.com/fato-ou-fake/coronavirus/noticia/2020/06/19/e-fake-que-vacina-contra-o-coronavirus-a-ser-testada-no-brasil-so-foi-ministrada-em-macacos.ghtml,"circula nas redes sociais que a coronavac, vacina contra o coronavírus da farmacêutica chinesa sinovac, que será testada em 9 mil voluntários brasileiros, nunca foi ministrada em humanos, só tendo passado por testes clínicos e com macacos. .",1,"CoronaVac, que será aplicada em 9 mil voluntários no país, já passou por teste com 743 chineses."
43103,É #FAKE que foto mostre Maia ao lado de Pezão em festa no meio da pandemia,," Por Roney Domingos, G1 ", 08/09/2020 20h13 ,https://g1.globo.com/fato-ou-fake/coronavirus/noticia/2020/09/08/e-fake-que-foto-mostre-maia-ao-lado-de-pezao-em-festa-no-meio-da-pandemia.ghtml,"circula pelas redes sociais uma foto que mostra o ex-governador do rio de janeiro luiz fernando pezão ao lado do presidente da câmara dos deputados, rodrigo maia, e do pai dele, o ex-prefeito do rio césar maia. uma legenda diz: ""festinha desse final de semana. aniversário na casa do pezão (em prisão domiciliar) com convidados ilustres. olha o presidente da câmara aí"". .",1,"Imagem, na verdade, foi feita em março de 2018, em Volta Redonda, antes da prisão do ex-governador e muito antes da pandemia do novo coronavírus. Pezão cumpre prisão domiciliar desde dezembro de 2019."
42935,É #FAKE que vídeo mostre Kamala Harris fingindo tomar vacina contra Covid-19,," Por Roney Domingos, G1 ", 05/01/2021 15h00 ,https://g1.globo.com/fato-ou-fake/coronavirus/noticia/2021/01/05/e-fake-que-video-mostre-kamala-harris-fingindo-tomar-vacina-contra-covid-19.ghtml,"circula pelas redes sociais um vídeo acompanhado de uma legenda que afirma que a vice-presidente dos estados unidos, kamala harris, fingiu receber a vacina contra a covid-19. o vídeo destaca, com imagens de baixa resolução e em câmera lenta, o momento em que a enfermeira manipula a seringa após aplicar a vacina, dizendo que tudo não passou de uma farsa. .",1,"Mensagem falsa deturpa vídeo verdadeiro para alegar que a agulha dobra e que a vacinação não ocorreu. Especialistas em seringas afirmam que imagens mostram dispositivo que encapa a agulha, que ele é comum e recomendado e que não houve nenhuma simulação."
42918,É #FAKE que vacina contra Covid-19 tem chip líquido e inteligência artificial para controle populacional,," Por Roney Domingos, G1 ", 27/01/2021 08h48 ,https://g1.globo.com/fato-ou-fake/coronavirus/noticia/2021/01/27/e-fake-que-vacina-contra-covid-19-tem-chip-liquido-e-inteligencia-artificial-para-controle-populacional.ghtml,"circulam pelas redes sociais mensagens em áudio e vídeo que afirmam que as vacinas contra a covid-19 têm um chip em forma líquida que vem com uma codificação que traz uma leitura para inteligência artificial, permitindo, assim, controlar os vacinados. diz ainda que ""é como se fosse um chip, mas de forma líquida, que é o plasma"". .",1,"Especialistas em chip, inteligência artificial e microbiologia rebatem teoria da conspiração com provas."
42854,É #FAKE que vídeo mostra multidão em protesto contra morte de PM na Bahia,," Por Marlen Couto, O Globo ", 30/03/2021 18h20 ,https://g1.globo.com/fato-ou-fake/coronavirus/noticia/2021/03/30/e-fake-que-video-mostra-multidao-em-protesto-contra-morte-de-pm-na-bahia.ghtml,"um vídeo com uma multidão andando na rua tem sido compartilhado em redes sociais e em grupos bolsonaristas no whatsapp e no telegram como se mostrasse um protesto de policiais militares contra o governador da bahia, rui costa (pt), após a morte do soldado wesley góes no último domingo. o pm atirou contra colegas em salvador, no último domingo, em um surto psicótico. as legendas que acompanham as imagem afirmam que os policiais se dirigiam à sede do governo do estado. a mensagem, no entanto, .",1,"Imagens, na verdade, são antigas, de 2015. E elas mostram torcedores do Corinthians, em São Paulo."
42846,É #FAKE que quase toda a população de Serrana já foi imunizada e ainda assim mortes por Covid-19 explodiram na cidade,," Por Gabriel Gabira, TV Globo ", 05/04/2021 20h46 ,https://g1.globo.com/fato-ou-fake/coronavirus/noticia/2021/04/05/e-fake-que-quase-toda-a-populacao-de-serrana-ja-foi-imunizada-e-ainda-assim-mortes-por-covid-19-explodiram-na-cidade.ghtml,"circula pelas redes sociais uma mensagem que diz que o projeto de vacinação em massa da população maior de 18 anos de serrana, no interior de sp, contra a covid-19 foi concluído e o resultado é preocupante. a publicação diz que 96% da população foi imunizada com a coronavac e, junto do boletim epidemiológico da cidade, sugere que as mortes estão aumentando por causa disso. a mensagem .",1,"Publicação falsa sugere que 96% da cidade foi imunizada e, mesmo assim, o número de mortes só cresce. Butantan informa que o estudo ainda não terminou e que maioria das pessoas do município não tomou as duas doses da Coronavac."
42840,É #FAKE que foto de repórter com macacão e cinegrafista sem proteção revele farsa da Covid-19 propagada pela mídia,," Por Thaís Matos, G1 ", 12/04/2021 13h29 ,https://g1.globo.com/fato-ou-fake/coronavirus/noticia/2021/04/12/e-fake-que-foto-de-reporter-com-macacao-e-cinegrafista-sem-protecao-revele-farsa-da-covid-19-propagada-pela-midia.ghtml,circula pelas redes sociais a foto de uma repórter com macacão e máscara filmada por um cinegrafista que não usa a proteção. mensagens dizem que a imagem prova o exagero da mídia em relação à gravidade da pandemia e que expõe a farsa da covid-19. .,1,"Imagem é de reportagem feita no Líbano, em março de 2020, para mostrar fábrica de trajes contra o coronavírus feitos com materiais alternativos. País passa por crise econômica e roupa visava contornar dificuldade de importação de trajes médicos."
42760,É #FAKE que Christian Eriksen tomou vacina da Pfizer semanas antes de mal súbito em jogo da Eurocopa,," Por Gisele Barros, O Globo ", 14/06/2021 12h46 ,https://g1.globo.com/fato-ou-fake/coronavirus/noticia/2021/06/14/e-fake-que-christian-eriksen-tomou-vacina-da-pfizer-semanas-antes-de-mal-subito-em-jogo-da-eurocopa.ghtml,"circula pelas redes sociais uma publicação que afirma que o jogador dinamarquês christian eriksen, de 29 anos, recebeu uma dose da vacina da pfizer contra a covid-19 e que a imunização foi a causa para o mal súbito que ele sofreu durante partida na eurocopa contra a finlândia no sábado (12). a afirmação .",1,Publicação com conteúdo falso diz que 'médico-chefe e cardiologista confirmou via rádio italiana que Eriksen havia recebido a vacina Pfizer em 31 de maio'. O diretor-executivo da Inter de Milão confirma que jogador não teve Covid-19 e não foi vacinado.
42744,É #FAKE foto que mostra Xuxa com camiseta com a inscrição 'Fora Bolsonaro' ao ser vacinada,," Por Roney Domingos, G1 ", 24/06/2021 17h43 ,https://g1.globo.com/fato-ou-fake/coronavirus/noticia/2021/06/24/e-fake-foto-que-mostra-xuxa-com-camiseta-com-a-inscricao-fora-bolsonaro-ao-ser-vacinada.ghtml,"circula pelas redes sociais uma foto em que a apresentadora xuxa usa uma camiseta com a inscrição ""fora bolsonaro"" ao receber a vacina contra a covid-19. ela .",1,"Vídeo publicado pela apresentadora mostra o mesmo profissional de saúde e os detalhes do cenário que aparecem na imagem falsa, com uma diferença: a camiseta preta, sem qualquer inscrição."
42625,É #FAKE cronograma de divulgação de cepas do novo coronavírus atribuído à OMS,," Por Roney Domingos, G1 ", 28/09/2021 16h34 ,https://g1.globo.com/fato-ou-fake/coronavirus/noticia/2021/09/28/e-fake-cronograma-de-divulgacao-de-cepas-do-novo-coronavirus-atribuido-a-oms.ghtml,circula em redes sociais uma mensagem que mostra uma tabela com os nomes das variantes do vírus sars-cov-2 e um calendário que estabelece as respectivas datas de divulgação delas. a figura circula junto à alegação de que o cronograma foi feito pela organização mundial da saúde (oms) e outras entidades com objetivo de tornar a vacinação periódica e intoxicar as pessoas com grafeno para rastreá-las pelo 5g. .,1,"OMS afirma que a tabela é falsa. Site da entidade mostra que o rastreamento de variantes é feito de forma séria, científica e transparente, com vários parceiros globais. Outras organizações citadas na imagem também desmentem o boato, que já foi checado por diversas agências ao redor do mundo."
42504,É #FAKE imagem de capa da Time em que soldado armado usa emblema da OMS,," Por Roney Domingos, g1 ", 24/01/2022 07h29 ,https://g1.globo.com/fato-ou-fake/coronavirus/noticia/2022/01/24/e-fake-imagem-de-capa-da-time-em-que-soldado-armado-usa-emblema-da-oms.ghtml,"circula pelas redes sociais uma imagem que imita a capa da revista time com destaque para a foto de um soldado armado que tem no uniforme o logo da organização mundial de saúde (oms). um título em inglês ao lado da figura afirma: ""equipe de resposta à covid da oms"". .",1,Imagem não consta em acervo da revista. OMS afirma que não tem um grupo armado para responder à Covid-19. Artista plástico reivindica a criação da imagem e mostra no Youtube como foi feita.
43518,É #FAKE que vídeo de bola de luz em trilhos mostre relâmpago globular,, Por G1 , 22/01/2020 12h42 ,https://g1.globo.com/fato-ou-fake/noticia/2020/01/22/e-fake-que-video-de-bola-de-luz-em-trilhos-mostre-relampago-globular.ghtml,"circula pelas redes sociais um vídeo que mostra uma esfera azul brilhante que se movimenta sobre os trilhos de uma linha de trem e em seguida explode. um texto afirma que o vídeo mostra um raio ou relâmpago globular registrado em lanzhou, na china. a mensagem .",1,"Vídeo foi feito com ferramentas de computação gráfica, mas passou a circular com textos que dizem se tratar de fenômeno meteorológico."
43491,É #FAKE mensagem em vídeo que diz que prender braço por um minuto vale como teste de pressão arterial,," Por Roney Domingos, G1 ", 10/03/2020 17h58 ,https://g1.globo.com/fato-ou-fake/noticia/2020/03/10/e-fake-mensagem-em-video-que-diz-que-prender-braco-por-um-minuto-vale-como-teste-de-pressao-arterial.ghtml,"circula pelas redes sociais uma mensagem em vídeo que mostra uma pessoa pressionando um dos braços contra um armário por um minuto. logo depois, o braço sobe espontaneamente até a altura do ombro. uma pessoa descreve o exercício como um teste para saber se a pressão arterial está alta ou baixa. a mensagem .",1,Vídeo diz que braço atinge sozinho a altura necessária para atestar resultado. Especialistas refutam orientações. Diretor da Sociedade de Cardiologia do Estado de São Paulo diz que não há nenhuma comprovação científica no método e afirma que sintomas narrados também não correspondem à verdade.
42994,É #FAKE mensagem que diz ser possível alterar o voto caso mesário não entregue o comprovante ao eleitor,," Por Laís Modelli, G1 ", 15/11/2020 17h40 ,https://g1.globo.com/fato-ou-fake/noticia/2020/11/15/e-fake-mensagem-que-diz-ser-possivel-alterar-o-voto-caso-mesario-nao-entregue-o-comprovante-ao-eleitor.ghtml,"circula nas redes sociais uma mensagem que diz que os mesários não têm entregado nte de votação ao eleitor para, assim, poder alterar o voto da pessoa. é#fake.",1,"Texto que circula nas redes sociais também dá a entender que o mesário é obrigado a fornecer o comprovante da votação. Segundo o TSE, cada eleitor precisa solicitar ao mesário o documento caso queira recebê-lo em razão da pandemia. Também é possível pedi-lo pelo site do tribunal."
45572,"Crivella oscila ao falar de estacionamento; Pedro Paulo, de ar em ônibus; e Freixo, de tarifa zero",,"Cristina Tardáguila, Clara Becker, Raphael Kapa e Juliana Dal Piva",23.09.2016 - 06h00,https://lupa.uol.com.br/jornalismo/2016/09/23/propostas-flutuantes-rj,"vou usar, inclusive, o modelo do uber para a saúde, a habitação, a segurança, o transporte. o usuário vai me dizer qual é a dificuldade que ele tem - indio da costa",1,
45848,Erros e acertos de Jair Bolsonaro no Jornal Nacional e no Jornal das 10,,"Chico Marés, Clara Becker, Leandro Resende, Nathália Afonso e Plínio Lopes",28.08.2018 - 21h52,https://lupa.uol.com.br/jornalismo/2018/08/28/jair-bolsonaro-tv-globo,temos aproximadamente 10 mil cubanos aqui [no programa mais médicos] - jair bolsonaro,1,
46572,Greta Thunberg não vive com terrorista nem foi abandonada pelo pai,,Chico Marés,25.09.2019 - 18h03,https://lupa.uol.com.br/jornalismo/2019/09/25/verificamos-greta-terrorista,ela [greta] nunca teve infância pois o pai cientistas social gay foi morar com o namorado na alemanha mostram publicações no facebook,1,
47059,Homens em vídeos contra problemas econômicos da quarentena não são o ‘dono do Carrefour’,,Maurício Moraes,31.03.2020 - 20h48,https://lupa.uol.com.br/jornalismo/2020/03/31/verificamos-dono-carrefour-coronavirus,"circulam pelas redes sociais dois vídeos com depoimentos que criticam os problemas econômicos causados pelas medidas adotadas para enfrentar a pandemia de covid-19, doença causada pelo novo coronavírus. eles falam sobre o impacto dessas decisões sobre os trabalhadores, como demissões e o corte de salários causados pela paralisação de atividades econômicas. as gravações mostram dois homens diferentes, que são identificados como o “dono do carrefour”. por meio do projeto de verificação de notícias, usuários do facebook solicitaram que esse material fosse analisado. confira a seguir o trabalho de verificação da lupa:",1,
44814,É falso que FDA liberou hidroxicloroquina para todos os pacientes com Covid-19,,Maurício Moraes,13.04.2020 - 18h50,https://lupa.uol.com.br/jornalismo/2020/04/13/verificamos-fda-liberou-hidroxicloroquina-todos-pacientes-covid-19,tanto [a hidroxicloroquina funciona] que a empresa vai doar 130 milhões de doses compartilhado por post no facebook,1,
46594,É falso que dados de cartórios ‘comprovam’ que não há pandemia,,Maurício Moraes,04.05.2020 - 19h27,https://lupa.uol.com.br/jornalismo/2020/05/04/verificamos-dados-cartorios-pandemia,"no dia 20/04, embora a televisão tenha alardeado a existência de uma mortandade avassaladora no estado de são paulo, os cartórios registraram apenas um único óbito como suspeito de covid-19 compartilhado por post no facebook",1,
47168,É falso que distribuição de ivermectina permitiu que a África controlasse pandemia de Covid-19,,Ítalo Rômany,06.08.2020 - 17h05,https://lupa.uol.com.br/jornalismo/2020/08/06/verificamos-ivermectina-africa-covid,"circula nas redes sociais um vídeo de um médico que afirma que, por causa da ivermectina, a pandemia de covid-19 está sob controle na áfrica. o especialista diz ainda que o medicamento tem demonstrado eficácia quando é utilizado nos primeiros sintomas do novo coronavírus. por meio do projeto de verificação de notícias, usuários do facebook solicitaram que esse material fosse analisado. confira a seguir o trabalho de verificação da lupa:",1,
45750,"Belo Horizonte: em sabatinas, candidatos erram sobre pandemia e educação",,Ígor Passarini e Marcela Duarte,13.10.2020 - 12h19,https://lupa.uol.com.br/jornalismo/2020/10/13/belo-horizonte-sabatinas,belo horizonte gastou aproximadamente r$ 200 milhões para reconstruir a cidade [após as enchentes de janeiro de 2020] - alexandre kalil (psd),1,
46924,Salvador: candidatos citam dados falsos sobre saúde e gestão em sabatinas Folha/UOL,,"Leandro Resende, Nathália Afonso
e Raphael Kapa",25.10.2018 - 21h35,https://lupa.uol.com.br/jornalismo/2020/10/19/salvador-sabatina-eleicoes,"""(...) ele [rui costa] tem uma avaliação superior a 70% do nosso estado"" - major denice (pt)",1,
46043,Candidatos de Curitiba exageram sobre gestão da pandemia em sabatinas Folha/UOL,,Gustavo Queiroz,22.10.2020 - 12h30,https://lupa.uol.com.br/jornalismo/2020/10/22/eleicoes-sabatina-folha-curitiba,"curitiba caiu no ranking do ideb da primeira posição entre as capitais para a quarta posição - goura nataraj (pdt), candidato a prefeito de curitiba",1,
44824,"No Senado, Kassio Marques cita dados falsos sobre pós-graduações e decisões no TRF1",,"Ígor Passarini, Ítalo Rômany
e Jessica de Almeida",23.10.2020 - 11h40,https://lupa.uol.com.br/jornalismo/2020/10/23/kassio-marques-sabatina,"em nenhum momento eu autorizei obra [estrada pelo parque guajurá-mirim] (...) o que eu autorizei foi apenas a passagem fiscalizada entre 8h e 18h, para passar pessoas, alimentos e medicamentos - kassio nunes marques",1,
46688,Fortaleza: Heitor Férrer erra ao comentar dados sobre câncer de mama e Covid-19,,Emanuel de Macêdo,27.10.2020 - 16h00,https://lupa.uol.com.br/jornalismo/2020/10/27/fortaleza-heitor-ferrer-covid-19,"“nós, estado do ceará e cidade de fortaleza, fomos o pior estado e município no número de mortes por habitantes [pela covid-19].” - heitor férrer (solidariedade)",1,
44429,OMS não disse que isolamento sem restrições da Suécia é ‘modelo a ser seguido’,,Por Carol Macário,02.03.2021 - 19h13,https://lupa.uol.com.br/jornalismo/2021/03/02/verificamos-oms-lockdown-suecia,"circula pelas redes sociais que a organização mundial da saúde (oms) afirmou que a suécia estabeleceu um modelo de combate à pandemia que deveria ser seguido. de acordo com a publicação, o país não realizou lockdown e, por isso, seria um bom exemplo para outros países. por meio do projeto de verificação de notícias, usuários [ ]",1,
44424,Paulo Guedes não gastou R$ 120 mil com Viagra,,Por Carol Macário,04.03.2021 - 15h11,https://lupa.uol.com.br/jornalismo/2021/03/04/verificamos-paulo-guedes-viagra,"circula pelas redes sociais que o ministro da economia, paulo guedes, gastou r$ 120 mil com a compra de viagra, fármaco indicado para tratamento de disfunção erétil. a publicação usa a imagem congelada de um telejornal do canal cnn onde a suposta denúncia foi veiculada. por meio do projeto de verificação de notícias, usuários do [ ]",1,
45729,"Para atacar isolamento, Bolsonaro mente sobre OMS, atestados de óbito e STF",,Ítalo Rômany,19.03.2021 - 15h20,https://lupa.uol.com.br/jornalismo/2021/03/19/isolamento-bolsonaro-mente,“o japão não teve fique em casa” - jair bolsonaro (sem partido),1,
46781,Mandetta cita dados incorretos sobre vacinas e testagem em massa na CPI da Covid,,Chico Marés e Nathália Afonso,19.07.2018 - 14h00,https://lupa.uol.com.br/jornalismo/2021/05/05/mandetta-vacinas-testagem-cpi-da-covid,"“(...) porque a orientação dele [tedros], quando ele fala vamos testar 100% da população do mundo, ela seria inexequível” - luiz henrique mandetta, ex-ministro da saúde",1,
47183,É falso que OMS tenha criado cronograma de futuras cepas do novo coronavírus,,Gustavo Queiroz,27.09.2021 - 19h00,https://lupa.uol.com.br/jornalismo/2021/09/27/verificamos-oms-cronograma-cepas,"circula pelas redes sociais que a organização mundial da saúde (oms), o fórum econômico mundial e outras organizações teriam criado um cronograma de liberação de futuras cepas do novo coronavírus (sars-cov-2), com o objetivo de forçar uma vacinação periódica da covid-19. a legenda diz ainda que as vacinas encheriam o corpo de óxido de grafeno para conectar as pessoas ao 5g. por meio do projeto de verificação de notícias, usuários do facebook solicitaram que esse material fosse analisado. confira a seguir o trabalho de verificação da lupa:",1,
44646,JN: Lula diz ser seu órgão e lei criados por FHC para combater corrupção,,"Bruno Nomura, Emanuelle Bordallo, Iara Diniz e Nathália Afonso",25.08.2022 - 23h20,https://lupa.uol.com.br/jornalismo/2022/08/25/jn-lula-orgao,eu escolhi [o procurador-geral] da lista tríplice - luiz inácio lula da silva,1,
44106,É falso que funcionários da Pfizer receberam lote especial da vacina da Covid-19,,Por Evelyn Fagundes,15.08.2023 - 14h25,https://lupa.uol.com.br/jornalismo/2023/08/15/e-falso-que-funcionarios-da-pfizer-receberam-lote-especial-da-vacina-da-covid-19,"vídeo mostra funcionários da pfizer em uma audiência do senado da austrália. segundo a legenda, eles teriam afirmado que receberam um lote especial da vacina contra a covid-19, diferente daquele distribuído ao público. . o vídeo foi tirado de contexto. a pfizer afirma que a mesma vacina foi oferecida aos colaboradores e à população.",1,
49627,        Homem erra ao dizer em vídeo que pesquisa Datafolha não tem registro 24/08/2018 19h18 , UOL Confere ,,24/08/2018 19h18,https://noticias.uol.com.br/comprova/ultimas-noticias/2018/08/24/internauta-erra-ao-dizer-em-video-que-pesquisa-datafolha-nao-tem-registro.htm,"a pesquisa do instituto datafolha, divulgada na última terça-feira (21), não tem registro na justiça eleitoral. o se espalhou nas redes sociais e no whatsapp após um homem, que não se identifica, gravar um vídeo lendo o resultado da pesquisa no portal “g1” e procurando o registro dela no site do tse (tribunal superior eleitoral). como o usuário preencheu os campos de busca no site do tse de maneira errada, ele não consegue encontrar o registro da pesquisa e, então, acusa: “ou a ‘globo.com’ está mentindo, ou o datafolha está mentindo, ou o tribunal superior eleitoral está mentindo. são três responsabilidades: de quem registra, de quem diz que registrou e de quem está passando a informação”.",1,
49046,        Covid: Estudo belga não prova eficácia da cloroquina no tratamento precoce 02/09/2020 18h35 , UOL Confere ,"Do UOL, em São Paulo*",02/09/2020 18h35,https://noticias.uol.com.br/comprova/ultimas-noticias/2020/09/02/covid-estudo-belga-nao-prova-eficacia-da-cloroquina-no-tratamento-precoce.htm,"um estudo belga tenha comprovado a eficácia da hidroxicloroquina no tratamento precoce da covid-19. a afirmação foi feita pelo deputado marco feliciano (republicanos-sp) em sua página no facebook. o deputado compartilha o link de um texto do site conexão política, sobre um estudo realizado na bélgica, com 8.075 participantes. a pesquisa realmente existe, mas, apesar de apontar uma redução da mortalidade por covid-19 em pacientes medicados com doses baixas de hidroxicloroquina, é insuficiente para levar a qualquer mudança quanto a recomendação da droga no combate ao novo coronavírus - o medicamento continua sem ter sua eficácia comprovada. além disso, o estudo analisou pacientes em diferentes fases da doença, e não apenas os que receberam a droga no início da manifestação dos sintomas.",1,
48840,        Estudo no México não prova que ivermectina reduziu internações por covid-19 20/05/2021 19h40 , UOL Confere ,,20/05/2021 19h40,https://noticias.uol.com.br/comprova/ultimas-noticias/2021/05/20/estudo-no-mexico-nao-prova-que-ivermectina-reduziu-internacoes-por-covid-19.htm,"circula nas redes sociais que um estudo na cidade do méxico teria mostrado que a ivermectina reduziu em até 76% o número de hospitalizações entre casos de covid-19. a pesquisa existe e foi divulgada pelo governo em 15 de maio, mas não é capaz de comprovar segurança e eficácia do tratamento com o vermífugo contra o novo coronavírus. os dados são preliminares e não foram publicados em nenhuma revista científica. isso quer dizer que esses números não foram revisados e validados por outros cientistas e, portanto, devem ser vistos com cautela. além disso, o estudo foi feito por meio de consulta a bancos de dados, em nível populacional, e tentou medir os resultados da entrega de um kit composto por três medicamentos, e não somente pela ivermectina, entre outros materiais de apoio. não se trata de um ensaio clínico.",1,
48799,        Vacina contra covid não tem efeito magnético 14/06/2021 18h28 , UOL Confere ,,14/06/2021 18h28,https://noticias.uol.com.br/comprova/ultimas-noticias/2021/06/14/vacina-contra-covid-nao-tem-efeito-magnetico.htm,"a vacina contra o coronavírus seja capaz de magnetizar a pele no local da aplicação, ao contrário do que alega uma idosa em um vídeo que viralizou no facebook. em vários outros experimentos também publicados na internet, é possível ver que basta um pouco de umidade para que uma moeda, ímã ou qualquer objeto pequeno e leve fique grudado no braço de qualquer pessoa — tendo ela tomado ou não a vacina.",1,
48684,        É enganoso que uso de máscara siga palavras de vidente e não de cientistas 03/09/2021 12h58 , UOL Confere ,,03/09/2021 12h58,https://noticias.uol.com.br/comprova/ultimas-noticias/2021/09/03/e-enganoso-que-uso-de-mascara-siga-palavras-de-vidente-e-nao-de-cientistas.htm,"o conteúdo postado por um médico no twitter, no qual ele sugere que não há benefício do uso comunitário de máscaras contra a covid-19. na postagem, ele recorre ao resultado de um estudo feito em 2020 na dinamarca, o danmask, a fim de contrapor uma notícia em que a revista istoé ouve um vidente. os próprios autores do danmask, contudo, consideram os resultados do estudo inconclusivos. no texto publicado pela istoé, o vidente conhecido como mestre josé pede que as pessoas não parem de usar máscaras e afirma que haverá o ""maior caos da história"" se acabar a obrigatoriedade. o médico ricardo ariel zimerman, então, compartilha uma imagem com o título do texto da revista e uma foto do vidente. ele comenta que ""o maior ensaio clínico randomizado conduzido até o momento"" não demonstrou ""benefício com o uso comunitário de máscaras"", mas, o vidente, sim, ironiza.",1,
48672,        Post engana ao comparar ação da vacina contra febre amarela e da covid-19 14/09/2021 11h13 , UOL Confere ,,14/09/2021 11h13,https://noticias.uol.com.br/comprova/ultimas-noticias/2021/09/14/post-engana-ao-comparar-acao-da-vacina-contra-febre-amarela-e-da-covid-19.htm,"um tuíte que faz referência à vacina da febre amarela para gerar desconfiança nos imunizantes contra a covid-19. afirma o post: ""não conheço ninguém que tomou a vacina contra febre amarela e contraiu febre amarela"". de acordo com a doutora em microbiologia da universidade federal de minas gerais (ufmg), jordana graziella alves coelho dos reis, a família dos coronavírus possui características que são mais contagiosas.",1,
48412,        Máscaras ajudam a proteger contra transmissão e contaminação por covid-19 06/04/2022 18h12 , UOL Confere ,Projeto Comprova,06/04/2022 18h12,https://noticias.uol.com.br/comprova/ultimas-noticias/2022/04/06/mascaras-ajudam-a-proteger-contra-transmissao-e-contaminacao-por-covid-19.htm,"conteúdo investigado: imagem publicada no twitter mostra uma interação entre dois usuários da rede, na qual um deles afirma que máscaras não seriam eficazes para impedir a contaminação pelo novo coronavírus. ""a máscara protege de não transmitir. de pegar, ela não protege"", escreveu o empresário e youtuber peter jordan, autor do post inicial que originou a interação. onde foi publicado: twitter",1,
48161,        Órgão de saúde dos EUA não incluiu ivermectina entre terapias contra covid 27/09/2022 14h36 , UOL Confere ,Projeto Comprova,27/09/2022 14h36,https://noticias.uol.com.br/comprova/ultimas-noticias/2022/09/27/orgao-de-saude-dos-eua-nao-incluiu-ivermectina-entre-terapias-contra-covid.htm,"um dos principais órgãos de pesquisa em saúde dos estados unidos, o national institutes of health (nih), recomenda ivermectina para o tratamento de covid-19, como sugere um post no twitter. na verdade, o órgão contraindica o uso do remédio para a doença, a não ser em estudos clínicos. a food and drug administration (fda), agência reguladora americana equivalente à anvisa, também não autoriza a ivermectina para tratar ou prevenir a covid. conteúdo investigado: tuíte do candidato a deputado federal pelo rio de janeiro ed raposo (ptb) diz que o national institutes of health adicionou a ivermectina em suas diretrizes de terapia viral para covid-19. o tuíte mostra a imagem de uma captura de tela do site do nih que põe a ivermectina ao lado de outros medicamentos estudados ou já usados como tratamento para a doença, como o remdesivir.",1,
47931,        MP que acaba com férias remuneradas não foi aprovada e não vale para 2023 31/10/2022 16h30 , UOL Confere ,Projeto Comprova,31/10/2022 16h30,https://noticias.uol.com.br/comprova/ultimas-noticias/2022/10/31/mp-que-acaba-com-ferias-remuneradas-nao-foi-aprovada-e-nao-vale-para-2023.htm,"um vídeo que afirma que o presidente jair bolsonaro (pl) aprovou medida provisória que acabaria com as férias remuneradas em 2023. o conteúdo faz referência à medida provisória 1.045, de 2021, que estabeleceu propostas emergenciais para os direitos trabalhistas na conjuntura da pandemia de covid-19 daquele período. a mp foi rejeitada em setembro de 2021 por maioria no congresso nacional e foi posteriormente arquivada. dessa forma, ela não eliminará férias remuneradas, 13º salário nem o fundo de garantia do tempo de serviço (fgts) no ano que vem. o texto original da mp, enviado pelo governo federal em abril de 2021, sofreu uma série de alterações na câmara dos deputados. os senadores, então, entenderam que as mudanças incluídas caracterizavam uma minirreforma trabalhista e teriam que fazer parte de um projeto de lei, não de uma medida provisória. por isso, preferiram rejeitar o texto. conteúdo investigado: em vídeo que circula no whatsapp e no tiktok, um homem afirma que o presidente jair bolsonaro (pl) enviou ao congresso uma medida provisória (mp) que acaba com as férias remuneradas e outros direitos trabalhistas. em outro vídeo sobre o mesmo tema, um segundo homem diz que ""ontem foi aprovada uma medida que retira diversos direitos"".",1,
49097,        Informação que associa saída de ministros franceses à cloroquina é falsa 17/07/2020 04h00 , UOL Confere ,Alex Tajra,17/07/2020 04h00,https://noticias.uol.com.br/confere/ultimas-noticias/2020/07/17/cloroquina-olavo-de-carvalho-informacao-falsa.htm,"uma publicação do astrólogo e guru bolsonarista olavo de carvalho, na quarta-feira (15), no facebook, afirma que o primeiro-ministro da frança e o ministro da saúde do país europeu perderam seus cargos e respondem a processo após supostamente vetarem a cloroquina como tratamento à covid-19. até a noite de quinta-feira (16), o post teve mais 2.600 compartilhamentos. uma fanpage dele reproduziu a texto e já tinha mais 6.600 compartilhamentos. mas a informação é falsa.",1,
48827,        CPI: agenda de Bolsonaro aponta reunião privada com médica Nise Yamaguchi 01/06/2021 11h32 , UOL Confere ,,01/06/2021 11h32,https://noticias.uol.com.br/confere/ultimas-noticias/2021/06/01/checagem-cpi-nise-yamaguchi.htm,"a médica nise yamaguchi omitiu, durante seu depoimento hoje (1º) à cpi da covid no senado, o registro de uma reunião privada com o presidente jair bolsonaro (sem partido) no ano passado. nise afirmou que nunca teve ""encontros privados"" com bolsonaro. além da reunião com o presidente, ela se reuniu em pelo menos duas outras ocasiões com bolsonaro e outros membros do governo no palácio do planalto em 2020. todos os registros constam da agenda do próprio presidente. nise yamaguchi é notória defensora do uso da cloroquina no tratamento da covid-19 —o medicamento nunca teve eficácia comprovada contra o coronavírus— e chegou a ser cotada para assumir o ministério da saúde no ano passado. ela voltou a defender a existência de um suposto ""tratamento imediato"" para a doença. o uol confere checou declarações da médica à cpi. veja abaixo:",1,
48637,        Bolsonaro reproduz fake news para atacar possíveis remédios contra covid 14/10/2021 21h47 , UOL Confere ,Lucas Borges Teixeira,14/10/2021 21h47,https://noticias.uol.com.br/confere/ultimas-noticias/2021/10/14/live-bolsonaro-comprimido-covid-astrazeneca-pfizer-ivermectina.htm,"o presidente jair bolsonaro (sem partido) reproduziu, em live transmitida hoje em suas redes sociais, alegações falsas sobre remédios contra a covid-19 que estão em fase de testes e usou as informações incorretas para, mais uma vez, defender medicamentos que não são recomendados para o tratamento da doença. bolsonaro falou de um suposto ""comprimidinho"" desenvolvido pelas farmacêuticas pfizer e astrazeneca, fabricantes de vacinas contra a covid, que teria ação antiparasitária parecida com a da ivermectina. os medicamentos testados pelos laboratórios citados pelo presidente não têm nenhuma relação com o vermífugo — que não deve ser usado no tratamento da covid, segundo a oms (organização mundial da saúde).",1,
47539,        Covid-19: Fake que afirma que vacina 'causa câncer' volta a circular 17/04/2023 12h19 , UOL Confere ,Junia Oliveira,17/04/2023 12h19,https://noticias.uol.com.br/confere/ultimas-noticias/2023/04/17/falso-conteudo-sobre-vacina-de-covid-que-causa-cancer-volta-a-circular.htm,"o conteúdo de um vídeo que afirma que as vacinas contra covid-19 desencadeiam doenças autoimunes e câncer. as autoridades de saúde brasileiras afirmam que os imunizantes são seguros. o material, em versão de áudio, já foi desmentido pelo projet (aqui), em novembro de 2021, e voltou a circular nos últimos dias em grupos bolsonaristas no whatsapp.",1,
49615,        Lula promete ampliar o programa Mais Médicos 30/08/2018 04h00 , UOL Confere ,Ítalo Rômany,30/08/2018 04h00,https://noticias.uol.com.br/confere/ultimas-noticias/eder-content/2018/08/30/lula-promete-ampliar-o-programa-mais-medicos.htm,"esta reportagem faz parte da série uol confere promessas de campanha, que vai verificar promessas feitas pelos presidenciáveis para checar a sua viabilidade. a cada semana serão descritas e avaliadas uma promessa de cada um dos cinco presidenciáveis mais bem colocados na mais recente pesquisa datafolha. saiba mais sobre esta série. nesta quinta, será abordada uma proposta de lula (pt): a ampliação do programa mais médicos.",1,
49582,        Alvaro Dias promete zerar impostos de remédios genéricos em 4 anos 12/09/2018 04h00 , UOL Confere ,Ítalo Rômany,12/09/2018 04h00,https://noticias.uol.com.br/confere/ultimas-noticias/eder-content/2018/09/12/alvaro-dias-parana-podemos-promessa-remedios-genericos.htm,"esta reportagem faz parte da série uol confere promessas de campanha, que vai verificar promessas feitas pelos presidenciáveis para checar a sua viabilidade. nesta semana, serão descritas e avaliadas uma promessa de cada um dos cinco presidenciáveis mais bem colocados na pesquisa datafolha, sem lula, divulgada em 22 de agosto. saiba mais sobre esta série. como a pesquisa do último dia 22 apontava dois candidatos empatados em quinto lugar, nesta quarta, serão abordadas uma proposta de fernando haddad (pt) e outra de alvaro dias (podemos). dias propõe uma isenção de impostos para medicamentos genéricos até 2022.",1,
52041,Ação da PF não reduziu número de mortes no Ceará,,Por Redação Por Redação ,03/06/2020 | 14h40 03/06/2020 | 14h40,https://politica.estadao.com.br/blogs/estadao-verifica/acao-da-pf-nao-reduziu-numero-de-mortes-no-ceara/,"esta checagem foi produzida pela coalizão d . leia mais aqui.é falsa a informação que tem circulado nas redes sociais sobre uma redução de 90% no número de mortes por covid-19 depois que a polícia federal deflagrou uma operação no ceará. uma imagem publicada em um perfil pessoal no facebook no dia 27 de maio afirma que, em dois dias, o número de óbitos do estado pelo novo coronavírus teria caído 90%. a postagem diz ainda que a polícia federal seria o ""remédio infalível"" para a redução.",1,"Dados oficiais apontaram, de fato, para uma redução no número de mortes entre a data da operação da PF e a publicação, mas nada próximo da queda de 90% apontada em post que viralizou no Facebook"
51909,Boato adultera notícia de doação de álcool em gel pela Ambev,,Por Tiago Aguiar Por Tiago Aguiar ,20/03/2020 | 11h26 20/03/2020 | 11h26,https://politica.estadao.com.br/blogs/estadao-verifica/boato-adultera-noticia-de-doacao-de-alcool-em-gel-pela-ambev/,"uma corrente no whatsapp divulga a falsa informação de que a ambev vai distribuir álcool em gel para a população, auxiliando na prevenção do novo coronavírus. o texto acompanha um link que direciona para recebimento da doação inautêntica. a empresa esclarece que anunciou uma doação, mas não para distribuição livre e direta.na última terça-feira, 17, a ambev divulgou que irá doar aos hospitais públicos municipais de são paulo, rio de janeiro e brasília 500 mil unidades de álcool em gel. procurada, a assessoria de empresa informou que as doações serão entregues aos estabelecimentos de saúde.",1,"Empresa vai distribuir álcool em gel para estabelecimentos de saúde, e não para toda a população"
51924,Boato distorce dados de cartórios para desacreditar contagem de mortes por covid-19,,Por Alessandra Monnerat Por Alessandra Monnerat ,13/08/2020 | 15h01 13/08/2020 | 15h01,https://politica.estadao.com.br/blogs/estadao-verifica/boato-distorce-dados-de-cartorios-para-desacreditar-contagem-de-mortes-por-covid-19/,"o site, que reúne os óbitos lavrados em cartórios, registrou um total de 534.960 mortes relacionadas a causas respiratórias no brasil entre 16 de março e 12 de agosto deste ano. dentre esses números, 94.806 se referem a mortes que tiveram como causa principal covid-19; 66.999 pneumonia e 39.086 insuficiência respiratória.",1,Portal da Transparência do Registro Civil contabiliza que mais de 95 mil mortes no País tiveram como causa principal a doença causada pelo novo coronavírus; postagem enganosa não leva em consideração tempo de atualização do site
51546,É falso que governo argentino tenha bloqueado todas as contas bancárias dos cidadãos,,Por Gabi Coelho Por Gabi Coelho ,18/05/2021 | 17h46 18/05/2021 | 17h46,https://politica.estadao.com.br/blogs/estadao-verifica/e-falso-que-governo-argentino-tenha-bloqueado-todas-as-contas-bancarias-dos-cidadaos/,"o começou a circular no ano passado, quando o peso (a moeda oficial da argentina) estava desvalorizado. a iniciativa",1,"Na realidade, bancos congelaram temporariamente 'movimentações suspeitas' em julho de 2020; boato circula no Facebook"
52190,É falso que projeto de lei preveja prisão para quem se recusar a tomar vacina contra a covid-19,,Por Redação Por Redação ,04/09/2020 | 16h47 04/09/2020 | 16h47,https://politica.estadao.com.br/blogs/estadao-verifica/e-falso-que-projeto-de-lei-preveja-prisao-para-quem-se-recusar-a-tomar-vacina-contra-a-covid-19/,"esta checagem foi produzida pela coalizão d . leia mais aqui. post no facebook afirma que um projeto de lei em tramitação na câmara dos deputados quer obrigar as pessoas a tomarem a vacina contra a covid-19, sob pena de serem detidos por até um ano.",1,Texto apresentado pelo deputado Wolney Queiroz (PDT-PE) define lista de pessoas prioritárias para uma possível campanha de imunização
51896,Ex-senador espalha desinformação sobre acordo de produção de vacina contra o novo coronavírus no Brasil,,Por Pedro Prata Por Pedro Prata ,31/07/2020 | 20h36 31/07/2020 | 20h36,https://politica.estadao.com.br/blogs/estadao-verifica/ex-senador-espalha-desinformacao-sobre-acordo-de-producao-de-vacina-contra-o-novo-coronavirus-no-brasil/,o ex-senador magno malta gravou um vídeo viral sobre a vacina contra o novo coronavírus produzida pela farmacêutica chinesa sinovac.,1,Magno Malta diz que China teria 'potencializado' o vírus em laboratório e 'soltado pro mundo'
51823,Fala de médicos sobre coronavírus perder força não tem apoio de órgãos de saúde,,Por Redação Por Redação ,05/06/2020 | 12h25 05/06/2020 | 12h25,https://politica.estadao.com.br/blogs/estadao-verifica/fala-de-medicos-sobre-coronavirus-perder-forca-nao-tem-apoio-de-orgaos-de-saude/,"esta checagem foi produzida pela coalizão d . leia mais aqui. os vídeos e textos com comentários feitos por dois médicos da itália a respeito da possibilidade de o novo coronavírus estar ""perdendo força"". este conteúdo tem circulado na internet e nas redes sociais acompanhado de afirmações segundo as quais o vírus ""não existe mais"" e os novos casos teriam se abrandado. as falas dos médicos são reais, mas não têm respaldo científico e foram desautorizadas por autoridades sanitárias da itália.",1,"Dois profissionais da saúde, um deles ligado a Silvio Berlusconi, foram desautorizados por autoridades sanitárias na Itália por não terem respaldo científico"
51627,Imagem de prédio da Fiesp com bandeira da China é usada fora de contexto,,Por Redação Por Redação ,07/04/2020 | 16h14 07/04/2020 | 16h14,https://politica.estadao.com.br/blogs/estadao-verifica/imagem-de-predio-da-fiesp-com-bandeira-da-china-e-usada-fora-de-contexto/,algumas das publicações no facebook e no twitter também trazem o link de uma reportagem da,1,Postagens em redes sociais e mensagens em aplicativo usam imagem e link de uma publicação de 2019 para acusar a FIESP de proteger o governo chinês em meio à pandemia do novo coronavírus
51648,Não há comprovação de que vacina da Pfizer tenha causado paralisia de Bell em voluntários,,Por Redação Por Redação ,17/12/2020 | 17h07 17/12/2020 | 17h07,https://politica.estadao.com.br/blogs/estadao-verifica/nao-ha-comprovacao-de-que-vacina-da-pfizer-tenha-causado-paralisia-de-bell-em-voluntarios/,feito em parceria com o projet . leia mais aqui. tuíte que afirma que vacina (da pfizer) pode causar paralisia de bell.,1,"Quatro casos foram identificados em um grupo de 38 mil voluntários testados com a vacina, mas não foram estabelecidas relações de causa e efeito com a vacina"
52593,Post engana ao afirmar que escorpião-amarelo filhote é mais venenoso que adulto,,Por Redação Por Redação ,20/08/2020 | 16h58 20/08/2020 | 16h58,https://politica.estadao.com.br/blogs/estadao-verifica/post-engana-ao-afirmar-que-escorpiao-amarelo-filhote-e-mais-venenoso-que-adulto/,"circula no facebook uma publicação que afirma que o filhote de escorpião-amarelo, típico do sudeste, centro-oeste e nordeste do brasil, é mais letal que o adulto da mesma espécie, por ter a capacidade de depositar todo seu veneno em uma única picada. entretanto, um especialista do departamento de zoologia da universidade federal de juiz de fora (ufjf) esclarece que o post, com quase 40 mil compartilhamentos, tem informações enganosas. tanto o escorpião adulto quanto o filhote são perigosos e em nenhum dos casos o veneno é despejado totalmente.",1,"Ambos animais são perigosos para o ser humano; em caso de acidentes, deve-se procurar atendimento médico imediatamente"
52547,Remédio Dipirona não está infectado com vírus e não é importado da Venezuela,,Por Alessandra Monnerat Por Alessandra Monnerat ,08/11/2018 | 19h35 08/11/2018 | 19h35,https://politica.estadao.com.br/blogs/estadao-verifica/remedio-dipirona-nao-esta-infectado-com-virus-e-nao-e-importado-da-venezuela/,"um falso alerta tem circulado no whatsapp sobre o medicamento dipirona -- uma voz desconhecida afirma em áudio que o remédio estaria infectado com o vírus marburg e seria importado da venezuela, a mentira já foi desbancada pelo ministério da saúde e pela empresa produtora do produto dipimed, que aparece em foto associada ao .",1,"Boato foi um dos mais enviados ao Estadão Verifica, no número (11) 99263-7900"
52369,"Segunda dose da Pfizer não reduz imunidade em quem já teve covid-19, ao contrário do que diz médica",,Por Redação Por Redação ,05/10/2021 | 13h16 05/10/2021 | 13h16,https://politica.estadao.com.br/blogs/estadao-verifica/segunda-dose-vacina-pfizer-reduz-imunidade-recuperados/,"esta checagem foi produzida por jornalistas da coalizão d . leia mais sobre nossa parceria aqui. postagem de médica no instagram que menciona um estudo que propõe apenas uma dose da pfizer para quem já teve covid-19, e duas para quem não contraiu a doença. a médica diz também que o imunizante contra o coronavírus prejudica a resposta celular de pacientes que já contraíram a doença.",1,"Estudo distorcido em post sugere que, para os infectados pelo coronavírus, apenas uma dose do imunizante é suficiente para garantir a proteção; pesquisa recomenda duas doses para quem não pegou covid-19, conforme descrito em bula"
52217,Talidomida: posts distorcem contexto de tragédia com remédio para descredibilizar vacinas de covid-19,,Por Victor Pinheiro Por Victor Pinheiro ,21/12/2020 | 11h08 21/12/2020 | 11h08,https://politica.estadao.com.br/blogs/estadao-verifica/talidomida-vacinas-covid/,"esse conteúdo foi enviado por leitores ao whatsapp do estadão verifica, 11 97683-7490. uma das mensagens que circulam nas redes sociais afirma que a talidomida foi aprovada ""às pressas"" em 1956 e chegou ao mercado como um antigripal chamado grippex, contra a epidemia de influenza asiática -- mas isso não é verdade.",1,Medicamento usado como sedativo nos anos 1950 posteriormente causou má-formação congênita; legislação para registro de fármacos não era tão restritiva e exigente como nos dias atuais
51561,Vídeo fora de contexto é usado para espalhar desinformação sobre bebidas energéticas,,Por Brenda Zacharias Por Brenda Zacharias ,27/09/2019 | 11h33 27/09/2019 | 11h33,https://politica.estadao.com.br/blogs/estadao-verifica/video-fora-de-contexto-e-usado-para-espalhar-desinformacao-sobre-bebidas-energeticas/,"um vídeo de 35 segundos mostra a agonia de um homem enquanto é atendido por uma equipe de hospital: a região de seu peito esquerdo, bastante vermelha, estufa e afunda ritmicamente quando ele se contorce e grita de dor. a publicação do facebook analisada pelo estadão verifica, feita há dois anos e visualizada mais de 10 milhões de vezes, engana ao dizer que o paciente em questão teria ingerido 24 latas de energético com bebida alcoólica, levando o seu coração a ""bombear"" em ritmo tão forte.trata-se, na verdade, de um caso de trauma torácico ou tórax instável. quem diz isso é o médico fernando arneiro dantas, autor do post original, feito em 18 de junho de 2015. ele gerenciava a página da liga acadêmica trauma e emergência (latre), grupo da faculdade de medicina da universidade presidente antônio carlos de juiz de fora (mg), e recebeu de um colega o vídeo feito durante um atendimento no hospital albert schweitzer, no rio de janeiro. o conteúdo foi usado para ilustrar um trecho do programa de treinamento suporte avançado de vida no trauma, do colégio americano de cirurgiões, que descreve a lesão.",1,"Publicação com mais de 10 milhões de visualizações alega que homem que bebeu 24 latas de energético com álcool ficou com coração ""inchado""; na verdade, trata-se de um trauma causado por fratura de costelas"
37884,Enfermeiro distorce dados para dizer que ivermectina evita mortes pela covid-19, Pandemia,Comprova,2020-08-19,https://projetocomprova.com.br/publicações/enfermeiro-distorce-dados-para-dizer-que-ivermectina-evita-mortes-pela-covid-19/,"não há nenhuma pesquisa que tenha comprovado o sucesso da ivermectina para salvar vidas de pacientes com covid-19. tampouco etiópia e austrália distribuíram o medicamento para a população, como mencionado em vídeo investigado pel",1,
37885,Estudo da USP analisa eficácia da colchicina contra a covid-19 e não da hidroxicloroquina, Pandemia,Comprova,2020-08-18,https://projetocomprova.com.br/publicações/estudo-da-usp-analisa-eficacia-da-colchicina-contra-a-covid-19-e-nao-da-hidroxicloroquina/,"ao contrário do que diz publicação compartilhada por procurador da república, pesquisa nã a eficácia da hidroxicloroquina contra a doença provocada pelo novo coronavírus",1,
38508,Internação de Silvio Santos por covid-19 não indica ineficácia da Coronavac,"
Pandemia",Projeto Comprova,2021-08-18,https://projetocomprova.com.br/publicações/internacao-de-silvio-santos-por-covid-19-nao-indica-ineficacia-da-coronavac/,"post engana ao associar a internação por covid-19 do apresentador silvio santos com uma suposta falha da coronavac – vacina desenvolvida pelo instituto butantan em parceria com o laboratório chinês sinovac – que é aprovada pela agência nacional de vigilância sanitária (anvisa) e pela organização mundial da saúde (oms) e, portanto, é segura e eficaz. assim como todos os outros imunizantes em uso no brasil, a coronavac é capaz de reduzir o risco das pessoas desenvolverem quadros graves da doença, mas não elimina totalmente a possibilidade de contágio.",1,
37906,Médica usa informações falsas em vídeo para falar em cura da covid-19, Pandemia,Comprova,2020-07-29,https://projetocomprova.com.br/publicações/medica-usa-informacoes-falsas-em-video-para-falar-em-cura-da-covid-19/,"ao contrário do que afirma uma médica em vídeo que viralizou, tanto a organização mundial da saúde (oms) quanto as autoridades sanitárias dos estados unidos e do brasil já declararam que ainda não há cura para o novo coronavírus e que as máscaras são uma das poucas medidas eficazes para evitar a propagação do vírus",1,
38276,Não é verdade que existe documento “secreto” revelando problemas na apuração das eleições de 2018,"
Eleições",Projeto Comprova,2022-07-28,https://projetocomprova.com.br/publicações/nao-e-verdade-que-existe-documento-secreto-revelando-problemas-na-apuracao-das-eleicoes-de-2018/,"que exista um documento “secreto” da procuradoria-geral eleitoral do ministério público federal (mpf) reconhecendo que houve problemas na apuração de votos do primeiro turno das eleições presidenciais de 2018 e que, por isso, jair bolsonaro (então no psl e hoje no pl) acabou não sendo eleito no primeiro turno com 50,69% dos votos. tuítes e conteúdos publicados em um site utilizaram apenas partes descontextualizadas do conteúdo de um documento do mpf, que não é secreto, para fazer essas afirmações enganosas.",1,
27495,"
É falso que banhistas expulsaram fiscais de praia do Rio durante pandemia
","
Nas Redes
",Por Priscila Pacheco,"
         9 de
        abril de
        2021,
        17h24
        
    ",https://www.aosfatos.org/noticias/e-falso-que-banhistas-expulsaram-fiscais-de-praia-do-rio-durante-pandemia/,urgente. rio de janeiro nessa manhã com diversos conflitos. expulsão da praia de fiscais da prefeitura marca o início da desobediência civil,1,
27480,"
É falso que Doria e Witzel participaram de Carnaval em 2020 já sabendo da pandemia
","
Nas Redes
",Por Luiz Fernando Menezes,"
         19 de
        abril de
        2021,
        17h57
        
    ",https://www.aosfatos.org/noticias/e-falso-que-doria-e-witzel-participaram-de-carnaval-em-2020-ja-sabendo-da-pandemia/,hipocrisia é você pular carnaval já sabendo da pandemia e depois chamar o bolsonaro de irresponsável,1,
27686,"
É falso que vacinas contra Covid-19 foram aplicadas apenas em animais antes de testes no Brasil
","
Nas Redes
",Por Luiz Fernando Menezes,"
         26 de
        outubro de
        2020,
        15h23
        
    ",https://www.aosfatos.org/noticias/e-falso-que-vacinas-contra-covid-19-foram-aplicadas-apenas-em-animais-antes-de-testes-no-brasil/,"essas vacinas que estão sendo testadas, elas foram testadas em ratos, em camundongos, em macacos e agora, como teste, nós vamos aplicar em todo o povo brasileiro. se vocês morrerem, morreu, porque nós estávamos testando uma vacina.",1,
28815,"
É falso que Washington Post noticiou que China não quer usar a CoronaVac
","
Nas Redes
",Por Priscila Pacheco,"
         7 de
        janeiro de
        2021,
        16h26
        
    ",https://www.aosfatos.org/noticias/e-falso-que-washington-post-noticiou-que-china-nao-quer-usar-coronavac/,"o jornal americano the washington post noticiou que a china não quer usar em seus habitantes a coronavac, vacina contra covid-19 da empresa chinesa sinovac que será produzida pelo instituto butantan no brasil. as postagens que trazem essa alegação falsa (veja aqui) também enganam ao citar que a sede da farmacêutica seria nas ilhas cayman, quando fica em pequim, e que o governo paulista financia a empresa desde 2019. o contrato para a aquisição da vacina foi firmado apenas em junho de 2020. as postagens reuniam ao menos 4.800 compartilhamentos no facebook nesta quinta-feira (7) e foram marcadas com o selo falso na ferramenta de verificação (saiba como funciona).",1,
27824,"
Enfermeiro engana ao dizer em vídeo que estados e municípios faturam com mortes por Covid-19
","
Nas Redes
",Por Luiz Fernando Menezes e Priscila Pacheco,"
         19 de
        junho de
        2020,
        09h36
        
    ",https://www.aosfatos.org/noticias/enfermeiro-engana-ao-dizer-em-video-que-estados-e-municipios-faturam-com-mortes-por-covid-19/,"existiu e existe ainda venda de mortos por covid-19. (...) estados recebiam, por mortos, e recebem r$ 19 mil por paciente morto. municípios recebendo entre r$ 6 mil e 10 mil. isso mesmo. o seu pai e sua mãe estão sendo negociada para ser morto pelo covid-19.",1,
27358,"
Foto que mostra Jair e Carlos Bolsonaro em quarto de hospital é de 2019, não atual
","
Nas Redes
",Por Priscila Pacheco,"
         16 de
        julho de
        2021,
        14h31
        
    ",https://www.aosfatos.org/noticias/foto-que-mostra-jair-e-carlos-bolsonaro-em-quarto-de-hospital-e-de-2019-nao-atual/,"meninas, uma fotinha atualizada de hoje pra nos deixar calmas. nosso presidente está bem junto com seu filhote carlos bolsonaro.🙌🙌🙌🌸🌸🌸❤️❤️❤️❤️",1,
27425,"
Mayra Pinheiro usa informações falsas para defender cloroquina na CPI
","
Checamos
","Por Amanda Ribeiro, Luiz Fernando Menezes, Marco Faustino e Priscila Pacheco","
         25 de
        maio de
        2021,
        13h37
        
    ",https://www.aosfatos.org/noticias/mayra-pinheiro-usa-informacoes-falsas-para-defender-cloroquina-na-cpi/,"o ministério da saúde nunca indicou tratamentos para a covid-19. o ministério da saúde criou um documento juridicamente perfeito que é a nota orientativa nº 9, que depois se transformou na nota orientativa nº 17, onde nós estabelecemos doses seguras para que os médicos brasileiros, no exercício da sua autonomia, pudessem utilizar esses medicamentos com o consentimento dos seus pacientes e de acordo com o seu livre arbítrio.",1,
27582,"
Não foi escrito por Mourão texto que diz que Bolsonaro é a ‘única opção’ dos brasileiros
","
Nas Redes
",Por Luiz Fernando Menezes,"
         28 de
        janeiro de
        2021,
        14h43
        
    ",https://www.aosfatos.org/noticias/nao-foi-escrito-por-mourao-texto-que-diz-que-bolsonaro-e-a-unica-opcao-dos-brasileiros/,antônio hamilton martins mourão vice-presidente da república federativa do brasil:não vi nosso presidente proibir nem obrigar ninguém a se vacinar... mas vi uma suprema corte decidir que quem não se vacinar perderá direitos não vi os laboratórios solicitarem aprovação do órgão técnico (anvisa) para poderem comercializarem suas vacinas aqui... mas os vi solicitarem que os governos assinem um termo que os isentem de responsabilidades se surgirem efeitos colaterais graves/desconhecidos (...) entendam de uma vez por todas que bolsonaro não é a melhor opção... ele é a única opção!!!,1,
28952,"
Rodrigo Maia não afirmou que fundo eleitoral é mais importante que vida de brasileiros
","
Nas Redes
",Por Amanda Ribeiro,"
         5 de
        abril de
        2020,
        14h31
        
    ",https://www.aosfatos.org/noticias/rodrigo-maia-nao-afirmou-que-fundo-eleitoral-e-mais-importante-que-vida-de-brasileiros/,"o presidente da câmara, rodrigo maia (dem-rj), publicou um tweet no qual defende que o fundo eleitoral deve ser mantido intacto ainda que isso custe “a vida de alguns brasileiros”. a postagem, cuja imagem circula nas redes sociais, foi feita por uma conta falsa ( com a letra ""b"" no lugar do ""d""), que foi suspensa por violar as regras da rede social. o perfil oficial do deputado ( tem o selo de verificação do twitter e não consta em suas publicações recentes conteúdo semelhante ao propagando pela peça de desinformação. a imagem do tweet falso passou a circular depois que, na última sexta-feira (3) maia vetou uma emenda à chamada pec do orçamento de guerra (proposta de emenda à constituição 10/20) que previa o uso de verbas dos fundos eleitoral e partidário para o enfrentamento da pandemia do novo coronavírus.",1,
27155,"
Vídeo recorre a informações falsas para atacar credibilidade de pesquisas eleitorais
","
Nas Redes
",Por Priscila Pacheco,"
         18 de
        fevereiro de
        2022,
        14h57
        
    ",https://www.aosfatos.org/noticias/video-recorre-a-informacoes-falsas-para-atacar-credibilidade-de-pesquisas-eleitorais/,"os mais famosos institutos de pesquisa, quando fazem e divulgam suas análises, entrevistam no máximo 2 mil ou 3 mil pessoas em todo o país. lembrando ainda que o país tem 26 estados e um distrito federal e que, se dividíssemos essas famosas e certeiras pesquisas científicas, com toda a ironia possível, que o consórcio de imprensa liderado pela rede globo divulga, pelo número de pessoas entrevistadas em cada estado, isso é 3 mil dividido por 26, que é igual a 115 pessoas entrevistadas em cada estado. isto mesmo, 115 pessoas por estado é o que entrevistam e dizem que tudo é científico e chegam a um resultado final dizendo que fulano é o vencedor.",1,
29270,"Benjamín López, de 5 anos, está com câncer nos ossos e pede orações #boato",Brasil,Edgard Matsuki,14/09/2021,https://www.boatos.org/brasil/benjamin-lopez-5-anos-cancer-ossos-pede-oracoes.html,"hoje peço um verdadeiro trabalho de caridade. por favor, apenas uma oração do pai nosso para benjamín lópez da pré-escola imaculada. ele tem 5 anos e foi diagnosticado com câncer ósseo. você ora um pai nosso e passa para mais 10 contatos, para que cheguemos a 1000. deus te pague",1,"Benjamín López, de 5 anos, está com câncer nos ossos e pede orações #boato"
29753,Deficiente físico está atraindo pessoas para assaltos na estação de Metrô do Flamengo #boato,Brasil,Carol Lira,13/06/2018,https://www.boatos.org/brasil/deficiente-fisico-assaltos-metro-flamengo.html,"pessoal, viralizem essa informação para evitarmos que mais pessoas passem pelo mesmo susto que passamos hoje no metrô do rj. existe um deficiente físico “pedindo” ajuda para sair da estação de metrô e levá-lo até um carro (supostamente de um familiar). chegando lá, você acaba sendo surpreendido por dois elementos armados que te fazem sofrer um sequestro relâmpago, ou seja, estão se utilizando da boa vontade, do bom sentimento em ajudar ao próximo para te fazer passar por momentos de dor e desespero. o fato ocorreu hoje, na parte da manhã, na saída da estação de metrô do flamengo. precisamos ter cuidado e atenção, pois eles podem estar “atacando” em outras estações também. é triste perceber que no mundo que vivemos hoje até você ser “bom” é sinônimo de sofrimento. mas a vida continua e precisamos continuar lutando para viver num mundo melhor, agradecendo a deus por mais um dia de vida.",1,Deficiente físico está atraindo pessoas para assaltos na estação de Metrô do Flamengo #boato
29440,Filtros Mann envia carta ao Ministério da Saúde criticando compra de máscaras da China #boato,Brasil,Kyene Becker,19/04/2020,https://www.boatos.org/brasil/filtros-mann-carta-ministerio-saude-criticando-mascaras-china.html,"“por tras da cortina de fumaça, tem muita coisa. leiam esta carta: repassando ! prezado grupo, gostaria de deixar aqui minha indignação em relação ao ministério da saúde em mandar avião para a china buscar máscaras de proteção. falo isso porque a empresa que trabalho é uma das empresas de maior conhecimento, tecnologia e qualidade do mundo em sistemas de filtragem. a filtros mann do brasil tem uma linha de produção de máscaras, feita com midia de filtragem aprovada e validada pelos órgãos competentes, mostrando eficiência e qualidade nos seus produtos. e até o momento, não tivemos nenhuma consulta por parte das instituições federais e muito menos estaduais para fornecermos nossas máscaras para aqueles que necessitam.se puderem divulgar a todos os seus contatos, segue fotos das máscaras, e o mais importante, são produzidas por brasileiros, e isso manterá o emprego de várias famílias aqui no brasil. nosso produto é feito dentro de todas as especificações de performance e qualidade em filtragem. o que vem da china, nem sabemos se funciona, quem aprovou e validou as máscaras chinesas. nos ajude a manter os empregos no brasil e vamos privilegiar nossos produtos. agradeço o tempo e atenção, espero que chegue nas autoridades do país, ou melhor, até o bolsonaro. a empresa fica em indaiatuba e é mais conhecida como filtros mann, mas o verdadeiro nome é mann-hummel, segue abaixo o contato: mann+hummel brasil ltda. alameda filtros mann 555”.",1,Filtros Mann envia carta ao Ministério da Saúde criticando compra de máscaras da China #boato
29320,Mulher com Covid-19 é colocada em caixão e seria enterrada viva pelo governo de São Paulo #boato,Brasil,Kyene Becker,02/04/2021,https://www.boatos.org/brasil/mulher-com-covid-19-colocada-caixao-seria-enterrada-vida-governo-sao-paulo.html,"“estão enterrando pessoas vivas, até aonde isso vai, o que está por trás de tudo isso?”.“urgente! governo de são paulo está enterrando pessoas vivas. família se desespera ao perceber que parente morto por covid. iria ser enterrado vivo”.“pessoa supostamente viva é quase enterrada em cemitério de são paulo. recebemos este vídeo de diversas pessoas, aonde mostra um velório em que a pessoa prestes a ser enterrada começa a respirar e se mexer levemente no caixão. as pessoas no velório se desisperam e pedem socorro. supostamente é no cemitério são luís, mas não conseguimos afirmar”.“urgente estão enterrando às pessoas vivas em são paulo. perus /sp segundo áudio, o “corpo ” saiu upa de perus e quando chegou no cemitério a mulher estava se debatendo dentro do caixão ”.",1,Mulher com Covid-19 é colocada em caixão e seria enterrada viva pelo governo de São Paulo #boato
29637,Resolução 142/2019 aumenta validade da CNH de 5 para 20 anos #boato,Brasil,Kyene Becker,10/04/2019,https://www.boatos.org/brasil/resolucao-aumenta-validade-cnh.html,"tarcísio gomes o atual ministro da infraestrutura, acaba de assinar a resolução 142/2019. está resolução determina o prazo da cnh pra 20 anos, o fim de obrigatoriedade de aulas teóricas, o fim do simulador de direção e ainda permite o cidadão procurar diretamente um instrutor de trânsito pra fazer as aulas práticas, dispensando a matrícula em auto escola. -tbn3.gstatic.com/images?q=tbn:and9gctu8g-w0iefb7qbwgrqjsttmofcmcy9gp1mrrri5xq3ldeqgmg-cmsgktqf o esquema de tomar dinheiro do povo tá acabando.",1,Resolução 142/2019 aumenta validade da CNH de 5 para 20 anos #boato
30881,"Arnaldo Jabor diz que Bolsonaro é um cara sem etiqueta, inteligente e que você passa a gostar #boato",Entretenimento,Edgard Matsuki,07/06/2021,https://www.boatos.org/entretenimento/arnaldo-jabor-diz-bolsonaro-cara-sem-etiqueta-inteligente-voce-passa-gostar.html,"publicação de arnaldo jabor: bolsonaro é um tipo de cara sem etiqueta, daqueles que encontramos coçando o saco no barzinho jogando bilhar. apesar de ter mais estudo do que qualquer professor de humanas da geração paulo freire e mais inteligência emocional do que qualquer outro político brasileiro, não há polidez em suas palavras e tão pouco elegância em seu comportamento. isso é o que mais incomoda artistas, jornalistas, feministas mal amadas e complexadas, homens frágeis, covardes oportunistas, religiosos falidos na luta contra a própria imoralidade, maconheiros, pedófilos, estupradores e toda patrulha do politicamente correto que suportou calada um circo de corrupção durante duas décadas, mas que agora é ferida com as palavras do presidente “não pudico”. bolsonaro é o milico com piadinhas sem graça, é o tiozão que pergunta se já temos pentelho, é um elefante em uma loja de cristais, mas o que me faz a cada dia gostar mais desse cara, é o tipo de gente que não gosta dele, que se ofende com tudo que o cara faz, que do óleo venezuelano em nossas praias à histeria mundial perante o coronavírus, buscam um meio de responsabiliza-lo. bolsonaro realmente é o cara que você passa gostar, quando vê o lixo de gente que não gosta dele. não gostou? morde as costas e entra na fila",1,"Arnaldo Jabor diz que Bolsonaro é um cara sem etiqueta, inteligente e que você passa a gostar #boato"
30817,Domínio Público (www.dominiopublico.gov.br) vai ser desativado por falta de acessos #boato,Entretenimento,Edgard Matsuki,08/01/2021,https://www.boatos.org/entretenimento/dominio-publico-www-dominiopublico-gov-br-vai-ser-desativado-falta-acessos.html,"biblioteca digital gratuita aos meus amigos e amantes da cultura . com um grande abraço e o pedido no sentido de encaminharem para um significativo número de amigos e amigas, sob pena de, por inércia, se perder um interessante site de consulta cultural. andem lá. cada um encaminha para 20 a 25 destinatários e em breve contribuiremos para o reforço da existência do site. já que o ensino se está a tornar pago, aproveitemos o que ainda é gratuito! uma bela biblioteca digital, desenvolvida em software livre, mas que está prestes a ser desactivada por falta de acessos. imaginem um lugar onde você pode gratuitamente: ·ver as grandes pinturas de leonardo da vinci; ·escutar músicas em mp3 de alta qualidade; ·ler poesia de fernando pessoa ·ler obras de machado de assis ou a divina comédia; ·ter acesso às melhores histórias infantis e vídeos da tv escola ·e muito mais esse lugar existe! o ministério da educação disponibiliza tudo isso, bastando acessar o site: www.dominiopublico.gov.br só de literatura portuguesa são 732 obras! estamos em vias de perder tudo isso, pois vão desactivar o projecto por desuso, já que o número de acesso é muito pequeno. vamos tentar reverter esta situação, divulgando e incentivando amigos, parentes e conhecidos, a utilizarem essa fantástica ferramenta de disseminação da cultura e do gosto pela leitura. divulgue para o máximo de pessoas!",1,Domínio Público (www.dominiopublico.gov.br) vai ser desativado por falta de acessos #boato
30994,Luana Piovani grava áudio de apoio a Bolsonaro e contra o comunismo #boato,Entretenimento,Hellen Bizerra,29/10/2021,https://www.boatos.org/entretenimento/luana-piovani-audio-bolsonaro-comunismo.html,"as pessoas estão muito individualistas e egoístas, eles não pensam como um todo, eles não conseguem ter uma visão panorâmica. porque eles são pessoas que recebem salários, são pessoas que já estão uma segurança, só que não existe segurança num país comunista. porque vai faltar para todo mundo daqui a pouco, começa a faltar para pensão, pra aposentado, por que quem sustenta o país é indústria, é comércio, é esse povo que sustenta, são os impostos né desse povo que gira dinheiro. e essas pessoas estão saindo fora muita gente já quebrou [ ] aí ficam discutindo que o presidente é homofóbico, que ele é isso, é aquilo. caraca, eles tem que discutir desemprego, eles tem que discutir novas políticas, eles tem que discutir coisas muito sérias. você acha que bolsonaro ganhando vai interferir em quem você deitou deixa de deitar, [ ] eu não consigo nem discutir isso o negócio é muito mais sério do que as pessoas pensam. [ ]eu vi o haddad falando que se ele for eleito quem tá em prol da presidência não pode ir contra a presidência, ou seja, não tem isso, ele exonera todo mundo, ou seja isso é democracia? eles são completamente titular daquela cartilha de lênin, seguem toda ela, são dez mandamentos, entendeu? é a promiscuidade sexual, tudo isso faz parte, dessa coisa de ficar dividido em grupos pra ficar todo mundo brigando, é isso que ele fez com o país, dividiu todo mundo. as pessoas não são mais brasileiras elas são partidárias.então eu tô vendo uma coisa muito grave, se bolsonaro não ganhar no primeiro turno, eu acredito até nas urnas serem burladas, porque eu lembro que quando aécio tava ganhando, do nada a dilma virou [ ] então assim, eu não tenho muita crença mais, se a gente não mudar como esse cara, que eles não conseguem apontar o cara como corrupto, como ladrão, aí eles tentam apontar pra outras coisas ridículas né que não tem nada a ver. se o cara educa o filho dele, se daria porrada se fosse viado, problema dele. eu pessoalmente, eu também não queria que minhas filhas fossem sapata, desculpa. [ ] a gente teria que botar um cara de extrema-direita para jogar esses corruptos tudo na lama entendeu.",1,Luana Piovani grava áudio de apoio a Bolsonaro e contra o comunismo #boato
31011,Lulu Santos escreve carta ao Diário de São Paulo sobre o INSS e deputados #boato,Entretenimento,Edgard Matsuki,25/03/2019,https://www.boatos.org/entretenimento/lulu-santos-carta-ao-diario-inss.html,"vejam o que o cantor lulu santos escreveu hoje no jornal diário de são paulo sobre o inss. cantor de mpb em carta publicada no jornal diário de são paulo. hoje, vendo pessoas morrendo em filas de hospitais, bandidos matando por r$ 10,00 e pessoas andando feito zumbis nas ruas por causa das drogas, adolescentes que não sabem quanto é 6 x 8, meninas de 14 anos parindo filhos sem pais, toda a classe política desse país esfregando a bandalheira na nossa cara e desfilando uma incompetência absurda, o nosso país sendo ridicularizado por tantos escândalos eu peço perdão ao brasil pela porcaria que fiz deveria ter ficado em casa quieto ao invés de ir às ruas. lutei pra que? pra ver corrupto no poder fazendo manobras pra se manter no poder e por quê agora estamos quietos? cade você nas ruas? esqueçam cor de bandeiras. vamos nos unir e lutar por um só motivo: nossos direitos. somos mais de trinta milhões de aposentados!não podemos admitir: policial r$ 3.660,00 para arriscar a vida; bombeiro r$ 3.960,00 para salvar vidas; professor r$ 2.200,00 para preparar para a vida; médico r$ 9.260,00 para manter a vida; e o deputado federal? r$ 26.700,00 (salário) r$ 94.300,00 (verba de gabinete) r$ 53.400,00 (auxílio paletó) r$ 5.000,00 (combustível) r$ 22.000,00 (auxílio moradia) r$ 59.000,00 (passagens aéreas) r$ 17.997,00 (auxílio saúde) r$ 12.100,00 (auxílio educação) r$ 16.400,00 (auxílio restaurante) r$ 13.400,00 (auxílio cultural) auxílio dentista auxílio farmáciae outros, para lascar as nossas vidas! e o trabalhador r$ 937,00 para sustentar a família. será que o problema do brasil são os trabalhadores? os aposentados? publique!!! se você repassar para somente 2 amigos nas primeiras horas, em 28 horas toda a população brasileira vai tomar conhecimento deste absurdo.",1,Lulu Santos escreve carta ao Diário de São Paulo sobre o INSS e deputados #boato
30795,[Atualizado] Silvio Santos foi internado com suspeita de Covid-19,Entretenimento,Edgard Matsuki,13/08/2021,https://www.boatos.org/entretenimento/silvio-santos-internado-suspeita-covid-19.html,"silvio santos está sendo internado agora no hospital albert eistein. aos 90 anos, silvio santos, mesmo vacinado pegou covid. silvio santos é internado em hospital com suspeita de covid-19 bomba silvio santos internado com covid-19",1,[Atualizado] Silvio Santos foi internado com suspeita de Covid-19
32013,China mata pessoas que se recusam a tomar vacina contra Covid-19 #boato,Mundo,Edgard Matsuki,12/04/2021,https://www.boatos.org/mundo/china-mata-pessoas-recusam-tomar-vacina-contra-covid-19.html,"texto: ditadura comunista chinesa dando a vacina que os comunistas sempre deram aos povos do mundo. breve no brasil! aguardem! eu estou avisando faz muito tempo! transcrição: é isso aquilo que nos aguarda. essa é a ditadura chinesa aqui. ó lá quem não toma vacina é tratado dessa forma aqui. isso é que eu venho avisando, todos vamos que pistola 9mm isso é a ditadura chinesa do comunismo. fazendo que faz há mais de cem anos com quem se recusa a fazer o que o governo manda. luta contra o governo? esse é o destino do povo. ó são os tiros no fundo inocente sendo executado o que se recusou a aceitar as ordens do governo é ditadura chinesa comunista. esse é o comunismo aqui no brasil. ouçam os tiros no fundo deu para ouvir né? é isso aí pessoal está aqui nos aguarda isso aqui.",1,China mata pessoas que se recusam a tomar vacina contra Covid-19 #boato
32381,Criador do jogo Baleia Azul diz que odeia os brasileiros em carta #boato,Mundo,Kyene Becker,19/05/2017,https://www.boatos.org/mundo/criador-baleia-azul-brasileiros.html,"eu odeio brasileiros, revela criador do baleia azul – diário escrito na prisão tem palavras assustadoras – veja! diversas provas foram apresentadas durante sessão do ultimo depoimento de philipp a policia russa, entre elas uma caderneta de anotações, como um diário apreendido na prisão, onde o jovem diz odiar brasileiros, interrogado se tem ligação com o brasil, o jovem diz que ja teria vindo ao país, possivelmente com passaporte falso segundo destaca o consulado russo.o pior do brasil é o povo brasileiro. o povo não merece o país em que vive e que recebeu de mãos beijadas. sim, o povo brasileiro é mau e vai te mostrar isso na primeira oportunidade que tiver de te passar a perna, de matar um turista, de trair um amigo, a esposa, o parceiro de negócios o aliado político, o irmão. não tem pudor, vergonha, honra, medo, arrependimento. eles não aceitamos crítica, também não tem autocrítica, e para eles justo é aquilo que os faz bem, que fazem ter vantagem em tudo.",1,Criador do jogo Baleia Azul diz que odeia os brasileiros em carta #boato
32168,Dr. Charles Lieber foi preso nos EUA por fabricar e vender o coronavírus para a China #boato,Mundo,Edgard Matsuki,06/04/2020,https://www.boatos.org/mundo/dr-charles-lieber-preso-eua-fabricar-vender-coronavirus-china.html,"eua acabou de descobrir o homem que fabricou e vendeu o virus de corona à china. chama-se dr charles lieber chefe do departamento de quimica e biologia na universidade de havard, eua. acabou de ser preso hoje segundo fontes do departamento americano..homem que vendeu o corona virus na china, preso. os eua acabou de descobrir o homem que fabricou e vendeu o virus de corona à china. chama-se dr charles lieber chefe do departamento de quimica e biologia na universidade de havard, eua. acabou de ser preso hoje segundo fontes do departamento americano.. deus é grande e é pai essa notícia deu na bbc",1,Dr. Charles Lieber foi preso nos EUA por fabricar e vender o coronavírus para a China #boato
32395,"Marido descobre traição ao ver botas em foto da mulher, diz história falsa",Mundo,Edgard Matsuki,23/07/2019,https://www.boatos.org/mundo/marido-descobre-traicao-ao-ver-botas-em-foto-da-mulher-diz-historia-falsa.html,"marido descobre traição ao ver botas masculinas em foto da mulher uma mulher, que estava viajando a trabalho, resolveu enviar ao marido algumas fotos suas pela rede social snapchat. no entanto, ela não contava que em uma das imagens apareceria um par de botas masculinas supostamente do seu amante.de acordo com o jornal “metro”, a mulher, identificada como chelsea, fez a foto em um quarto de hotel e as botas aparecem embaixo de uma mesa onde está uma televisão. diante do flagra, o marido se mostrou decepcionado. “por que há botas de homem no seu snapchat? não posso passar por isso de novo. vou procurar um advogado”, escreveu o homem traído na rede social.",1,"Marido descobre traição ao ver botas em foto da mulher, diz história falsa"
32017,OMS vai recomendar oficialmente ivermectina para tratar Covid-19 #boato,Mundo,Kyene Becker,27/03/2021,https://www.boatos.org/mundo/oms-vai-recomendar-ivermectina-tratar-covid-19.html,"“a oms – organização mundial da saúde irá recomendar oficialmente o uso da ivermectina no tratamento da praga chinesa. que comecem os processos milionários contra a mídia, prefeitos, governadores, médicos, membros do supremo, políticos facebook, instagram, youtube, twitter”.",1,OMS vai recomendar oficialmente ivermectina para tratar Covid-19 #boato
31893,Operação Chapéu Branco vai fechar sistema bancário por 10 dias em 24 de setembro de 2022 #boato,Mundo,Kyene Becker,22/09/2022,https://www.boatos.org/mundo/operacao-chapeu-branco-vai-fechar-sistema-bancario-por-10-dias-em-24-de-setembro-de-2022.html,"“não é para nos assustar é prevenção enviado por jackeline louize atenção! será??? olá a todos, esta informação já foi compartilhada no zoom no sábado, 16 de setembro, bem como nos canais do telegram e na mighty networks. esta mensagem é dirigida a todos os que ainda não receberam a informação por outros meios. na última reunião internacional de coordenadores, simon parkes nos pede para divulgar o seguinte: com base em mensagens enviadas do pentágono diretamente para simon e outros (e apoiadas por vários vazamentos de chapéu branco globalmente), há uma grande possibilidade de fechamento do sistema bancário ( bancos e agências), a qualquer momento. a data estimada mais provável é 24 de setembro. todas as transações eletrônicas serão impossíveis, embora seja possível continuar comprando onde quer que dinheiro seja aceito. as agências bancárias podem permanecer fechadas. a duração estimada é de 2 a 10 dias. esta é uma operação de chapéu branco para impedir o roubo de bens e ativos financeiros reivindicados pelo banco do vaticano de todo o mundo pelo estado profundo, que após a prisão definitiva na emissão de moeda fiduciária está em situação econômica desesperadora. se eles tentarem apreender as mercadorias, os chapéus brancos bloquearão o sistema e o ligarão novamente após o perigo. as economias de todos estão seguras e não há necessidade de esvaziar as contas. é aconselhável ter dinheiro suficiente durante o fechamento. como já foi relatado em circunstâncias semelhantes no passado , também é aconselhável , na pior das hipóteses , dependendo da resistência que enfrentamos , ter água e alimentos suficientes para 2 semanas , bem como alguns meios de cozimento que não dependam do eletricidade . espera-se que todos nós também prestemos atenção às necessidades daqueles que não podem cuidar de si mesmos durante esse período (idosos, crianças, deficientes). esta não é uma notícia que deve incutir medo em nós, mas sim coragem. é o que todos nós estávamos esperando coragem. é o que todos nós estávamos esperando. outubro será o maior ponto de virada do ano, e em dezembro o pior passará e estaremos falando em público sobre o que está por vir para a humanidade. este colapso bancário momentâneo não é o evento do “cisne negro” que também é esperado no futuro próximo. este será um evento curto e agudo, semelhante a um choque, com efeito global, necessário para dar o próximo passo no processo de libertação. muita força a todos e um grande abraço. a equipe de coordenadores da espanha. parkers ps: simon parkers é um jornalista muito conceituado e sempre a frente das informações do que acontece nos bastidores da economia e política. a luz venceu!”.",1,Operação Chapéu Branco vai fechar sistema bancário por 10 dias em 24 de setembro de 2022 #boato
31933,Putin está atacando Ucrânia por causa de laboratório de armas biológicas criados pela Nova Ordem Mundial #boato,Mundo,Kyene Becker,04/06/2022,https://www.boatos.org/mundo/putin-esta-atacando-ucrania-por-causa-laboratorio-armas-biologias-criados-pela-nova-ordem-mundial.html,"*finalmente surge uma explicação real para o início desta guerra – existência de vários laboratórios, inclusive subterrâneos, onde a nom – nova ordem mundial – criava armas biológicas contra a rússia, via suborno do presidente ucraniano:* “putin vai salvar o mundo atenção: esta notícia é muito importante porque pode explicar o verdadeiro significado da intervenção russa na ucrânia. confirmando os muitos rumores que circularam nos dias de hoje através de canais do telegram, como simon parkes, o site de inteligência militar real raw news publicou há poucos minutos que putin ligou para donald trump em várias ocasiões desde o início da invasão, para informá-lo sobre os detalhes do curso. de operações. ontem, quinta-feira, ele lhe disse -sempre segundo o real raw news- que suas tropas já destruíram 13 laboratórios de armas biológicas em toda a ucrânia, alguns deles subterrâneos, por isso tiveram que realizar várias explosões para considerá-los destruídos. putin tem informações de que o instituto de saúde dos eua, o instituto de saúde francês e o centro alemão de pesquisa de doenças infecciosas contribuíram com bilhões dos contribuintes desses países para a ucrânia, para desenvolver armas biológicas, e que o próprio presidente zelensky participou de subornos. putin prometeu mostrar provas do que diz no devido tempo. (meus seguidores no telegram vão lembrar que na quarta-feira um deputado ucraniano acusou o presidente zelensky de ter uma conta milionária no paraíso fiscal da costa rica, o que se encaixa perfeitamente). putin disse a trump que vem alertando zelensky desde fevereiro de 2020 que, se ele não desmontasse esses laboratórios, ele mesmo o faria, então ele é o único culpado pelo que está acontecendo. certamente alguns de vocês leram que ontem o exército russo tomou uma pequena ilha pertencente à ucrânia no mar negro, chamada ilha da serpente. bem, de acordo com informações de putin coletadas pelo real raw news, naquela ilha o mossad israelense estava desenvolvendo uma arma biológica devastadora que se espalharia pelo ar (por chemtrails, é claro), que mataria 100% dos afetados. sempre de acordo com esta crônica, a versão que tem circulado de que os habitantes da ilha mandaram os marinheiros russos para o inferno é verdadeira. depois de verificar que eles não queriam desistir da ilha/laboratório que guardavam, o navio slava iniciou um bombardeio da ilha que aniquilou todos os guardiões. pela crônica, parece que a marinha russa usou armas térmicas, já que putin disse a trump que eles verificaram que as armas biológicas foram completamente destruídas. finalmente, putin garante que eles estão apenas atirando em alvos militares e, de fato, nenhum edifício residencial foi afetado em kiev e a energia nem sequer foi cortada.portanto, estamos todos claros sobre o que putin está fazendo: salvar a humanidade. [25/2 20:29] fredi: verdades: – a rússia não é a união sovietica; – vladimir putin não é stalin; – usa é mais uma nações virtuosa; – só existe a rússia, china e a liga árabe capaz de enfrentar a nom; – o comunismo tem outro nome, se chama progressismo, seu berço é a europa; – o brasil está no radar da nom e toda a esquerda, 5tf e mídia brasileira estão prontos a entregá-lo pela metade do preço q o presidente tiririca da ucrânia entregou seu país; – se bolsonato não tivesse corrido para fazer aliança comercial e militar com putin, nem eleições teríamos; tirem as máscaras de pano e as q encobrem a verdade!! pela primeira vez na vida encarem a realidade nua e crua, a nom está pronta para instalar um governo hegemônico mundial e o brasil será a horta dele!! o comunismo se transmutou, voltou para o seu berço europeu, agora não prega mais lutas de classes e sim pautas identitárias das minorias racionais, sexuais, prega a morte de deus e a submissão de todas as nações a uma minoria com poder e dinheiro capaz de submeter toda a humanidade! chega de cegueira, canadá já caiu, frança, inglaterra, alemanha e agora os usa, são apenas vassalos da nom! apoiem o presidente em tudo q ele decidir, confiem ou seremos aniquilados como nação!”.",1,Putin está atacando Ucrânia por causa de laboratório de armas biológicas criados pela Nova Ordem Mundial #boato
34171,Primeiros 200 médicos cubanos que foram embora eram policiais cubanos #boato,Política,Edgard Matsuki,16/12/2018,https://www.boatos.org/politica/200-medicos-cubanos-policiais-cubanos.html,"aí está a resposta do porque que 200 “médicos” saíram de um dia para outro, do brasil. eram 200 policiais cubanos, que vigiavam os “médicos cubanos”e recebiam do pt (brasil) r$ 25 mil reais por mês.",1,Primeiros 200 médicos cubanos que foram embora eram policiais cubanos #boato
34327,Comprovado: Bolsonaro forjou atentado para ganhar eleitores indecisos #boato,Política,Edgard Matsuki,12/09/2018,https://www.boatos.org/politica/bolsonaro-forjou-atentado-indecisos.html,"facada em bolsonaro – divulgado o escândalo que todo mundo suspeitava !!! talvez, isso explique a razão do jornalista jorge kajuru ter declarado a seguinte frase: “se as pessoas soubessem o que aconteceu em juiz de fora, ficariam enojadas”. muitos brasileiros ficaram chocados e tristes por terem visto um candidato a presidente da nação ser esfaqueado friamente em meio a uma multidão durante a campanha. não deveriam.o que está exposto abaixo é a notícia em primeira mão que está sendo investigada por rádios e jornais de todo o brasil e alguns estrangeiros, mais especificamente cnn, el país e a rede bbc de londres e deve sair na mídia em breve, assim que as provas forem colhidas e confirmarem os fatos. fat do: jair bolsonaro forjou o atentado contra si mesmo para ganhar o coração dos eleitores indecisos. os individuos envolvidos foram avisados, às 13:00 do dia 06 de setembro (um dia antes da independência do brasil para gerar mais comoção), em uma reunião envolvendo o general villas boas (na única vez que o vice presidenciável da legenda compareceu a uma reunião antes da campanha), o próprio jair bolsonaro, a sra. janaína paschoal, o sr. tércio arnaud tomaz, assessor do parlamentar, e o sr. gustavo bebbiano, presidente do partido psl, médicos e seguranças envolvidos na atuação.o candidato permaneceu em isolamento, treinando a encenenação em seu quarto ou se concentrando no lobby do hotel. a princípio muito contrariados, os médicos e seguranças se recusaram a forjar uma cirurgia em troca de cargos no ministério da saúde e da defesa. a aceitação veio através do pagamento total dos prêmios, rs$300.000,00 para cada um envolvido na atuação , mais um bônus de rs$2.400.000,00 para todos os seguranças, carregadores, médicos , fotógrafos, repórteres e outros integrantes da atuação, num total de rs$ 23.000.000,00 vinte e três milhões de reais) através do caixa 2 do psl obtido através da empresa jbs.além disso, os indivíduos que aceitarem fazer parte do falso atentado com o psl nos próximos 4 anos terão regalias e receberão prêmios através de cargos e outros mimos com salários com bases no teto do ministro do stf. mesmo assim, bolsonaro se recusou a encenar, o que obrigou as lideranças do partido a atrasar a encenenação, dizendo que bolsonaro não estava bem(em primeira notícia divulgada às 13:30 no centro de imprensa) e, logo depois, às 14:15, alterando o prognóstico para problemas estomacais).a sua situação só foi resolvida a colega janaína paschoal e o presidente do partido ameaçarem contar tudo * inclusive o valor destinado aos subornos e a chance de ganhar a eleição no primeiro turno com a comoção nacional. assim, combinou-se que o bolsonaro seria esfaqueado durante o discurso (para gerar o clímax), porém a apatia que se abateu sobre o mesmo e os eleitores emocionados fez com que adelmo, que absolutamente não participou desta negociação, esfaqueasse, em falha simples da segurança, por dentro do colete de proteção(por isso não deu tempo de estourar a simulação do sangue)..a família ustra, amiga do presidenciável do psl, em memória do coronel brilhante ustra , aplaudiu a colaboração da equipe da encenação , uma vez que trouxe comoção nacional e equilíbrio a disputa, já que jair bolsonaro passou a ser visto como ser humano pela população e uma vez que os pontos nas pesquisas dispararam num momento das mais altas taxas de rejeição jamais registradas naquele país, que seriam agravadas nos debates seguintes pela falta de argumentos e o discurso vazio do candidato.garantiu,-se também, ao sr. flávio bolsonaro, através de seu pai** que o mesmo teria seu caminho facilitado para a eleicão de governador do rio em 2022. por gentileza passem esta mensagem para o maior número possível de pessoas, * para que todos possam conhecer a sujeira que ronda as eleições! desde, já agradeço, um abraço. gunther schweitzer diretor de jornalismo da agência reuters.",1,Comprovado: Bolsonaro forjou atentado para ganhar eleitores indecisos #boato
34505,Diretor do Fantástico revela plano da Globo para trazer Lula de volta #boato,Política,Edgard Matsuki,03/12/2017,https://www.boatos.org/politica/diretor-fantastico-globo-lula.html,"áudio do diretor do fantástico, luis nascimento que se demitiu da emissora no dia 11/08. a globo está em polvorosa com a divulgação. terça-feira, dia 8 de agosto de 2017. por questões óbvias não vou me identificar porque há uma caça a bruxa dentro do jornalismo da globo procurando quem é mais alinhado com a esquerda e quem não é. a partir de agora o público vai poder notar que as editorias de jornais vinculados à rádio cbn, ao g1 e também aos programas jornalísticos da rede globo vão estar mais alinhados com a esquerda e preparando a volta do lula, que está completamente alinhado com a família marinho, apesar de ele falar aos berros que vai fazer isso e aquilo, está tudo orquestrado, acertado, com a editoria do jornalismo da rede globo. ali kamel, silva faria, mariano boni, miguel ,taís, cristina piasentini que são os diretores das duas grandes praças de jornalismo da globo estão alinhados com a família marinho para que toda a notícia vinculada a temer e também ao joão dória em são paulo, sejam fracionadas durante o jornalismo para que se fale o tempo todo dos dois, mas de forma até caluniosa. então, um exemplo: os desempregados da dilma agora são desempregados do temer. a culpa da dívida do brasil não é do legado de lula e dilma. é a dívida do temer. até os salários atrasados do rio de janeiro a culpa do temer. assim como uma rua esburacada há mais de 50 anos é culpa do joão dória. então, vocês vão começar a notar que há uma tendência já acertada com a esquerda para que se fale de forma até caluniosa de temer e também de joão dória nos jornais e no jornalismo da globo e nas programações de rádio. a ideia é que seja estendida o máximo da notícia para que se fale, “entre aspas”, coisas ruins destas duas grandes personalidades, que seriam os grandes adversários da propensa volta do lula ao poder. outra coisa também é que a partir de agora vamos ver uma rede globo mais avermelhada. vocês vão começar a ver na tela da rede globo o tom mais vermelho do que os tons azuis que são tradição da tv globo. isso já foi utilizado como propaganda subliminar na época da época da retomada da democracia em que não se sabia o que iria acontecer com o país, a globo usou de outros artifícios para fazer propaganda subliminar. e assim é com as notícias fracionadas no jornalismo. você fala muito o tempo todo durante o jornalismo, durante a apresentação dos jornais, sobre as mesmas coisas e vinculando o nome dessas duas personalidades, que é o joão dória e o presidente temer. outra coisa que vamos reparar mais para frente são notícias sobre o judiciário. vão ter muitas notícias para dar ênfase a juízes corruptos, membros do ministério público ligados a corrução. o que também acontece, é claro, mas vocês vão ver muito mais notícias sobre isso. mas vocês vão ver muitas notícias antigas, velhas e arquivadas que o povo não lembra vão ser trazidas de volta para seja jogado mpf e pf um contra o outro e que seja feita a exposição, principalmente, a juízes de primeira instância. isso tudo para atingir o moro e a lava-jato, acreditem a globo é contra a lava-jato. fiquem atentos e que nós sejamos contra o imperialismo da rede globo. não estou jogando contra a casa, mas eu não acho isso direito e acho legal a população saber. principalmente, uma pessoa que está dentro do sistema globo e que tá acompanhando de perto todo o esquema que está sendo armado na maior emissora do país e está sendo alinhado com outras emissoras porque vai rolar muito dinheiro com a volta do lula para esses meios de comunicação. um abraço",1,Diretor do Fantástico revela plano da Globo para trazer Lula de volta #boato
33474,Fachin cancelou crimes de Lázaro e Cármem Lúcia deu 48h para ele explicar por que morreu #boato,Política,Edgard Matsuki,30/06/2021,https://www.boatos.org/politica/fachin-cancelou-crimes-de-lazaro-carmem-lucia-deu-48h-para-ele-explicar-por-que-morreu.html,"fachin cancela os crimes de lázaro. diz que os crimes só poderiam ter sido descobertos pela polícia da bahia; carmem lúcia dá 48 hs para lázaro explicar o porquê morreu; rosa weber desobriga lázaro de se submeter à autópsia no iml; alexandre diz que morte de lázaro é fake; gilmar anula a morte de lázaro e o absolve, impedindo o sepultamento; barroso diz que morte de lázaro não será auditada; marco aurélio tinha mandado lázaro não fugir e ficar em casa; lewandowski picotou o código penal e inocentou lázaro; tóffoli disse que lázaro foi descoberto, graças ao stf; renan disse que vai convocar lázaro para depor na cpi, contra o bolsonaro; maria do rosário acusa a polícia de ser assassina de um cidadão honesto, o lázaro; a oab se manifestou, e disse que lázaro e adélio são vítimas do bolsonaro; freixo lamenta a perda, queria lançar lázaro candidato do psb (seu novo partido) à presidência; gleisi e lula lamentam a morte do “cumpanhero” lázaro; aziz e randolfe dizem que lázaro morreu porque tomou cloroquina, e que toda a culpa é do bolsonaro; fux diz que vai analisar tudo e em 20 anos dará o parecer aguardem novas notícias, pois isso é brasil sil sil!!!",1,Fachin cancelou crimes de Lázaro e Cármem Lúcia deu 48h para ele explicar por que morreu #boato
32890,Flávio Dino responde a 277 processos na Justiça #boato,Política,Edgard Matsuki,08/01/2023,https://www.boatos.org/politica/flavio-dino-responde-277-processos-justica.html,"flávio dino campeão em processo por corrupção! bandido agora vai ser ministro da segurança! calma ele só tem 277 processos por ladroagemflavio dino de castro e costao jusbrasil encontrou 277 processos de flavio dino de castro e costa nos diários oficiais. a maioria é do trema,seguido por tjma. desses processos encontrados,procuradoria regional eleitoral foi a parte que mais apareceu. flavio dino 277 processos , um dos integrantes da facção chamada pt . mais um bandido entre essa quadrilha que vai roubar novamente o brasil . o mais aterrorizante disso tudo , é esse marginal falando em segurança . só falta por o marcola como seu assistente .lava boca boçal.",1,Flávio Dino responde a 277 processos na Justiça #boato
33782,Haddad diz que Lula na presidência é a solução da crise do coronavírus #boato,Política,Kyene Becker,10/04/2020,https://www.boatos.org/politica/haddad-lula-presidencia-solucao-crise-coronavirus.html,"“ou seja está clamando pros nordestinos por uma guerra civil ,mais uma prova da real intenção de espalhar medo na população sobre esse vírus. meu povo do nordeste, se manifestem .”.",1,Haddad diz que Lula na presidência é a solução da crise do coronavírus #boato
33175,Igreja Católica acaba de fechar apoio à candidatura de Bolsonaro #boato,Política,Kyene Becker,19/09/2022,https://www.boatos.org/politica/igreja-catolica-acaba-de-fechar-apoio-a-candidatura-de-bolsonaro.html,"“igreja católica fecha apoio a bolsonaro 22”.“minha igreja católica apostólica romana levanta para apoiar o nosso presidente. que a fé com a força da oração o proteja, abençoe e o ilumine sempre em nome de jesus cristo”.",1,Igreja Católica acaba de fechar apoio à candidatura de Bolsonaro #boato
33902,Lula tem 243 milhões de Euros em Banco do Vaticano #boato,Política,Edgard Matsuki,29/06/2022,https://www.boatos.org/politica/lula-243-milhoes-euros-banco-do-vaticano.html,"obviamente, um recomendava o outro, o outro e o outro e se ajudavam entre eles? assim teriam que lavar o dinheiro que vinham da obra pública, dos ingressos minerais e tantas outras coisas que roubavam e roubam em cada um dos países. não tem como justificar, nunca teriam como justificar esses milhões? justifique agora as últimas declarações que falam sobre evo morales na bolívia e que falam em dólares e como justificar como um salário de presidente da bolívia? é o mesmo que acontece aqui com cristina [kirchner] na argentina, o mesmo que acontece com [michelle] bachelet, com lula. lula, colocaram na prisão por um apartamento de 3 quartos. quanto tem no lula vaticano? e também queremos saber o esquema de rafael corrêa! lula [procurando no documento] corrêa tem 193 milhões com a conta 01345761 e a empresa se chama pasca limitada. e de lula [procurando no documento] bachelet tem 206 milhões, lula ah, sim 249 milhões na conta 00132495311. 11 é classificação de conta nova.",1,Lula tem 243 milhões de Euros em Banco do Vaticano #boato
33521,"Lula Fylho, investigado em esquema de fraude na compra de máscaras, é filho do ex-presidente Lula #boato",Política,Edgard Matsuki,12/08/2021,https://www.boatos.org/politica/lula-fylho-filho-ex-presidente-lula-esta-envolvido-esquema-fraude-compra-mascaras.html,"sabe quem é o orgulho de papai sabe? sabe? esse é o lulinha, lula fylho, com y, biólogo empresário aquele que juntava m de elefante. chego a ficar emocionada. seguindo os passos de papai. e não é que o malandro mora na área nobre da cidade, num condomínio de luxo. será quanto que custa a mansão dele? bonner: vamos botar isso na pauta. g1 matéria do g1 vamos lá. bora bonner agiliza. como é que é? e olha só a figura era secretário de saúde em são luís no maranhão e comandava um esquema de desvio de dinheiro na compra de máscaras na proteção contra o covid que coisa hein? ele é o filho de quem mesmo? do lula.",1,"Lula Fylho, investigado em esquema de fraude na compra de máscaras, é filho do ex-presidente Lula #boato"
33336,Omar Aziz não tomou a vacina contra a Covid-19 #boato,Política,Edgard Matsuki,24/01/2022,https://www.boatos.org/politica/omar-aziz-nao-tomou-vacina-contra-covid-19.html,"o omar aziz não tomou vacina? a esposa também não tomou? que estranho!!!! senador omar aziz mentiu. ele não tomou a vacina, embora tenha dito que tomou as 3 doses. não podemos reeleger esse tipo, que teve mulher e 3 irmãos presos por desvio de r$ 256 milhões da saúde do amazonas. e ainda tem muitas outras acusações de corrupção o omar aziz não tomou vacina. sua esposa também não estranho pra um presidente da cpi do covid, que cobrou tanto a vacinação. cara de palhaço o nome de omar, e o de sua esposa (nejmi jomaa abdel aziz) também não aparecem na lista de vacinados fornecida pela secretaria de saúde de manaus",1,Omar Aziz não tomou a vacina contra a Covid-19 #boato
33983,"Paulo Guedes critica ação do STF contra Moro, detona Glenn e diz que Brasil é surreal #boato",Política,Raiane Gonoli,19/07/2019,https://www.boatos.org/politica/paulo-guedes-critica-stf-contra-moro-detona-glenn-brasil-e-surreal.html,"“o brasil é muito surreal, os caras roubaram perto de 1 trilhão e a suprema corte está analisando a suspeição de um juiz com base em “vazamentos” não periciados feito por um cidadão que já foi banido de dois países.” paulo guedes",1,"Paulo Guedes critica ação do STF contra Moro, detona Glenn e diz que Brasil é surreal #boato"
35922,Água contaminada da Sabesp está causando virose nas pessoas em São Paulo #boato,Saúde,Kyene Becker,16/12/2021,https://www.boatos.org/saude/agua-contaminada-sabesp-esta-causando-virose-nas-pessoas-em-sao-paulo.html,"“rapaziada quem puder ferver água antes de beber, ou comprar água mineral faça isso “ metade da população esta com virose (água da sabesp contaminada) esta dando vírus : desenteria, febre , enjoou dor de cabeça e no corpo repassando !!!”.",1,Água contaminada da Sabesp está causando virose nas pessoas em São Paulo #boato
35972,"Por causa do ácido tânico e polifenóis, vinho previne a Covid-19 #boato",Saúde,Kyene Becker,06/07/2021,https://www.boatos.org/saude/beber-vinho-previne-covid-19-por-causa-acido-tanico-polifenois.html,"“o ácido tânico * encontrado nas uvas e no vinho inibe duas enzimas principais do coronavírus. com o contato, o último não consegue mais penetrar nas células humanas. no final do ano, pesquisadores americanos demonstraram in vitro que os * polifenóis * presentes nas uvas e no vinho alteram a forma como o vírus sars-cov2 que causa a covid-19 se replica e se espalha. a * taiwan medical university * descobriu que os taninos do vinho inibem efetivamente a atividade de duas enzimas-chave do vírus, que não podem mais entrar no tecido celular. “de todos os compostos naturais que testamos em laboratório, o ácido tânico é o mais eficaz”, disse mien-chie hung, bióloga molecular e presidente da universidade, à tvbs. ele também lembrou os bons resultados obtidos com tratamentos experimentais com ácido tânico em 2003 durante a pandemia de sars. o pesquisador tem esperança de que um tratamento farmacêutico seja desenvolvido em breve. enquanto isso, recomenda que os cidadãos consumam alimentos e bebidas ricos em taninos para aumentar sua imunidade. * é o caso de uvas, vinho, banana, chá e vegetais * -93368-une-nouvelle-etude-confirme-que-le-vin-protege-de-la-covid-19-.htm * divulgue essa novidade, dê uma alegria aos seus amigos e outras pessoas *”.",1,"Por causa do ácido tânico e polifenóis, vinho previne a Covid-19 #boato"
36278,"Café ou chá curam e previnem o coronavírus, diz médico Li Wenliang na CNN #boato",Saúde,Raiane Gonoli,31/05/2020,https://www.boatos.org/saude/cafe-ou-cha-curam-e-previnem-coronavirus.html,"_ * últimas notícias da cnn: – * _ * dr. li wenliang *, o médico herói da china, que foi punido por dizer a verdade sobre o vírus corona e depois morreu devido à mesma doença, havia documentado arquivos de casos para fins de pesquisa e nos arquivos propuseram uma cura que diminuiria significativamente o impacto do covid – 19 vírus no corpo humano. a substância química * methylxanthine *, * theobromine * e * theophylline * estimulam compostos que podem afastar esses vírus em humanos com pelo menos um sistema imunológico médio. o mais chocante é que essas palavras complexas que eram tão difíceis de entender para as pessoas na china são chamadas de * café * na índia, sim, nosso café regular possui todos esses produtos químicos. a principal metilxantina no café é a cafeína estimulante. outras metilxantinas encontradas no coffee são dois compostos quimicamente similares, teobromina e teofilina. a planta do café cria esses produtos químicos como uma maneira de afastar insetos e outros animais. quem diria que toda a solução para esse vírus seria uma simples xícara de café e essa é a razão pela qual tantos pacientes na china estão sendo curados. a equipe do hospital na china começou a servir o café aos pacientes três vezes ao dia, e o efeito está finalmente em * wuhan * “o centro desta pandemia” foi contido e a transmissão da comunidade quase parou. compartilhe esta mensagem com seus amigos e familiares para conscientizá-los sobre essa bênção na forma de café em sua cozinha.* últimas notícias da cnn: – * _ o chá * dr. li wenliang *, o herói médico da china, que foi punido por dizer a verdade sobre o vírus corona e depois morreu devido à mesma doença, documentou os arquivos de casos para fins de pesquisa e nos arquivos propuseram uma cura que diminuiria significativamente o impacto do covid – 19 vírus no corpo humano. a substância química * methylxanthine *, * theobromine * e * theophylline * estimulam compostos que podem afastar esses vírus em humanos com pelo menos um sistema imunológico médio. o mais chocante é que essas palavras complexas que eram tão difíceis de entender para as pessoas na china são chamadas de * chá * na índia, sim, nosso chá comum já contém todos esses produtos químicos. a principal metilxantina no chá é a cafeína estimulante. outras metilxantinas encontradas no chá são dois compostos quimicamente semelhantes, teobromina e teofilina. a planta do chá cria esses produtos químicos como uma maneira de afastar insetos e outros animais. quem diria que toda a solução para esse vírus seria uma simples xícara de chá. e essa é a razão pela qual tantos pacientes na china estão sendo curados. a equipe do hospital na china começou a servir chá aos pacientes três vezes ao dia, e o efeito está finalmente em * wuhan * “o centro desta pandemia” foi contido e a transmissão da comunidade quase parou. compartilhe esta mensagem com seus amigos e familiares para conscientizá-los sobre esta bênção na forma de chá na sua cozinha. encaminhado como recebido.",1,"Café ou chá curam e previnem o coronavírus, diz médico Li Wenliang na CNN #boato"
36640,Carne bovina com câncer (tumor) é flagrada em vídeo #boato,Saúde,Edgard Matsuki,21/01/2018,https://www.boatos.org/saude/carne-bovina-cancer-tumor.html,carne bovina com câncer (tumor) é flagrada em vídeo,1,Carne bovina com câncer (tumor) é flagrada em vídeo #boato
36315,Diretoria do hospital de Stanford divulga mensagem sobre o novo coronavírus #boato,Saúde,Edgard Matsuki,02/04/2020,https://www.boatos.org/saude/diretoria-hospital-stanford-mensagem-novo-coronavirus.html,"atenção: mensagem interna da diretoria do hospital de stanford: o novo coronavírus pode não mostrar sinais de infecção por muitos dias. como alguém pode saber se está infectado? quando se chega ao ponto de ter febre e/ou tosse e ir ao hospital, o pulmão geralmente já tem 50% de fibrose e é tarde demais. os especialistas de taiwan fornecem uma verificação simples que podemos fazer todas as manhãs: respire fundo e prenda a respiração por mais de 10 segundos. se você conseguir completá-lo sem tossir, sem desconforto, rigidez ou aperto, etc., isso prova que não há fibrose nos pulmões, basicamente indica que não há infecção. neste momento crítico, examine-se todas as manhãs num ambiente com ar limpo e siga os conselhos sérios dos médicos japoneses que tratam os casos de covid-19: todos devem garantir que sua boca e garganta estejam úmidas e nunca secas.tome alguns goles de água a cada 15 minutos, pelo menos. por quê? mesmo que o vírus entre na sua boca, a água potável ou outros líquidos os lavarão pela garganta e pelo estômago. uma vez lá, o ácido do estômago matará todo o vírus. se você não beber água suficiente com mais regularidade, o vírus pode entrar na traquéia e entrar nos pulmões. isso é muito perigoso. importante: 1. se você tem corrimento nasal e escarro, tem resfriado comum 2. a pneumonia por coronavírus é uma tosse seca, sem coriza. 3. este novo vírus não é resistente ao calor e será morto a uma temperatura de apenas 26/27 graus. odeia o sol. 4. se alguém espirrar com ele, leva cerca de três metros para cair no chão e não está mais no ar. 5. se ele cair em uma superfície de metal, ele permanecerá por pelo menos 12 horas – portanto, se você entrar em contato com qualquer superfície de metal – lave as mãos o mais rápido possível com sabão bacteriano. 6. no tecido, ele pode sobreviver por 6 a 12 horas. detergente para a roupa normal irá matá-lo. 7. beber água morna é eficaz para todos os vírus. tente não beber líquidos com gelo. 8. lave as mãos com freqüência, pois o vírus só pode sobreviver por 5 a 10 minutos, mas – muita coisa pode acontecer durante esse período – você pode esfregar os olhos, enfiar o nariz inconscientemente e assim por diante. 9. você também deve gargarejar como prevenção. uma solução simples de sal em água morna será suficiente. 10. não é possível enfatizar o suficiente – beba bastante água! os sintomas: 1. ele primeiro infecta a garganta, então você terá uma dor de garganta com duração de 3/4 dias 2. o vírus então se mistura a um líquido nasal que entra na traquéia e depois nos pulmões, causando pneumonia. isso leva cerca de 5/6 dias a mais. 3. com a pneumonia vem febre alta e dificuldade em respirar. 4. a congestão nasal não é do tipo normal. você sente que está se afogando. é imperativo que você procure atenção imediata. (compartilhe com a família e os amigos)",1,Diretoria do hospital de Stanford divulga mensagem sobre o novo coronavírus #boato
35786,Fosfoetanolamina é a cura do câncer e está disponível para quem entrar na Justiça #boato,Saúde,Edgard Matsuki,19/04/2023,https://www.boatos.org/saude/fosfoetanolamina-e-a-cura-do-cancer-e-esta-disponivel-para-quem-entrar-na-justica-boato.html,"a cura contra o câncer ao alcance de todos essa é uma doença que assombra milhões de pessoas no mundo inteiro. hospitais, médicos e laboratórios ganham milhões anualmente vendendo esperança de vida para os portadores, e nem sempre a cura é alcançada,e dizem por aí que essa doença não tem cura certo? errado, um pesquisador da usp de são carlos(dr. gilberto orivaldo chierice), descobriu uma substância que resolve o problema e sem deixar sequelas, sem enfraquecer o sistema imunológico, sem cair os cabelos, sem mutilar as pessoas. teste foram feitos em mais de 800 pessoas portadoras da doença nos mais vários estágios, até mesmo aqueles nas chamadas fases terminais, e todos obtiveram excelentes resultados. quando a notícia começou a se espalhar a usp de são carlos suspendeu a fabricação e o pesquisador foi parar na cadeia; porque será? será que é pelo fato de que o medicamento tem um custo baixíssimo? também pudera né, esses pesquisador com um único medicamento estará desmantelando toda uma industria multinacional que ganha milhões com a desgraça alheia. estamos falando da fosfoetanolamina sintética, uma substância que marca as células cancerígenas no organismo fazendo com que as células saudáveis façam o restante do trabalho atacando e eliminado as células naturalmente, sem deixar sequelas, sem causar maiores transtornos aos pacientes, trazendo sobrevida e a cura. pois é que boa notícia não é mesmo. para conseguir a liminar do tratamento junto a usp de são carlos é necessário entrar com uma ação judicial conforme explicado pelo pesquisador da usp. a liminar para o tratamento com a fosfoetanolamina sintética rapidamente, afinal trata-se de um problema de saúde de extrema urgência e o judiciário sabe disso, e a partir daí o tratamento do passa a ser feito pela própria universidade.",1,Fosfoetanolamina é a cura do câncer e está disponível para quem entrar na Justiça #boato
35832,"Grupo Unimed alerta que variante Delta da Covid-19 tem outros sintomas, foge dos testes e é mais mortal #boato",Saúde,Edgard Matsuki,16/06/2023,https://www.boatos.org/saude/grupo-unimed-alerta-variante-delta-da-covid-19-tem-outros-sintomas-foge-dos-testes-mais-mortal.html,"se cuidem! *grupo unimed alerta* covid variante delta: não há tosse, nem febre mas articulações muito doloridas, dor de cabeça, dor no pescoço e na parte superior das costas, fraqueza geral, perda de apetite e pneumonia. mais virulento e com maior taxa de mortalidade, com evidência mais rápida para chegar a extremos. às vezes sem sintomas!afeta diretamente os pulmões, o que significa que nas ‘janelas’, os períodos de tempo são mais curtos. muitos pacientes não tem febre nem dor, mas que relatam pneumonia torácica leve em suas radiografias. os testes de esfregaço nasal muitas vezes são negativos para covid-19, e há cada vez mais resultados falsos negativos em testes de nasofaringe. isso significa que o vírus se espalha e se espalha diretamente para os pulmões, causando estresse respiratório agudo causado pela pneumonia viral. por isso, sejamos mais cuidadosos, evitando aglomerações, mantendo 1,5 m de distância mesmo em locais abertos, usando máscara facial, usando álcool 70% e lavando as mãos com frequência (e quando tossimos ou espirramos). peço que reforcem com suas equipes o uso da máscara e distanciamento social. não guarde essas informações para você, compartilhe! grupo unimed",1,"Grupo Unimed alerta que variante Delta da Covid-19 tem outros sintomas, foge dos testes e é mais mortal #boato"
36390,Laboratório Lavoisier realiza exames que custam entre R$ 4 a R$ 38 #boato,Saúde,Edgard Matsuki,27/03/2019,https://www.boatos.org/saude/laboratorio-lavoisier-exames-r-4.html,"divulguem! comunicado importante para as pessoas que não possuem planos de saúde. parabéns ao grupo lavoisier !! o lavoisier popular é um programa criado pela diagnósticos da américa para facilitar o acesso de todas as pessoas ao que existe de mais moderno em medicina diagnóstica. [ ]alguns exemplos de preços do lavoisier popular: – hemograma completo: r$ 8,00 – glicemia: r$ 4,00 – colesterol total frações: r$ 35,00 – urina tipo i: r$ 9,00 – parasitologia: r$ 11,00 – teste de gravidez – beta hcg: r$ 25,00 – tsh: r$ 28,00 – raio x (1 ou 2 incidências): r$ 30,00 – ultrassom ginecológico: r$ 29,50 – ultrassom obstétrico: r$ 38,00 – papanicolau: r$ 17,00você que mora próximo as unidades lavoisier relacionadas abaixo e não possui convênio médico, já pode ter a garantia de suprir as necessidades de saúde de sua família, fazendo exames por um preço acessível, sem longos prazos de espera; além de contar com a reconhecida qualidade de nossos serviços..para maiores informações ligue para a unidade mais próxima da sua residência unidades lavoisier popular – angélica ii av. angélica, 2229 (11) 3017 8233 – cambuci av. lins de vasconcelos, 169 (11) 3207 2724 – carrão av. conselheiro carrão, 1865 (11) 6197 0355 / 6197 7684 – carrefour itaquera av. nova jacu pêssego, 1200 (11) 6523 3033 – guarulhos i r. [ ]mesmo que vc não precise, repasse, pois muita gente depende do sus para seus exames, demorando meses para o atendimento",1,Laboratório Lavoisier realiza exames que custam entre R$ 4 a R$ 38 #boato
36175,"Mesmo com pandemia, julho de 2020 teve menos mortes do que julho de 2019 #boato",Saúde,Edgard Matsuki,14/08/2020,https://www.boatos.org/saude/mesmo-pandemia-julho-2020-menos-mortes-julho-2019.html,"óbitos no brasil: julho de 2019 – sem pandemia – 119.390 – julho 2020 113.475, mais mortes em 2019 do que em 2020 com a pandemia não existe a menor condição de ter morrido 100 mil pessoas no brasil pela covid-19. a menos que tenham encontrado a cura para as demais doenças faça sua própria pesquisa e tire suas conclusöes. óbitos abril/19 – 103.659 óbitos abril/20 – 112.372 óbitos maio/19 – 110.825 óbitos maio/20 – 129.371 óbitos junho/19 – 103.408 óbitos junho/20 – 128.758 óbitos julho/19 – 119.541 óbitos julho/20 – 120.835 a doença existe e é lamentável, porém a histeria é fabricada e tem método! fonte: portal da transparência/ registro civil",1,"Mesmo com pandemia, julho de 2020 teve menos mortes do que julho de 2019 #boato"
35837,"OMS escolhe Brasil, Japão e Holanda como melhores países no combate à pandemia da Covid-19 #boato",Saúde,Carol Lira,27/09/2022,https://www.boatos.org/saude/oms-brasil-japao-holanda-melhores-paises.html,"os três paises que melhor manejaram a pandemia no mundo foram *japão* na asia, *holanda* na europa e *brasil* nas americas. e agora esquerdopatas, o que vocês irão dizer em casa??? dados da organizaçã mundial de saude *(oms)* .",1,"OMS escolhe Brasil, Japão e Holanda como melhores países no combate à pandemia da Covid-19 #boato"
36207,"PF encontra dinheiro escondido no forro do teto da casa do secretário de Saúde da Paraíba (Pará), mostra vídeo #boato",Saúde,Edgard Matsuki,18/06/2020,https://www.boatos.org/saude/pf-encontra-dinheiro-escondido-forro-teto-casa-secretario-saude-paraiba-para-video.html,casa do secretário de saúde da paraíba operação da polícia federal na casa do secretário estadual da saúde na paraíba. veja os impactos do corona vírus. assim vai durar 2 anos essa pandemia. casa do secretário de saúde pública da paraíba. pessoas perdendo a vida esses vagabundos roubando a saúde. mais a culpa das vidas perdidas é do presidente. povo imbecil.casa do secretário de saúde do pará a pf no rastro do dinheiro do vírus chinês. nosso dinheiro sendo desviado pelas quadrilhas disfarçadas de políticos. covidão no pará! pf na casa do secretário da saúde do pará! se continuar procurando vai encontrar muito mais!,1,"PF encontra dinheiro escondido no forro do teto da casa do secretário de Saúde da Paraíba (Pará), mostra vídeo #boato"
36334,Plástico bolha pode transmitir coronavírus porque o ar vem da China #boato,Saúde,Edgard Matsuki,18/03/2020,https://www.boatos.org/saude/plastico-bolha-coronavirus-ar-vem-china.html,"*conselho de amigo* antes de estourar plástico bolha, lembre-se que o ar vem da china. antes de estourar plástico bolha, lembre-se que o ar vem da china. pode importar o “coronavirus”.",1,Plástico bolha pode transmitir coronavírus porque o ar vem da China #boato
36046,Proxalutamida foi comprovada cientificamente como a cura da Covid-19 #boato,Saúde,Edgard Matsuki,23/03/2021,https://www.boatos.org/saude/proxalutamida-comprovada-cientificamente-como-cura-covid-19.html,"*proxalutamida* “covid-19: um dia glorioso para a ciência brasileira. dr cadegiani encontra a cura pra pacientes graves; 92% de redução nas mortes.” ontem(12/03/2021) foi um dia glorioso para a ciência nacional. foi divulgado o resultado de um estudo brasileiro muito aguardado na comunidade médica. representa virtualmente a cura da covid-19. já pode ser considerado como a “bala de prata” em pacientes com a doença avançada, com comprometimento nos pulmões.” guardem esse nome: proxalutamina. droga da cura do covid. e o melhor, estudo desenvolvido por especialistas brasileiros.ao que tudo indica a cura da covid parece ter sido descoberta. e a notícia fica ainda melhor quando sabemos que o estudo está sendo realizado no brasil. o médico brasileiro flávio cadegiani e o médico americano andy goren lideram o estudo que está sendo realizado no brasil com o medicamento proxalutamida que apresentou resultados impressionantes inclusive quando testado em pacientes acometidos pela variante p1. vcs viram sobre o estudo brasileiro padrão *ouro* com *proxalutamina* conduzida por médico pesquisado da unifesp? reduz em mais de 90% a mortalidade mesmo em tratamentos tardios‼️‼️‼️",1,Proxalutamida foi comprovada cientificamente como a cura da Covid-19 #boato
36298,Vanguard já fabricava vacina para Covid-19 (coronavírus) e isso prova armação dos chineses #boato,Saúde,Kyene Becker,20/03/2020,https://www.boatos.org/saude/vanguard-vacina-covid-19-coronavirus-armacao.html,"“o que nós temos que prestar atenção, é no que a gente acredita. no que você acredita? em tudo o que você vê na tv? em tudo o que você ouve no rádio? muito cuidado, hein? em tudo que você compartilha na internet. olha aqui, eu tô com um cartão de vacina do meu cachorro, já fechei o ciclo aqui, nós demos a raiva aqui, o próximo vai ser em 2021, enfim. mas não é isso o que eu quero mostrar não. o que eu quero mostrar é esse aqui, ó. vou aproximar aqui para você ver. essa vacina, da marca vanguard, muito utilizada pelos veterinários. você, certamente, deve ter dado aí no seu gato, no seu cãozinho, enfim. você leu aí o que ela combate? tá vendo aqui? coronavírus. esse vírus não é novo, gente. olha aqui, tá vendo aí? vamos dar um zoom aqui para você ver direitinho. tá lendo aí? coronavírus. então, agora dá para ver direitinho. muito cuidado com o que a gente anda compartilhando. esse vírus não é novo. essa estratégia, desses malucos desses orientais, infelizmente, eles conseguiram mobilizar e causar esse desespero mundial. em troca de quê? de aumentar a economia deles, mais uma vez, causando terror e desespero na população mundial. nós, brasileiros, somos fortes e não vamos cair nessa pilha não. esse vírus aqui, ó. ou seja, até meus cães estão imunes a esse vírus. é um vírus que ele apresenta mais nos mamíferos, não é? aí, segundo informações que a gente viu aí na tv, que vem do rato, de cobras, ou seja, mamífero. ou seja, meu cachorro tá mais imunizado do que eu? eles vêm falar agora que estão fabricando essa vacina? ah, gente, me poupe. esse vírus é antigo. isso aí é mais uma mais uma estratégia de poder, porque os chineses querem dominar o mundo. muito cuidado com o que você acredita aí na tv, o que você vê na internet, o que você ouve no rádio, tá bom?”.",1,Vanguard já fabricava vacina para Covid-19 (coronavírus) e isso prova armação dos chineses #boato
35864,Varíola dos macacos foi causada pela vacina contra Covid-19 #boato,Saúde,Kyene Becker,27/05/2022,https://www.boatos.org/saude/variola-dos-macacos-foi-causada-pela-vacina-contra-covid-19.html,"“- embolia, trombose, encefalite, epilepsia(fonte: propria pfizer) – mal súbitos – infarto em crianças saudáveis – varíola do macaco – hanseníase resultante de genética covid(fonte: aad org) tudo isso após uma “vacina” feita as pressas. experimento? guerra biológica??”.“a variola do macaco é efeito colateral da vacina contra a covid. alguém tem dúvida? aguardem as outras pragas surgirem. os filhos da puta pelo terror vacinaram praticamente toda a população mundial”. “herpes zoster (reativação do vírus da varicela) é mencionado como efeito adverso da [vacina] da covid. nada melhor para disfarçar do que chamar de varíola do macaco e dizer que é outra doença, além de gerar $ com nova vacina ainda gera restrições, que esses pnc adoraram implementar”.“será mesmo um vírus dos macacos ou reações das ‘vacinas’ covid manifestando varicela – zoster? tire suas conclusões com as afirmações do dr. robert malone. vacinação: a fda, sabia o tempo todo que as ‘vacinas’ covid causam replicação viral de doenças como a varicela – zoster vírus (zona), diz o dr. robert malone”.",1,Varíola dos macacos foi causada pela vacina contra Covid-19 #boato
35953,Vírus Marburg chegou ao Brasil e tem caso confirmado em Campo Grande (MS) #boato,Saúde,Edgard Matsuki,07/10/2021,https://www.boatos.org/saude/virus-marburg-chegou-brasil-tem-caso-confirmado-campo-grande-ms.html,"virus mortal marburg deve obrigar brasileiros a se isolarem campo grande, no mato grosso do sul confirmou, na manha no dia 3 de outubro um caso de infeccao pelo virus marburg, emitindo um alerta maximo.vírus mortal da febre marburg já está no brasil e pode gerar centenas de mortes o brasil ainda não completou a imunização nacional de seus moradores contra a covid-19, e já se preocupa quanto um possível surto de um novo vírus mortal que já circula pelo país. a prefeitura de campo grande, no mato grosso do sul confirmou, na manhã no dia 3 de outubro um caso de infecção pelo vírus marburg, emitindo um alerta máximo para os agentes de saúde da cidade, pois o vírus é raro no brasil e mortal para quem acaba infectado.",1,Vírus Marburg chegou ao Brasil e tem caso confirmado em Campo Grande (MS) #boato
37089,Anatel está dando 7 GB de internet em conscientização ao novo coronavírus #boato,Tecnologia,Edgard Matsuki,24/03/2020,https://www.boatos.org/tecnologia/anatel-esta-dando-7-gb-internet-conscientizacao-novo-coronavirus.html,"*anatel* em conscientização contra o *_corona vírus_*, esta dando *gratuitamente 7gb de internet* *receber internet:* [site]20 gb de dados da internet sem qualquer recarga obtenha 20 gb de dados gratuitos da internet em qualquer rede móvel por 60 dias. ganhe agora!!! [site]",1,Anatel está dando 7 GB de internet em conscientização ao novo coronavírus #boato
37077,Ligação do número 136 ou 0136 é um golpe que clona o WhatsApp e rouba dados do celular #boato,Tecnologia,Edgard Matsuki,04/10/2020,https://www.boatos.org/tecnologia/ligacao-numero-136-0136-golpe-clona-whatsapp-rouba-dados-celular.html,"não atendam esse número 136, serve pra clonar seu whatsapp.. ligaram pra mim!! cuidado!!!! estão tentando clonar o seu whatsapp. cuidado com hackers querendo roubar ontem número 0136 hoje 136 com falsas pesquisas ministério da saúde atenção galera!!!hoje recebi uma ligação vinda do número 136. achei estranho e recusei atender. ligaram novamente poucos segundos depois. eu atendi e era uma mensagem automática, me perguntando se eu gostaria de responder a um questionário do ministério da saúde, em seguida apareceu as opções sim e não. como sou desconfiado, resolvi desligar sem responder nada. agora a noitinha, uma amiga me informou ter recebido a mesma chamada e teve o whatsapp clonado. tenham cuidado!!!!!!!!",1,Ligação do número 136 ou 0136 é um golpe que clona o WhatsApp e rouba dados do celular #boato
36837,WhatsApp Gold e vídeo Martinelli são vírus que vão estragar o seu celular #boato,Tecnologia,Edgard Matsuki,30/06/2023,https://www.boatos.org/tecnologia/whatsapp-gold-e-video-martinelli-sao-virus-que-vao-estragar-o-seu-celular-boato.html,"hoje a goblo estava falando sobre o whatsapp gold e é verdade. existe um vídeo que será lançado amanhã no whatsapp e se chama martinelli. não abra. vai para o seu telefone e nada do que você fizer vai consertar. avisem os seus contatos, amigos e colegas!! se você receber uma mensagem para atualizar o whatsapp gold * não abra! eles acabaram de anunciar que o vírus é sério. envie para todos.",1,WhatsApp Gold e vídeo Martinelli são vírus que vão estragar o seu celular #boato
37242,Não atualize para o WhatsApp Gold e não veja o vídeo Martinelli; são vírus #boato,Tecnologia,Edgard Matsuki,28/11/2020,https://www.boatos.org/tecnologia/whatsapp-gold-video-martinelli-virus.html,"hoje o rádio estava falando sobre o whatsapp gold e é verdade. há um vídeo que será lançado amanhã no whatsapp e é chamado martinelli. não abra a mensagem “digite seu telefone”, destrói tudo e nada que você fizer irá consertá-lo. espalhe a mensagem se você conhece alguém. se você receber uma mensagem para atualizar o wattsapp gold não abra! eles acabaram de anunciar que o vírus é sério. espalhe, por favor.",1,Não atualize para o WhatsApp Gold e não veja o vídeo Martinelli; são vírus #boato
52695,Tipo de benefício só pode ser fornecido após avaliação de perito médico,,Por Ana Carolina Montoro,30/06/2023 | 17h14,https://www.estadao.com.br/estadao-verifica/diabete-hernia-disco-aposentadoria-invalidez/,vídeo engana ao listar doenças que dariam direito automático à aposentadoria por invalidez,1,"O que estão compartilhando: que o Instituto Nacional de Segurança Social (INSS) irá conceder aposentadorias por invalidez para pessoas com diabetes, depressão e hérnia de disco."
