url,source_name,publication_date,rating,n_vereditos,chaves_canonicas,rotulos,misto,rotulo_consolidado,excluido_do_banco_de_estimulos,motivo_da_exclusao,titulo,texto,idioma,origem,semente
https://piaui.folha.uol.com.br/lupa/2020/07/06/verificamos-ivermectina-natal/,lupa,2020-07-06,['FALSO'],1,falso,falso,False,falso,False,,#Verificamos: Não há estudo que comprove que ivermectina fez cair número de infectados em Natal,"Circula nas redes sociais que estudos comprovam que o uso da ivermectina está relacionado à diminuição do número de infectados por Covid-19 no município de Natal (RN).  Por meio do projeto de verificação de notícias, usuários do Facebook solicitaram que esse material fosse analisado. Confira a seguir o trabalho de verificação da Lupa:

“Estudos mostram que uso da Ivermectina fez cair números de infectados por COVID-19 [em Natal, RN]”
Título de texto publicado no site Terra Brasil Notícias (sem ligação com o portal Terra) que, até as 20h do dia 6 de julho de 2020, tinha sido compartilhado por mais de 700 pessoas no Facebook


A informação analisada pela Lupa é falsa. Não há nenhum estudo que relacione a diminuição de infectados por Covid-19 em Natal (RN), ou em qualquer município do Brasil, com o uso da ivermectina como forma de tratamento. Estudo publicado na Antiviral Research, mostrou que o medicamento foi capaz de inibir a replicação do SARS-CoV-2 in vitro. Contudo, ainda não há comprovação de que o fármaco tenha o mesmo efeito no corpo humano.
O conteúdo publicado pelo site Terra Brasil Notícias é uma reportagem copiada do site da Rádio 98 FM, de Natal, cujo título foi alterado. No texto, o médico infectologista Fernando Suassuna, que é presidente de um Comitê Científico de Combate à Covid-19 criado pela Prefeitura de Natal, atribui à ivermectina a redução na procura de leitos nas UTIs da cidade. Contudo, ele diz também que isso não é um “dado científico” e que “não tem como comprovar” a relação.
Segundo dados do Ministério da Saúde, a capital potiguar registrou uma média de 284 novos casos de Covid-19 nos últimos sete dias, considerando dados de 6 de julho. Em junho, essa média chegou a atingir 450 por dia. Pesquisa da Universidade Federal do Rio Grande do Norte (UFRN), publicada no dia 29 de junho, mostrou que as buscas por atendimentos nas UPAs em todo o estado diminuíram a partir de 21 junho, o que pode refletir na diminuição das internações. O estudo, contudo, não cita o uso da ivermectina como motivador deste processo.",pt-BR,factcenter_subset_saude.csv,42
https://www.aosfatos.org/noticias/aluna-foi-expulsa-de-sala-por-uso-de-celular-e-nao-por-apoiar-bolsonaro/,aos fatos,2018-08-20,['falso'],1,falso,falso,False,falso,False,,"Aluna foi expulsa de sala por uso de celular, e não por apoiar Bolsonaro","Até o dia 16 de agosto, este vídeo havia sido compartilhado por 34 páginas que reúnem apoiadores do candidato do PSL. Ao todo, a partir de abril, já recebeu 25,3 mil interações no Facebook.
Hoje, o vídeo pode ser encontrado em post da página Robin Arruda, que publica com frequência conteúdos em apoio a Bolsonaro, e já acumula mais de 12 mil visualizações. Esta postagem foi marcada como FALSA na ferramenta de verificação do Facebook (entenda como funciona).

Mais uma vez alunos sendo humilhados por professores. Foi expulsa por tá usando uma camisa do Bolsonaro.
Páginas de apoio a Jair Bolsonaro publicaram um vídeo que mostra, supostamente, uma jovem sendo expulsa da sala de aula por seu professor por usar uma camiseta do candidato do PSL. A informação não é verdadeira.
O texto que introduz a postagem da página Robin Arruda afirma que ""mais uma vez, alunos sendo humilhados por professores. Foi expulsa por tá (sic) usando uma camisa do Bolsonaro"". Na realidade, o vídeo não tem qualquer relação com a campanha presidencial ou com Bolsonaro.
O vídeo em questão foi gravado no dia 23 de fevereiro de 2015, na Escola Estadual de Ensino Médio Dr. Silva Mello, no bairro Parque da Areia Preta, em Guarapari (ES). O professor, exaltado, pediu que a estudante tirasse ""essa merda daqui"". No mesmo dia, o vídeo foi compartilhado na página do Facebook “ES em Foco” e tornou-se um viral no WhatsApp. Em entrevista ao jornal Gazeta Online, à época, a aluna e o professor confirmaram que a confusão foi motivada pelo uso do celular.
O caso rendeu a cobertura jornalística de alguns veículos, como Gazeta Online e G1. A versão recentemente viralizada utilizou 37 segundos de uma matéria de um telejornal do Espírito Santo, que contava a história, mas suprimiu a explicação do celular.
Até o dia 16 de agosto, editado e com a justificativa falsa, o vídeo havia sido compartilhado por 34 páginas que reúnem apoiadores do presidenciável. Ao todo, a partir de abril, já recebeu recebeu 25,3 mil interações, segundo a contagem pública do Facebook. Nesta segunda-feira (20), Aos Fatos identificou o mesmo conteúdo replicado pela página Robin Arruda, onde, desde 27 de abril, já acumula mais de 12 mil visualizações.
Aos Fatos é parceiro institucional do Comprova. Por meio dessa parceria, reproduz gratuitamente o conteúdo gerado pelo consórcio e presta consultoria sem contrapartida sobre tecnologia em checagem de fatos. A iniciativa é uma coalizão de 24 veículos de imprensa cujo objetivo é combater a desinformação durante as eleições presidenciais.",pt-BR,factcenter_subset_saude.csv,42
https://www.boatos.org/politica/temer-revoga-decreto-advogado-doutor.html,boatos,2017-10-09,['boato'],1,boato,falso,False,falso,False,,Temer revoga decreto imperial que dizia que advogado é doutor #boato,"O brasileiro ainda carrega alguns hábitos de outras gerações que denotam a desigualdade por aqui. Um deles é tratar algumas profissões como “nobres” em detrimento de outras. Um exemplo são as profissões que têm “a graça” de serem denominadas como de “doutores”.Dentre as profissões mais populares, médicos, dentistas, advogados e delegados de polícia carregam a alcunha mesmo sem sabermos quem tem ou quem não tem doutorado (o que, de acordo com o dicionário, seria o certo).Porém, uma notícia que circula na internet aponta que isto pode mudar depois de uma decisão do presidente Michel Temer. De acordo com o texto, que circulou em blogs, Facebook e WhatsApp, o presidente revogou o decreto dos tempos do império que “garantia” aos advogados o direito de serem chamados de doutores. Leia trechos do texto que circula online:Temer revogou decreto imperial que dizia que advogado é doutor?A história circulou com força em redes sociais e deixou muita gente em dúvida se a história é real ou não. Como você pode imaginar, a história não é real. Vamos aos fatos.O primeiro ponto foi tentar procurar pelo tal decreto que “dá” o direito de advogados de serem chamados de doutores. De fato, em 11 de agosto de 1827, Dom Pedro criou um decreto que regulamentava cursos de ciências jurídicas e sociais em São Paulo. No artigo 9º, há seguinte:Art. 9.º – Os que freqüentarem os cinco annos de qualquer dos Cursos, com approvação, conseguirão o gráo de Bachareis formados. Haverá tambem o grão de Doutor, que será conferido áquelles que se habilitarem com os requisitos que se especificarem nos Estatutos, que devem formar-se, e sò os que o obtiverem, poderão ser escolhidos para Lentes.Por causa deste artigo do decreto há uma polêmica. Alguns acreditam que advogados e médicos devem ser chamados de doutores por causa que fizeram provas específicas para obter a habilitação para trabalhar (mesmo o decreto sendo de um período anterior a, por exemplo, o exame da OAB). Outros interpretam o artigo de outro forma. Nomenclaturas à parte, o fato é que Michel Temer não revogou o tal decreto. Ao procurar pelo Diário Oficial, não achamos nenhuma remoção de decreto dos tempos de império (nem mesmo o tal repórter citado na notícia existe).Ao procurar pela notícia, encontramos apenas alguns blogs que publicaram. Entre eles, o Não Entendo Direito (um site de humor com notícias sobre direito). Detalhe: a notícia estava publicada na categoria “Embuste” do site. Obviamente, este detalhe acabou (intencionalmente ou não) sendo omitido por quem copiou a notícia.Resumindo: o decreto imperial que chama formados em ciências jurídicas e sociais de doutor não foi revogado por Michel Temer. Sobre se é certo ou não é certo chamar advogados, dentistas, médicos e delegados de doutor, você decide e chama da forma que achar melhor.Ps.: Esse artigo é uma sugestão de leitores do Boatos.org. Se você quiser sugerir um tema ao Boatos.org, entre em contato com a gente pelo site, Facebook ou WhatsApp no telefone (61) 994325485.Jornalista e caçador de falcatruas na internet",pt-BR,factcenter_subset_saude.csv,42
https://www.boatos.org/religiao/hello-kitty-e-diabo-lenda-fala-de-pacto-de-personagem-com-demonio.html,boatos,2014-04-15,['boato'],1,boato,falso,False,falso,False,,Hello Kitty é do diabo e tem pacto com demônio #boato,"Hello Kitty é, provavelmente, a gatinha mais popular do mundo. Sua marca está estampada em materiais escolares, artigos de cama, mesa, banho, em objetos de decoração e até virou griffe. Mas como explicar todo esse sucesso? Uma história, que circula na internet desde 2005, diz que tudo veio de um pacto com o demônio! Isso mesmo!De acordo com uma das versões do texto, a mãe de uma menina que estava com câncer na boca em fase terminal fez um pacto com o diabo para que a filha fosse curada. A promessa seria criar uma marca que afetaria todo o mundo. Assim nasceu Hello Kitty (que significa olá demônio). Leia o que diz a mensagem:“Havia uma menina de cerca de 14 anos que estava em fase terminal de câncer de boca. Os médicos ja haviam tirado todas as esperanças da familia em relação a cura da garotinha.A mãe da menina, desesperada, tomou uma decisão insana. Fez um pacto com o Demônio: consagrou a menina ao Demônio para que ele a curasse e como promessa, criaria uma marca q afetaria todo o mundo ( no caso a Hello Kitty). Posteriormente o Demônio curou a garotinha, e a mãe cumpriu o q havia prometido: criou a Hello Kitty. A palavra Hello, em inglês quer dizer olá, e a palavra Kitty, de origem chinesa e quer dizer Demônio.Logo, Hello Kitty quer dizer: Olá Demônio. Vcs pode perceber q a Hello Kitty não tem boca, devido ao caso da garotinha ter o câncer de boca. A Hello Kitty é um simbolo da Nova Era. A Nova Era é uma seita q vai contra todos os princípios de Deus. Ela busca criar simbolos “bonitinhos” para agradar a todos.”É claro que tudo não passa de um boato. A história está muito mal explicada, não diz quem é a garota com câncer ou quem é essa mãe desesperada, não cita hospitais ou clínicas e nem a cidade onde tudo aconteceu.Na realidade, a Hello Kitty foi criada em 1974 e é resultado do trabalho de três desenhistas da Sanrio, empresa sediada em Tóquio, no Japão. Portanto, não tem nada a ver com pactos ou seitas demoníacas. A gatinha também não apresenta nada em comum com os símbolos que representam a Nova Era. Veja por você mesmo quais seriam esses símbolos. E tem mais. Hello Kitty não quer dizer “Olá, Demônio”. Existem duas palavras em chinês que significam demônio: “wu gui” (mal + diabo) e “wu mo” (mal + magia). A palavra Kitty significa “gatinho” ou “gato pequeno” em inglês. Na verdade, o nome da personagem é Kitty White (Gatinha Branca), Hello Kitty é apenas a chamada da marca. E sobre a ausência de boca no rosto da gatinha, a própria Sanrio explica que ela fala pelo coração e assim pode ser entendida por qualquer pessoa, além disso, isso permite à sua dona imaginar o estado de espírito da gata. Ou seja, é apenas o design da personagem. A Hello Kitty também não tem dedos, umbigo, pupila…Enfim, a história do sucesso da boneca vir de um pacto com o demônio não se fundamenta. A popularidade da Hello Kitty surgiu como o sucesso de qualquer outra marca.",pt-BR,factcenter_subset_saude.csv,42
https://www.boatos.org/saude/desinfetante-lysol-cura-novo-coronavirus-doenca-conhecida.html,boatos,2020-02-06,['boato'],1,boato,falso,False,falso,False,,Desinfetante Lysol cura o novo coronavírus e é a prova que a doença já era conhecida #boato,"Entra dia, sai dia e novas informações erradas sobre o novo coronavírus continuam circulando com força por aí. No caso de hoje, algo peculiar aconteceu. Uma mesma mensagem tem conseguido gerar duas desinformações completamente diferentes.Vídeo e fotos, principalmente em espanhol e em inglês, apontam que há anos o desinfetante Lysol (vendido nos Estados Unidos e outros países) já combatia o coronavírus. Isso gerou duas interpretações (ambas perigosíssimas).A primeira é que o desinfetante poderia curar a doença que já vitimou mais de 500 pessoas na China. A segunda (um pouco mais sofisticada) é que o fato da embalagem apontar que mata o coronavírus mostra que o vírus não é novo e levanta suspeitas sobre controle populacional, venda de vacinas e outras teorias da conspiração nível capacete de papel alumínio. Leia:Versão 1: Como que o corona_vírus era desconhecido sendo que nas embalagens de Lysol…. Já alertava sobre o vírus… Será que existe interesse de grandes laboratórios por trás disso??? E o Estados Unidos já descobriu a cura em 6 horas.. isso é no mínimo estranhoVersão 2: O LYSOL É VENDIDO LIVREMENTE NOS E.U.A MATA O CORONAVÍRUS QUE EXISTE DESDE DE 2000. Versão 3: Afinal I Coronavirus já existia? Porquê no frasco do lysol informa que Mata o germe do Coronavirus. Tô confusa agora. Versão 4: Lysol cura o coronavírusDesinfetante Lysol cura o novo coronavírus e é a prova que a doença já era conhecida?O que não faltou foi gente compartilhando a informação a torto e a direito por aí. Por isso mesmo que estamos aqui para desmentir as duas teses (tanto a mais tosca como a outra que exige mais explicação). Senta que lá vem explicação.Antes de tudo, vamos ao “geral” do texto. Como vocês puderam ver, as mensagens seguem aquele velho roteiro de notícias falsas que sempre insistem em circular online. São alarmistas, com erros de português e não citam fontes confiáveis. Para além disso, o que não tem faltado são notícias falsas sobre o novo coronavírus. Duvida? Confere uma lista aí:Cuidado com a desinformação em relação coronavírus (confira 7 fake news no vídeo:<span data-mce-type=""bookmark"" style=""display: inline-block; width: 0px; overflow: hidden; line-height: 0;"" class=""mce_SELRES_start"">﻿</span>Falando sobre as teses que “surgiram” após as publicações. Sobre a “cura” é mais óbvio. O que ocorreu foi uma interpretação errada do que está na embalagem. Quando o frasco do Lysol falava em matar o coronavírus se referia em matar “fora do corpo humano” (até porque ninguém vai tomar desinfetante para se curar).Dois pontos reforçam isso. O primeiro é que não há “cura” para o coronavírus. Assim como no caso de outros vírus (como a gripe), a recomendação para quem tem a doença é simplesmente tratar os sintomas. Também não existe, pelo menos por enquanto, vacina para a doença (cientistas estão correndo contra o tempo para criar uma). Ou seja: o Lysol não “cura” o coronavírus. Como “bom desinfetante” (assim como de outras marcas), ele mata o vírus.Sobre a segunda parte (de que o coronavírus da China seria um “vírus novo” e que até a marca de desinfetante sabia disso). Na realidade, a embalagem do produto não trata especificamente do “novo coronavírus” (vírus com a cepa nCoV-2019). O coronavírus, como aponta esse desmentido em espanhol, citados não são o “vírus chinês”.Aqui cabe uma explicação. Os “coronavírus” foram descobertos na década de 1960. Eles recebem esse nome por causa do formato do vírus (que se assemelha a uma coroa). Assim como no caso da Sars e da Mers (outros vírus que causaram mortes na Ásia há alguns anos), o novo coronavírus é uma variação dessa espécie.E, como aponta o site norte-americano de fact-checking Truth Or Fiction, o que a embalagem do Lysol apontava era que matava os “coronavírus” (ou seja, a forma genérica do vírus). Vale dizer que o Lysol apontou em seu site que é efetivo na desinfecção do novo coronavírus. Também vale dizer que lavar as mãos com água e sabão também tem efetividade na desinfecção.Resumindo: nem pense que a cura do novo coronavírus para quem já está doente é um desinfetante. Também tire da cabeça qualquer teoria de que “até o Lysol sabia” do vírus. O que rola na internet são interpretações erradas de um rótulo que está gerando muita fake news.Ps.: Esse artigo é uma sugestão de leitores do Boatos.org. Se você quiser sugerir um tema ao Boatos.org, entre em contato com a gente pelo site, Facebook e WhatsApp no telefone (61) 99177-9164. Clique nos links “bit.ly” para acessar nossos perfis:Jornalista e caçador de falcatruas na internet",pt-BR,factcenter_subset_saude.csv,42
https://piaui.folha.uol.com.br/lupa/2020/10/23/verificamos-pt-vacina-covid/,lupa,2020-10-23,['VERDADEIRO'],1,verdadeiro,verdadeiro,False,verdadeiro,False,,#Verificamos: PT apresentou projeto de lei para tornar vacinação contra Covid-19 obrigatória,"Circula nas redes sociais que a deputada Gleisi Hoffmann (PT-PR) apresentou um projeto de lei para tornar a vacinação contra a Covid-19 obrigatória. Por WhatsApp, leitores da Lupa sugeriram que esse conteúdo fosse analisado. Confira a seguir o trabalho de verificação da Lupa:

“PT apresenta projeto para obrigar vacinação”
Texto consta em imagem compartilhada pelo deputado federal Filipe Barros (PSL-PR)


A afirmação analisada pela Lupa é verdadeira. Os deputados federais Enio Verri (PT-PR) e Gleisi Hoffmann (PT-PR), que também é presidente nacional do partido, apresentaram na quarta-feira (21) o projeto de lei nº 4992/2020 para que a vacina contra a Covid-19 seja obrigatória e faça parte do calendário de vacinações do Programa Nacional de Imunizações do Ministério da Saúde. 
Segundo o documento, o “projeto tem como objetivo inserir a vacina contra a Covid-19, assim que aprovada pela Agência Nacional de Vigilância Sanitária (Anvisa), no Programa Nacional de Imunização com prioridade de fornecimento para os grupos de risco, para que a população brasileira seja vacinada e, assim, consigamos adquirir a imunidade necessária para o enfrentamento da pandemia e evitar mais mortes e contágios pelo vírus”. 
A lei 13.979, sancionada pelo presidente Jair Bolsonaro (sem partido) em 6 de fevereiro, diz que “as autoridades poderão adotar, no âmbito de suas competências (…) determinação de realização compulsória de vacinação e outras medidas profiláticas”.",pt-BR,factcenter_subset_saude.csv,42
https://projetocomprova.com.br/publica%C3%A7%C3%B5es/audio-de-medico-e-verdadeiro-mas-opiniao-sobre-origem-do-coronavirus-nao-tem-respaldo-cientifico/,COMPROVA,2020-05-05,['Comprovado'],1,comprovado,verdadeiro,False,verdadeiro,False,,"Áudio de médico é verdadeiro, mas opinião sobre origem do coronavírus não tem respaldo científico","O áudio foi realmente gravado por Roberto Zeballos
Áudio em circulação no WhatsApp traz afirmações duvidosas ditas pelo imunologista Roberto Zeballos e endereçadas a outro médico, Lucas Barbieri, sobre a origem do novo coronavírus. A conversa sobre as possibilidades de tratamento da covid-19 — doença causada pelo vírus — foi registrada na quarta-feira, 29 de abril, e viralizou pelo aplicativo. O Comprova confirmou a autenticidade do material com as duas fontes.
No início da gravação, Zeballos afirma que o novo coronavírus “veio de um laboratório ao lado de Wuhan” e que o governo da China estaria escondendo a informação. Segundo ele, uma pesquisadora chinesa estaria utilizando o vírus para estudos sobre inflamação pulmonar quando um “acidente” teria dado início à pandemia. As afirmações, no entanto, não apresentam respaldo científico.
Estudo publicado pelo periódico médico Nature Medicine, em 17 de março, concluiu que “claramente” o vírus SARS-CoV-2, que provoca a covid-19, “não é uma construção de laboratório ou um vírus propositalmente manipulado”. Segundo os pesquisadores, as características genéticas do novo coronavírus indicam que ele é fruto da seleção natural, ocorrida em um animal ou uma pessoa.
Em entrevista ao Comprova, Roberto Zeballos disse que o áudio é “opinião pessoal” e que a colocação é “irrelevante” porque não pode provar. Ele justifica o conteúdo pelas declarações recentes do virologista francês Luc Montaigner, vencedor do Prêmio Nobel de Medicina em 2008, e entende que é “muita coincidência” a localização do laboratório de Wuhan próxima ao epicentro da pandemia.
Por que checamos isto?
O Comprova recebeu diversos pedidos de leitores para verificação do áudio nos últimos dias, o que indica forte circulação do material no WhatsApp.
Chamou a atenção que o suposto autor do áudio era o médico Roberto Zeballos, cuja entrevista à Rede Record sobre tratamento de covid-19 com corticoides e antibióticos foi distorcida em boato que afirmava ter sido encontrada a “cura oficial” da doença ao longo do mês de abril.
Além disso, postagens falsas sobre a origem do novo coronavírus são comuns nas redes sociais, acompanhando embates entre líderes políticos mundiais e teorias infundadas de que a China teria “fabricado” o vírus por razões econômicas. Tais afirmações fragilizam a relação entre o Brasil e a China — principal parceiro comercial brasileiro. O Comprova já fez outras verificações sobre o mesmo assunto.
Comprovado, para o Projeto Comprova, faz referência a fatos verdadeiros, eventos confirmados, localização comprovada ou conteúdo original publicado sem edição. A etiqueta foi escolhida com base no último critério.
Enganoso, para o Comprova, é um conteúdo que confunde, com ou sem a intenção deliberada de causar dano.
Como verificamos?
O autor do áudio se apresenta como “doutor Zeballos”. A reportagem entrou em contato por telefone com o médico Roberto Zeballos, que havia sido fonte em verificação recente e confirmou a autoria. Ele também explicou o contexto da gravação, respondeu perguntas sobre o conteúdo e confirmou o nome do destinatário.
Com base no conteúdo do áudio, o Comprova pesquisou o nome do destinatário, Lucas Barbieri, no LinkedIn, e encontrou o perfil de um cirurgião cardiovascular com atuação em São Paulo. Ele foi contatado por e-mail e mensagens, bem como telefone da clínica, e confirmou o recebimento da mesma gravação na semana passada.
Por fim, o Comprova realizou a transcrição do áudio e verificou as afirmações com base em notícias, pesquisas e verificações feitas anteriormente acerca de boatos sobre a origem do novo coronavírus.
Do que se trata o áudio?
O autor do áudio que circula no WhatsApp é o médico Roberto Zeballos, que atua em consultório próprio, em São Paulo, e nos hospitais Vila Nova Star, Sírio-Libanês e Albert Einstein. Recentemente, Zeballos concedeu entrevista à Rede Record afirmando ter obtido resultados clínicos animadores com o tratamento de pacientes com covid-19. Uma cópia desse vídeo viralizou nas redes sociais e a ela foi agregada por um perfil no Facebook uma descrição falsa de que teria sido encontrada a “cura oficial” para a doença, boato que o Comprova desmentiu em abril.
De acordo com relato de Zeballos, confirmado pelo Comprova com o interlocutor da conversa, o áudio em circulação foi encaminhado ao cirurgião cardiologista Lucas Barbieri por intermédio de um paciente em comum, no dia 29 de abril. Barbieri atua nas instituições Beneficência Portuguesa de São Paulo, HCOR, Hospital Alemão Oswaldo Cruz e Hospital Santa Catarina (ACSC).
Zeballos afirma que a intenção era compartilhar com o colega experiências que estariam dando certo no tratamento de seus pacientes, enquanto aguarda a finalização de estudo, o que deve ocorrer apenas em junho. Segundo ele, a ideia era “ver se eles incluem o protocolo que a gente está fazendo”. Barbieri disse que contatos do tipo entre profissionais da saúde são comuns nessa pandemia, principalmente pelo fato de que a covid-19 é um desafio novo e os casos aumentam a cada dia. Ele não atua, porém, diretamente no atendimento a pacientes com a doença.
Conteúdo enganoso
Antes da descrição do tratamento que defende, Zeballos faz afirmações duvidosas no áudio sobre a origem do novo coronavírus. “Esse vírus veio lá da China, de um laboratório ao lado de Wuhan, onde tem uma chinesinha que pesquisava inflamação pulmonar com o vírus. O coronavírus era um vírus bom, porque ele infectava os animais, e ela estudava”, diz o médico. “Esse laboratório está a 200 metros de Wuhan, então houve um acidente […] Houve um acidente, saiu e espalhou.”
No entanto, não há respaldo científico de que o novo coronavírus seja artificial ou tenha sido fabricado. Pelo contrário: estudo publicado pelo conceituado periódico médico Nature Medicine, em 17 de março, analisou o genoma do vírus que provoca a covid-19 (SARS-CoV-2) e concluiu que “claramente não é uma construção de laboratório ou um vírus propositadamente manipulado”. Segundo os pesquisadores, as características genéticas do vírus, o sétimo coronavírus a infectar seres humanos, indicam que ele é fruto de seleção natural, ocorrida em um animal ou em uma pessoa.
Em 19 de fevereiro, 27 cientistas publicaram uma declaração de apoio aos profissionais da China contra a covid-19 no periódico The Lancet. O texto afirma, entre outros tópicos, que o trabalho estava sendo “ameaçado por rumores e desinformação” sobre a origem da pandemia e que o grupo “condena fortemente teorias da conspiração sugerindo que a covid-19 não tem origem natural”. Além do estudo do Nature Medicine, foram citadas outras oito pesquisas com conclusões semelhantes.
A hipótese de “acidente” no Instituto de Virologia de Wuhan também foi negada pela virologista Shi Zhengli, que lidera pesquisas sobre diferentes tipos de coronavírus a partir de amostras coletadas de morcegos desde 2003, quando a Ásia foi afetada pela epidemia de SARS. Em entrevista à revista Scientific American, ela disse que o laboratório verificou as sequências genéticas dos vírus circulando na China e nenhuma delas coincidiu com a dos vírus com que sua equipe trabalhava.
Pesquisadores ouvidos pela Vox ainda rejeitam a teoria de acidente em laboratório ao afirmar que as probabilidades de contaminação no meio selvagem são muito maiores. O ecologista de doenças Peter Daszak cita estudo de 2018 na província de Yunnan, na China, em que descobriu que 2,7% da população próxima a cavernas havia desenvolvido anticorpos. “Se você extrapolar para a população presente em todo o Sudeste Asiático, são 1 milhão a 7 milhões de pessoas por ano sendo infectadas por vírus de morcegos.”
Outro argumento é que não existe evidência de que os cientistas de Wuhan estariam trabalhando com o novo coronavírus — o mais próximo que estes descobriram, segundo estudos publicados, foi o vírus RaTG13, que compartilha 96% do genoma com o SARS-CoV-2. Porém, os pesquisadores entrevistados pela Vox afirmam que uma diferença de 4% é “enorme em termos evolutivos”.
Zeballos também cita no áudio uma declaração recente do virologista francês Luc Montaigner de que o vírus teria sido criado em meio ao desenvolvimento de vacina contra o HIV no local, versão contestada por outros especialistas e pelo diretor da unidade de virologia e imunologia do Instituto Pasteur, da França, Olivier Schwartz. Argumenta ainda que o fato de o novo coronavírus ser transmitido “em qualquer clima” seria um indício de artificialidade — o Comprova não encontrou referências ou estudos que embasem essa teoria.
No áudio, o médico também afirma que teria recomendado tratamento ao cardiologista Roberto Kalil Filho, do Hospital Sírio-Libanês. “Conversei com o Kalil ontem, ele me autorizou a falar que fui que falei para ele tomar o metilprednisolona que salvou ele”. Procurado pela reportagem, Zeballos negou a prescrição, disse que apenas conversou com o médico por mensagens, e que o tratamento foi decidido pelos médicos que o atendiam. Sobre a eficácia do medicamento, diz que é sua “impressão” e que “aguarda estudos”. Em entrevista ao jornal Folha de S. Paulo, publicada em 10 de abril, Kalil Filho declarou ter sido tratado com cloroquina, antibióticos, corticoides e anticoagulantes e que “não dá para saber o que fez mais efeito ou se foi o conjunto”.
Outro ponto confuso do áudio é o trecho em que o Hospital Israelita Albert Einstein é citado. Zeballos diz o seguinte: “[…] quem tiver menos resistência não aguenta ficar muito tempo no tubo. As pessoas jovens aguentam. Tanto que, no Einstein, a gente entubou mais de 40 pessoas. No Vila Nova, os meus casos não precisaram ser entubados”. A instituição questionou o número de pacientes atendidos e o médico justificou que, ao falar “a gente”, fazia referência à classe médica.
A nota do Hospital Israelita Albert Einstein, divulgada em 4 de maio, afirma que o protocolo mencionado no áudio para tratamento de pacientes com covid-19 “não é o utilizado pela organização, pois todas as diretrizes adotadas pelo Einstein baseiam-se em evidências científicas e não na experiência isolada de um médico” e que “o profissional (Zeballos) não cuidou de número expressivo de pacientes no hospital conforme comenta em seu áudio.”
Contexto
Boatos sobre a origem do novo coronavírus na China são comuns nas redes sociais. Recentemente, o Comprova mostrou que o Nobel de Medicina Tasuku Honjo nunca disse que o coronavírus é artificial e esclareceu que reportagem de TV italiana sobre vírus criado em laboratório chinês não tem relação com a covid-19, por exemplo.
As notícias falsas também refletem críticas e acusações de líderes políticos, como o presidente dos Estados Unidos, Donald Trump. Em 1º de maio, questionado por jornalistas se estava vendo algo que o deixasse altamente confiante de que a origem do vírus seria o Instituto de Virologia de Wuhan, Trump respondeu: “Sim, eu tenho”, sem detalhar o comentário. O presidente norte-americano disse ainda que a Organização Mundial da Saúde (OMS) “deveria se envergonhar por agir como agência de relações públicas da China”.
A suspeita emergiu com a revelação de observações de diplomatas dos Estados Unidos em 2018. De acordo com a coluna do jornalista Josh Rogin, do jornal The Washington Post, diplomatas alertaram há dois anos sobre a precariedade dos níveis de segurança de pesquisas com coronavírus de morcego realizadas no Instituto de Virologia de Wuhan. Órgãos de inteligência, no entanto, afirmaram na sexta-feira (30) que concordam “com o amplo consenso científico de que o vírus da covid-19 não foi feito pelo homem ou geneticamente modificado”.
Em 18 de março, o deputado federal Eduardo Bolsonaro, filho 03 do presidente Jair, causou tensão entre o Brasil e a China ao culpar o país asiático pela pandemia. No Twitter, a embaixada da China rebateu as acusações e disse que Eduardo fazia acusações irresponsáveis.
Apesar de as evidências apontarem para origem natural do vírus, cientistas ainda estão pesquisando de que forma ele entrou em contato, pela primeira vez, com humanos. Relatórios de autoridades de saúde chinesas e da Organização Mundial da Saúde (OMS) trabalhavam com a hipótese de que a doença se alastrou a partir de um mercado de frutos do mar da cidade de Wuhan. No entanto, estudo publicado no The Lancet em 24 de janeiro mostra que 13 dos 41 primeiros casos registrados não tinham relação com o mercado, enfraquecendo a tese. Especialistas ainda realizam pesquisas para descobrir se existiu algum hospedeiro intermediário.
Alcance
O Comprova recebeu de seus leitores diversas solicitações de verificação. O áudio tem sido compartilhado pelo WhatsApp e também foi encontrado em perfis no Twitter.",pt-BR,factcenter_subset_saude.csv,42
https://projetocomprova.com.br/publica%C3%A7%C3%B5es/dos-paises-com-mais-de-200-milhoes-de-habitantes-brasil-e-unico-com-sistema-universal-de-saude/,COMPROVA,2019-10-10,['Evidência comprovada'],1,evidencia comprovada,verdadeiro,False,verdadeiro,False,,"Dos países com mais de 200 milhões de habitantes, Brasil é único com sistema universal de saúde","SUS prevê o atendimento a toda a população gratuitamente. Entre os países com sistemas similares, nenhum tem população tão grande. O Comprova analisou individualmente os países com mais de 200 milhões de habitantes.
 Postagem publicada no Twitter pede a defesa do Sistema Único de Saúde (SUS) e afirma que o SUS é o único sistema público de saúde que “atende a uma população com mais de 200 milhões de pessoas” e que “fornece remédios de graça” – algo que, segundo a postagem, nem o equivalente britânico, o Serviço Nacional de Saúde do Reino Unido (NHS, na sigla em inglês), supostamente faria.
De fato, todo e qualquer brasileiro tem o direito de ser atendido gratuitamente pelo SUS, algo definido na Constituição e na lei 8.080, de 1990. Também é verdade que o SUS fornece remédios gratuitamente. Hoje a população brasileira é de 210,5 milhões.
A publicação, no entanto, comete um erro ao dizer que o NHS não fornece medicação “totalmente de graça”. O sistema britânico oferece remédios gratuitos para uma lista de doenças e para alguns grupos, como idosos, jovens de até 16 anos, populações pobres ou com doenças graves.
O Ministério da Saúde, contatado pelo Comprova, destacou que “o Brasil é o único país do mundo com mais de 100 milhões de habitantes que conta com um sistema público (financiado pelo dinheiro dos impostos), universal (para todos) e gratuito para toda a população”.
Há vários sistemas de saúde no mundo. Em alguns países, o sistema é público, mas, diferentemente do Brasil, a gratuidade cobre apenas parte da população e o atendimento a que as pessoas têm direito pode variar.
Dos países reconhecidos por possuírem sistema de saúde público e universal, como Reino Unido, Canadá, Dinamarca, Suécia, Espanha, Portugal e Cuba, nenhum tem população superior a 100 milhões de habitantes. O mais populoso é o Reino Unido, com cerca de 66,4 milhões de pessoas.
O Comprova só analisou individualmente os sistemas de saúde dos países com mais de 200 milhões, número citado pela postagem. De fato, nenhum deles possui um sistema público de saúde universal, como o SUS. Foram pesquisados China, Índia, EUA, Indonésia, Paquistão e Nigéria.
Esta verificação do Comprova analisou uma publicação do perfil @Adrieli_S do Twitter.
Para o Comprova, uma evidência é comprovada quando não restar nenhuma dúvida sobre a sua veracidade.
Como verificamos
Na verificação foram consultados o Ministério da Saúde, o Serviço Nacional de Saúde do Reino Unido (NHS, na sigla em inglês) e estudos sobre o SUS.
O Comprova também entrevistou Oswaldo Yoshimi Tanaka, diretor da Faculdade de Saúde Pública da Universidade de São Paulo (USP); Alcides Miranda, médico especialista em saúde comunitária e professor de Saúde Coletiva na Universidade Federal do Rio Grande do Sul (UFRGS); e Ivo Lima, mestre em Saúde Pública pela Fundação Oswaldo Cruz (Fiocruz).
Além disso, por meio de sites dos governos nacionais e relatórios de organizações internacionais, analisamos como funciona o sistema de saúde em cada um dos outros países com mais de 200 milhões de habitantes
Você pode refazer o caminho da verificação do Comprova usando os links para consultar as fontes originais.
Quem tem direito ao SUS?
A Constituição Federal brasileira define que todo brasileiro tem direito a ter acesso à saúde via SUS. A frase “a saúde é direito de todos e dever do Estado” define a ideia. Qualquer pessoa pode ir a uma unidade básica de saúde ou a um hospital e receber atendimento de graça. O SUS não é apenas atendimento médico, mas também vigilância em saúde e fornecimento de medicamentos.
Beneficiários de planos de saúde também têm direito a atendimento pelo SUS – nesse caso, no entanto, as operadoras dos planos privados são obrigadas pela lei a ressarcir os cofres públicos pelos serviços prestados que tenham cobertura do plano.
O que mais o SUS faz?
Há, também, outros serviços que beneficiam a toda população, como atendimento de emergência por acidentes por meio do Serviço de Atendimento Móvel de Urgência (Samu); regulação de hemocentros assim como transplante de órgãos.
Além disso, o SUS financia pesquisas epidemiológicas, importantes para ajudar o governo a avaliar o risco de ocorrência de surtos ou epidemias e também trazer dados para o controle e prevenção de doenças. E, por meio da Agência Nacional de Vigilância Sanitária (Anvisa), fiscaliza a qualidade de alimentos em restaurantes e supermercados.
Vacinas exigidas para bebês também são oferecidas pelo SUS, por meio do Programa Nacional de Imunização, que oferece todas as proteções recomendadas pela Organização Mundial da Saúde (OMS). A estratégia é reconhecida mundialmente como um sucesso na vacinação infantil.
O SUS fornece remédios de graça? Quais?
Sim. Entre as doenças cujos medicamentos são fornecidos gratuitamente pelo SUS estão diabetes, pressão alta, asma, HIV e alzheimer. A lista de drogas fornecidas é atualizada anualmente e se chama Relação Nacional de Medicamentos Essenciais (Rename). O Ministério da Saúde informou ao Comprova que, na última década, o número de remédios incluídos na lista aumentou em 54%: passou de 574 drogas em 2010 para as atuais 885.
Quem precisa de um remédio que está na lista, mas não é oferecido pelo posto de saúde, ou que não está na lista, pode processar o governo (judicializar) para obrigá-lo a pagar o tratamento. Em geral, pacientes ganham a ação se provam à Justiça que correm risco de vida caso fiquem sem o remédio solicitado.
Como era a saúde no Brasil antes do SUS?
Antes de o SUS ser regulamentado em 1990, só eram atendidas as pessoas que tinham carteira assinada, contribuíam para a Previdência e, portanto, faziam parte do Instituto Nacional de Assistência Médica da Previdência Social (Inamps).
Quem não tinha carteira assinada podia apenas participar de programas específicos do Ministério da Saúde ou das secretarias de Saúde estaduais ou municipais (como vacinação ou combate a alguma doença específica). Caso contrário, era preciso pagar plano privado ou buscar atendimento em instituições filantrópicas, como as Santas Casas de Misericórdia.
A criação do SUS aconteceu no contexto do fim da ditadura militar e diante de denúncias sobre a medicina previdenciária, como os seus custos. O sistema brasileiro foi inspirado no britânico, o NHS (National Health Service), que havia sido implantado 40 anos antes, após o fim da Segunda Guerra.
O NHS é pioneiro no modelo beveridgiano de serviço nacional de saúde, que entende a saúde como uma forma de cidadania. Outros modelos na Europa também se baseiam na ideia do NHS de fornecer cobertura integral para todos os cidadãos, como o de Portugal, criado em 1974, o da Itália, de 1978, e o da Espanha, de 1986.
Uma diferença entre esses sistemas e o SUS é que, no Brasil, apesar de o Estado ser obrigado a dar assistência de saúde gratuita à população, o governo, proporcionalmente, investe menos na área do que outros países.
De acordo com um relatório do Banco Mundial de 2017, mais da metade dos gastos totais com saúde no Brasil são financiados privadamente (individualmente e planos de saúde privados). No país, a despesa pública com saúde representa 48,2% do total, enquanto a média entre os integrantes da Organização para a Cooperação e Desenvolvimento Econômico (OCDE) é de 73,4%. Já entre nações com condições econômicas semelhantes, o Brasil está acima apenas da média entre os países do BRICS (Brasil, Rússia, China, Índia e África do Sul), 46,5%.
Como afirma Alcides Miranda, médico especialista em saúde comunitária e professor de Saúde Coletiva na Universidade Federal do Rio Grande do Sul (UFRGS), os demais países com sistemas de saúde universais como o SUS investem um valor, em relação ao PIB, bem maior do que o brasileiro. “Temos mais população e financiamento público que chega a um terço de outros países na saúde. Mas, mesmo com essas dificuldades, o SUS tem cumprido uma função de priorizar os mais vulneráveis e os mais expostos a riscos.”
O SUS britânico fornece remédios de graça?
A publicação que verificamos erra ao dizer que o NHS não fornece medicação “totalmente de graça”. O sistema britânico é financiado por impostos e fornece medicamentos de graça para doenças crônicas (como diabetes) e para alguns grupos populacionais, como idosos, menores de 16 anos, grávidas e pessoas beneficiadas por programas assistencialistas.
Para o resto da população, há uma taxa de até 9 libras (cerca de R$ 45) para medicações receitadas por médicos do NHS, pois os remédios são subsidiados pelo governo. Quando está internado, o paciente não paga pelo remédio. Remédios para câncer e infecções sexualmente transmissíveis (IST) não têm impostos.
“O NHS tem regras mais restritas sobre o que é ou não oferecido. O SUS, pela Constituição brasileira, deve oferecer tudo. Está escrito: ‘A saúde é um direito do cidadão e um dever do Estado’. Temos uma relação de medicamentos obrigatoriamente fornecidos, como para diabetes ou pressão alta. Se o remédio não estiver na lista, a pessoa pode judicializar [entrar com processo] e ganhar”, explica Oswaldo Yoshimi Tanaka, diretor da faculdade de Saúde Pública da Universidade de São Paulo (USP).
O atendimento primário (em postos de saúde) é de graça e cobre praticamente toda a população britânica – o SUS, por outro lado, cobria cerca de 40% dos brasileiros até 2012. O NHS ainda oferece ambulâncias de graça, internações e assistência social para doenças mentais e tratamento dentário de graça para alguns grupos. Em alguns casos, oferece desconto, assim como o SUS, para que o indivíduo pague o resto.
Como é em outros países com mais de 200 milhões de habitantes?
Nenhum dos outros países com mais de 200 milhões de habitantes no mundo tem um sistema de saúde com atendimento integral para todos os cidadãos.
De acordo com Ivo Lima, mestre em Saúde Pública pela Fundação Oswaldo Cruz (Fiocruz), países em desenvolvimento têm adotado como alternativa a adoção de sistemas baseados em seguros para ampliar a cobertura em vez da criação de um sistema universal. “Há a cobertura por um seguro, mas é básico. Há uma desigualdade relevante, porque pessoas mais pobres estão mais submetidas ao risco de adoecer, mas são as que menos têm acesso ao serviço de saúde”, afirmou. “É diferente do seguro nacional alemão (onde a cobertura está ligada ao emprego). Lá, não tem diferenças no acesso ao serviço de saúde”.
Saiba qual é o modelo em cada um dos outros países com mais de 200 milhões de habitantes:
China
Na China, o sistema público de saúde não é gratuito. Existem os seguros de saúde públicos e os privados. O seguro público é financiado em conjunto por empregados, empregadores e pelo governo. A depender se a região é urbana ou rural, mais ou menos desenvolvida, variam também as porcentagens de subsídio pelo Estado. Além de ajudar a financiar o seguro de saúde em si, os pacientes têm que pagar taxas pelos atendimentos e medicações prescritas, e parte desses gastos pode ser reembolsada posteriormente. Estimativas mostram que, em 2011, a parcela da população coberta por seguro de saúde público passava dos 95%. O sistema de saúde chinês era universal e gratuito até a década de 80. A partir daí, ele sofreu diversas reformas.
Índia
O acesso à saúde é um direito constitucional na Índia. Apesar disso, não há um sistema para atendimento universal como o SUS e, segundo a Newsweek, em 2018, 70% dos custos com saúde eram pagos pelos pacientes e essa foi a causa de quase 7% da população estar abaixo da linha da pobreza. Naquele ano, foi implantado o Modicare (em referência ao primeiro-ministro Narendra Modi), um programa que oferece cobertura de até 500 mil rúpias anuais por família (R$ 28,6 mil, na conversão do dia 7 de outubro) para tratamento hospitalar para moradores pobres de áreas rurais e urbanas (neste caso, usando como pré-requisito a ocupação e incluindo empregados domésticos e trabalhadores da área de construção, por exemplo). Quatro anos antes, havia sido criado o National Health Mission, que coordenou iniciativas como o combate à pólio.
Estados Unidos
Não há sistema universal de saúde – é necessário pagar para ter atendimento ou remédios. Em hospitais, o paciente pode não ser atendido se não tiver plano de saúde (é o caso de 10% dos norte-americanos, o equivalente a 30,4 milhões de pessoas). O governo subsidia planos de saúde para alguns grupos específicos, como idosos ou pessoas de baixa renda – no entanto, mesmo para eles o atendimento e os remédios não são de graça. Estudo publicado em março no American Journal of Public Health aponta que, dos pedidos de falência feitos nos EUA entre 2013 e 2016, 66,5% estavam ligados a dívidas de saúde.
Indonésia |
Existe um programa de saúde pública criado em 2014, o JKN, com o objetivo de reduzir as dificuldades de acesso a serviços básicos pela população. O atendimento é feito por meio de seguros oferecidos pelo governo, com cobertura e preço que variam a depender do indivíduo – quem tem emprego formal, por exemplo, pode ter um seguro, parecido com o funcionamento do Inamps no Brasil, antes da criação do SUS. Em alguns casos, o seguro é de graça, como para populações vulneráveis. Vacinas básicas gratuitas são oferecidas para bebês, crianças em idade escolar e para meninas jovens, por exemplo. O atendimento em unidades básicas de saúde tem custo mais acessível, enquanto serviços mais complexos são bastante caros, segundo o Ministério das Relações Exteriores do Brasil.
Paquistão
De acordo com relatório de 2015 do Escritório Europeu de Apoio ao Asilo (Easo) da União Europeia, o sistema de saúde do Paquistão é fortemente privado. O relatório afirma que à época, mais de 65% da população rural não tinha acesso a instalações básicas de saúde ou serviços de qualidade. Segundo texto de 2018 do jornal Dawn, um dos mais prestigiosos do país, cerca de 51% da população paquistanesa não tem acesso a serviços básicos de saúde. O sistema de saúde público é descentralizado, o que significa que ele pode variar entre as diferentes regiões do país. Em 2015, o primeiro-ministro do país lançou um programa nacional de seguro de saúde (PMNHIP) voltado a famílias vivendo abaixo da linha de pobreza, e que atualmente atinge cerca de 4,7 milhões de pessoas, de 77 distritos diferentes (o país tem mais de 150 distritos). O programa consiste em fornecer cupons de saúde de valor fixo, para cobrir serviços emergenciais e de maternidade, por exemplo. Há também um segundo vale com valor maior para sete doenças consideradas de tratamento prioritário, como diabetes, câncer e HIV.
Nigéria
O país tem o National Health Insurance Scheme (NHIS), que é um órgão criado pelo governo federal em 1999. Ele funciona como um plano pré-pago: paga-se um valor regular fixo e os fundos dessa arrecadação devem ser destinados a Organizações de Manutenção em Saúde (HMOs), que administram os hospitais e clínicas da Nigéria. Contudo, o sistema de saúde no país é precário devido à corrupção governamental.
Repercussão nas redes
O Comprova verifica conteúdos duvidosos sobre políticas públicas do governo federal que tenham grande potencial de viralização.
A publicação foi feita no Twitter no dia 2 de outubro. Em 9 de outubro, tinha 25,7 mil retweets e 65,8 mil curtidas na rede social.",pt-BR,factcenter_subset_saude.csv,42
https://projetocomprova.com.br/publica%C3%A7%C3%B5es/e-verdadeiro-que-bolsonaro-tenha-liberado-auxilio-de-r-160-milhoes-a-asilos-proposto-pelo-congresso/,COMPROVA,2020-07-06,['Comprovado'],1,comprovado,verdadeiro,False,verdadeiro,False,,É verdadeiro que Bolsonaro tenha liberado auxílio de R$ 160 milhões a asilos proposto pelo Congresso,"Projeto foi apresentado no plenário da Câmara pela deputada federal Leandre (PV-PR) em 14 de abril, aprovado pelo Congresso e sancionado pelo presidente da República em 29 de junho, último dia do prazo para tal, com quatro vetos
Conteúdo verificado: Texto publicado pelo site Pleno News alegava que o presidente Jair Bolsonaro teria liberado um fundo de R$ 160 milhões a asilos para auxiliar no combate à pandemia do novo coronavírus
É verdadeiro que o presidente Jair Bolsonaro (sem partido) tenha liberado um fundo de R$ 160 milhões para asilos durante a pandemia de covid-19, conforme divulgado pelo site Pleno News em 30 de junho. O conteúdo, cuja verificação foi sugerida por leitores do Comprova e que teve ampla visualização nas redes sociais, diz que Bolsonaro sancionou uma lei que ajudaria Instituições de Longa Permanência para Idosos (ILPIs) no combate à doença.
A lei foi assinada pelo presidente em 29 de junho de 2020. A única informação que não consta do texto é que ela foi elaborada e aprovada pelo Congresso Nacional, apresentada pela deputada federal Leandre (PV-PR), antes de seguir para a sanção presidencial.
A notícia diz corretamente que a nova lei também foi assinada pelos ministros Walter Braga Netto (Casa Civil), Damares Alves (Mulher, Família e Direitos Humanos) e José Levi Mello do Amaral Júnior (Advocacia-Geral da União).
Como verificamos?
O Comprova pesquisou no site do governo federal se havia sido aprovada alguma lei sobre o tema e encontrou uma notícia do dia 30 de junho anunciando a assinatura da Lei 14.018. O texto fornece o link para o registro da assinatura no Diário Oficial da União, em 30 de junho.
Buscamos mais informações sobre a lei e encontramos na Agência Senado uma notícia explicando que o projeto teve origem na Câmara dos Deputados. Em uma busca rápida no site da Câmara foi possível encontrar a data em que o projeto foi apresentado pela primeira vez e todo o processo que percorreu, passando também pelo Senado Federal, até virar lei.
Para entender melhor como funciona a tramitação, o Comprova pesquisou, nos sites ligados aos órgãos legislativos, como são feitas as leis no país e quais passos devem ser executados ao longo do processo.
Verificação
O que é o fundo aos asilos?
A lei assinada prevê que a União destinará um auxílio financeiro de R$ 160 milhões para que Instituições de Longa Permanência para Idosos (ILPIs) possam se fortalecer no combate ao novo coronavírus. Para isso, podem ser utilizados recursos do Fundo Nacional do Idoso (FNI), gerenciado pelo Conselho Nacional dos Direitos da Pessoa Idosa, órgão que integra o Ministério da Mulher, da Família e dos Direitos Humanos (MMFDH).
O FNI financia ações relativas ao idoso que “assegurem os direitos sociais e criem condições para promover sua autonomia, integração e participação efetiva na sociedade”, segundo o governo federal.
A divisão dos valores a serem enviados a cada instituição caberá ao MMFDH e deve considerar o número de idosos atendidos em cada local. Mesmo as instituições que apresentam algum tipo de pendência, sejam débitos ou situação de inadimplência, terão direito a receber o auxílio.
Os valores recebidos devem ser utilizados em ações de prevenção e de controle da Covid-19 dentro dos asilos; compra de equipamentos de higiene de residentes e funcionários; compra de medicamentos e adequação dos espaços para isolar casos suspeitos ou leves da doença.
No texto de divulgação da assinatura da lei, o governo federal afirma que os recursos devem ser repassados a 2,6 mil asilos, que abrigam mais de 88 mil idosos em todo o país.
Quem está por trás do projeto?
No Brasil, para uma lei ser aprovada, diversas etapas devem ser cumpridas. Inicialmente, o projeto precisa ser aprovado pelo Congresso Nacional para, depois, ser sancionado ou vetado pelo presidente. Todo o regime de tramitação pode ser acompanhado nos sites da Câmara dos Deputados e do Senado Federal, desde a apresentação da proposta até a assinatura da lei.
A presidência só pode apresentar um projeto de lei que tratar de matéria de administração pública – e, ainda, assim, o projeto precisa ser aprovado pelo Legislativo para virar lei.
No caso da lei que prevê auxílio aos asilos, o projeto foi apresentado no plenário da Câmara pela deputada federal Leandre (PV-PR) em 14 de abril de 2020. Depois de apresentado, normalmente ele seria distribuído para comissões temáticas e, posteriormente, para comissões especiais, mas em 29 de abril, Leandre pediu urgência na apreciação do projeto de lei – procedimento que poderia dispensar algumas destas etapas. A urgência foi concedida pelo presidente da Câmara, Rodrigo Maia (DEM-RJ), em 6 de maio, e o texto foi submetido à votação no plenário da Casa.
A redação do relatório final foi aprovada em 20 de maio e o projeto de lei foi encaminhado ao Senado no mesmo dia. Sempre que um projeto é aprovado por uma das casas legislativas, ele deve ser submetido à análise da outra antes de seguir para o Executivo – um projeto aprovado pela Câmara, é encaminhado ao Senado, e vice-versa.
A aprovação do texto no plenário do Senado foi em 4 de junho. Após a votação de algumas emendas em separado, a redação final foi encaminhada para sanção presidencial em 9 de junho.
Qual o papel de Bolsonaro?
O artigo 66 da Constituição Federal prevê que o presidente tem um prazo de quinze dias úteis, a partir da data de recebimento, para analisar um projeto de lei aprovado pelo Congresso. Dentro deste período, pode vetar trechos do texto ou mesmo todo o conteúdo. Se, passados os quinze dias, não houver nenhuma manifestação por parte do presidente, o projeto é automaticamente sancionado.
A sanção do texto ocorreu na data-limite, dia 29 de junho. A lei foi publicada no Diário Oficial da União do dia 30 de junho. O texto aprovado teve quatro vetos em relação ao conteúdo enviado pelo Congresso Nacional.
Foi vetado que o repasse da verba fosse apenas para instituições sem fins lucrativos que estivessem inscritas nos Conselhos de Direito da Pessoa Idosa ou Conselhos de Assistência Social. A alegação do Planalto é de que a medida “contraria o interesse público ao limitar as instituições que serão contempladas pelo auxílio”.
Também foi retirado do texto o dispositivo que obrigava instituições beneficiadas a prestarem contas da aplicação dos recursos; segundo a interpretação do governo, a competência de fiscalização cabe ao Congresso Nacional, com o auxílio do Tribunal de Contas da União (TCU)
O terceiro item vetado determinava um prazo de 30 dias para o pagamento do auxílio às instituições. A Presidência afirmou que o processo de conferir quais instituições serão beneficiadas e direcionar o pagamento a elas demanda mais tempo que o proposto no projeto.
Por fim, o Planalto vetou prazo de 30 dias para que o Ministério da Mulher, Família e Direitos Humanos disponibilizasse a relação das unidades beneficiadas pelo auxílio, com informações como CNPJ e valores repassados. A justificativa é de que “já existem normativos que dispõem do assunto” e que isso pode ser consultado via Lei de Acesso à Informação.
Por que investigamos?
O Comprova investiga conteúdos com potencial de espalhar informações equivocadas ou fora de contexto e que obtenham ampla viralização. Muitos desses conteúdos são sugeridos pelos leitores, como é o caso desta nota publicada pelo site Pleno News. Trata-se de uma informação correta, ainda que não tenha sido explicado ao leitor que o projeto nasceu no Congresso Nacional.
Comprovado, para o projeto, é um fato verdadeiro e que apresenta conteúdo original publicado sem edição.
Até a publicação desta verificação, o texto teve 52.951 interações no Facebook, segundo a ferramenta de monitoramento Crowdtangle, tendo sido compartilhado por figuras públicas como o deputado federal Marco Feliciano (Republicanos-SP).
Diante da pandemia de covid-19, é necessário ter cuidado com as informações apresentadas pelo risco que podem oferecer à saúde pública. Desde que o Comprova passou a realizar checagens relacionadas ao novo coronavírus, diversos conteúdos tinham ligações com questões políticas e econômicas. Já foi desmentido que a Prefeitura de São Paulo tenha feito a compra de caixões sem licitação e que um homem tenha sido preso por criticar a compra de respiradores.
 ",pt-BR,factcenter_subset_saude.csv,42
https://projetocomprova.com.br/publica%C3%A7%C3%B5es/recem-nomeados-medicos-foram-vacinados-no-primeiro-dia-de-imunizacao-em-manaus/,COMPROVA,2021-01-25,['Comprovado'],1,comprovado,verdadeiro,False,verdadeiro,False,,"Recém-nomeados, médicos foram vacinados no primeiro dia de imunização em Manaus","Todos os envolvidos citados em um tuíte são médicos. Eles são recém-formados, tiveram suas nomeações publicadas no Diário Oficial da prefeitura de Manaus nos dias 18 e 19 de janeiro de 2021 e foram vacinados no primeiro dia de imunização na capital amazonense.
Conteúdo verificado: Post no Twitter que exibe fotos de jovens de famílias conhecidas do Amazonas sendo vacinados no primeiro dia de imunização na capital. Na postagem também é dito que todos foram recém-nomeados a cargos comissionados pelo novo prefeito de Manaus.
É verdadeira a publicação feita pelo perfil “Bora Conversar Política” sobre filhos de políticos e de empresários em Manaus terem sido vacinados um dia após suas nomeações a cargos comissionados na prefeitura da capital do Amazonas. O post exibe imagens dos jovens sendo vacinados e mostra, como noticiado por diversas mídias e checado pelo Projeto Comprova, Gabrielle Kirk Lins e Isabelle Kirk Lins, filhas de Niltinho Lins Jr., herdeiro do hospital e da universidade Nilton Lins. O terceiro citado é David Dallas, filho do ex-deputado estadual e empresário Wanderley Dallas.
O Comprova confirmou no site do Conselho Federal de Medicina que todos os envolvidos são médicos. Eles são recém-formados e tiveram suas nomeações publicadas no Diário Oficial da prefeitura de Manaus nos dias 18 e 19 de janeiro de 2021. Desse modo, não haveria tempo para os médicos terem trabalhado na linha de frente nos hospitais que estão atuando contra a covid-19.
A prefeitura de Manaus, em nota publicada em seu site, disse não haver irregularidade “uma vez que se encontram nomeadas e atuando legitimamente no plantão da unidade de saúde, para a qual foram designadas, em razão da urgência e exceção sanitárias, estabelecidas nos primeiros 15 dias da nova gestão”. O Comprova entrou em contato com as jovens citadas e com o perfil “Bora Conversar Política”, tendo o retorno apenas desse último.
Como verificamos?
Consultamos o Diário Oficial para confirmar se os três médicos foram nomeados, bem como a data da nomeação. Confirmamos também com o Conselho Federal de Medicina a formação dos jovens em medicina.
A consulta também confirmou a veracidade do print da página do Diário Oficial que foi colocada na postagem verificada. Também pesquisamos, na página da Assembleia Legislativa do Estado do Amazonas o sobrenome do médico David Louis de Oliveira Dallas Dias, e confirmamos que ele é filho do ex-deputado estadual Wanderley Dallas.
Em seguida, apuramos no portal da Prefeitura de Manaus a nomeação e a vacinação das duas médicas, vacinadas no primeiro dia da imunização no estado. Segundo a nota, a prefeitura afirmou que não há irregularidades na imunização de ambas.
Também tentamos contato com as páginas do Instagram de Gabrielle Lins e Isabelle Lins, que não responderam e com a página que viralizou o caso no Twitter, BC Política, que respondeu ao Comprova.
Procuramos o Sindicato dos Médicos do Amazonas para comentar a situação da falta de doses de Coronavac na capital, e se as irregularidades estão diretamente ligadas à situação de médicos na linha de frente que ainda não foram vacinados.
O Comprova fez esta verificação baseado em informações científicas e dados oficiais sobre o novo coronavírus e a covid-19 disponíveis no dia 25 de janeiro de 2021.
Verificação
Pessoas vacinadas na foto são médicos familiares de políticos no Amazonas
As duas mulheres nas fotos das postagens são Gabrielle Kirk Maddy Lins e Isabelle Kirk Lins, ambas médicas da família Lins, proprietária da Universidade Nilton Lins na capital amazonense. De acordo com o Diário Oficial, Gabrielle foi nomeada gerente de projetos da Secretaria Municipal de Saúde (SEMSA) no dia 18 de janeiro. A irmã, Isabelle, foi nomeada gerente de projetos na mesma secretaria no dia 19 de janeiro.
Como mostrou a Agência Amazônia Real, a família Lins, além de um hospital e uma universidade, mantém negócios com a prefeitura de Manaus e o governo do Amazonas. Desde 15 de outubro de 2012, as gêmeas são sócias da empresa de laticínios Rancho Ing Ferradurinha Agro Industrial, que tem um capital de R$ 1 milhão de reais. Quando da criação da empresa, elas tinham 16 anos.
O homem na terceira foto é David Louis de Oliveira Dallas Dias. Ele é médico e foi nomeado gerente de projetos SEMSA, em 19 de janeiro. É filho do ex-deputado estadual Wanderley Dallas, e também se formou no ano passado na mesma instituição que as irmãs Lins.
Médicos foram vacinados no primeiro dia da imunização
Segundo uma nota publicada pela Prefeitura de Manaus em 19 de janeiro, as duas médicas foram vacinadas no primeiro dia de imunização da capital. Em uma live no Facebook o prefeito de Manaus se pronunciou devido à repercussão do caso. David Almeida disse que as nomeações tiveram que ser urgentes devido à situação da capital.
“Nós estamos com aproximadamente 122 médicos afastados, você não tem ideia da dificuldade de conseguir médicos. Nós conseguimos 10 médicos e, pela primeira vez, foram nomeados no gabinete, não dava tempo de fazer contrato”.
Isabelle Lins e David Dallas foram nomeados no mesmo dia do início da vacinação na capital, como é possível verificar no Diário Oficial de 19 janeiro. Já Gabrielle Lins foi nomeada no dia 18 de janeiro.
A prefeitura diz que houve baixo volume de doses repassadas pelo governo do estado à SEMSA – apenas 40.072 das 282 mil recebidas do Ministério da Saúde, após ter divulgado que o repasse foi de 256 mil doses. A prefeitura reservou 12,2% delas para os profissionais da rede municipal, que estão atuando no enfrentamento à covid-19. O acontecido foi de encontro com as alegações, visto que as médicas não poderiam ter sido vacinadas, pois foram nomeadas apenas a cargos administrativos e não atuando nas Unidades Básicas de Saúde quais as vacinas foram destinadas.
Procurado pelo Comprova, o presidente do Sindicato dos Médicos do Amazonas, Dr. Mário Vianna, afirma que também não foi vacinado. “A questão das médicas vacinadas foi um dos pontos que complicaram a imunização em Manaus. Há denúncias sobre outros profissionais da saúde que não estão na linha de frente ou que não seriam prioridade por não serem de áreas de atuação, como UTI, Sala Rosa ou Prontos Socorros. O TCU e o MPF já se meteram, pedindo investigações; a lista de vacinados mostrou uma série de irregularidades, como CPFs falsos e nomes repetidos. Com tudo isso, possivelmente se comprova que houve desvio de vacinas”, defende.
O médico, que trabalha como cirurgião na UTI da Maternidade Balbina Mestrinho, conta que há hoje sete internados com covid-19 na unidade. “Na lista de vacinados, há trabalhadores aqui da maternidade que receberam a dose da Coronavac, mas não houve vacinação oficial no hospital”.
A vacinação na capital ficou suspensa por dois dias na semana passada, devido às denúncias de irregularidade, conforme publicou o portal G1. Foi dada uma ordem judicial à prefeitura para que abra a lista dos vacinados. A lista foi publicada nesse fim de semana.
Quem é BC Política
Postagens com referência às irmãs começaram a circular a partir de capturas de tela do instagram. A postagem encontrada pelo Comprova com maior circulação é de uma página de conteúdo político – a maior parte local de Manaus – com cerca de 17 mil seguidores, a @BCPolitica.
Procurados, os autores da página responderam que já encontraram o conteúdo circulando e que o objetivo do perfil é discutir política, mas que não são jornalistas.
Os perfis no instagram @gablins e @isalins desde que o caso viralizou, estão fechados.
Por que investigamos?
Em sua terceira fase, o Comprova investiga conteúdos duvidosos relacionados às políticas públicas do governo federal e à pandemia do novo coronavírus, principalmente as que têm grande alcance nas redes sociais.
O Amazonas vive, pela segunda vez durante a pandemia do coronavírus, um colapso nas redes pública e particular de saúde. O mês de janeiro é marcado por mortes por falta de oxigênio no estado, colocando a capital amazonense na imprensa internacional.
O assunto ganhou repercussão nas redes sociais desde que o prefeito de Manaus, David Almeida (Avante), disse em transmissão ao vivo no Facebook na noite da terça-feira, 19, que os profissionais de saúde da cidade não poderão publicar registros da vacinação contra a covid-19 nas redes sociais.
A postagem do BC Política de 20 de janeiro, teve mais de 13 mil retweets e cerca de 50 mil interações. A Folha de S.Paulo também noticiou o caso das irmãs Lins. A Revista Fórum noticiou o caso de David.
Comprovado, para o Comprova, é o fato verdadeiro; evento confirmado; localização comprovada; ou conteúdo original publicado sem edição.",pt-BR,factcenter_subset_saude.csv,42
https://politica.estadao.com.br/blogs/estadao-verifica/nem-todos-pacientes-de-covid-19-de-hospital-do-piaui-receberam-alta-apos-tratamento-com-cloroquina/,ESTADAO_VERIFICA,2020-05-14,['ENGANOSO'],1,enganoso,verdadeiro fora de contexto ou exagerado,False,verdadeiro fora de contexto ou exagerado,False,,Nem todos pacientes de covid-19 de hospital do Piauí receberam alta após tratamento com cloroquina ,"Esta checagem foi produzida pela coalizão do Comprova. Leia mais aqui.
Faltam informações nas publicações que dizem que um hospital no Piauí curou pessoas com covid-19 e esvaziou UTIs com uso da medicação cloroquina. O conteúdo usa um vídeo verdadeiro, gravado pelo médico oncologista Saba Vieira em 8 de maio, no qual ele relata um protocolo adotado pelo médico Justino Moreira, diretor clínico do Hospital Regional Tibério Nunes, em Floriano, para o tratamento precoce de pacientes com o novo coronavírus. 
LEIA TAMBÉM
Veja todas as checagens sobre coronavírus publicadas pelo Estadão Verifica
Mas os textos omitem que ainda há pacientes em tratamento domiciliar e também em leitos ambulatoriais no hospital. Além disso, não existe nenhum registro científico ou comparativo de que a melhora clínica dos pacientes foi exclusivamente por conta das medicações.
No vídeo, Vieira diz que no tratamento oferecido pelo hospital há “duas janelas de oportunidade” para quem contraiu a doença. A primeira é a aplicação de cloroquina com azitromicina em pacientes que apresentaram sintomas de um a sete dias. A segunda é o uso de corticoides em pacientes que apresentam sintomas depois de sete a doze dias. Com a repercussão do vídeo, o médico que fez a gravação compartilhou em seu Facebook uma das publicações e escreveu que “o conteúdo e o título estão distorcidos”. Ele não atendeu às solicitações de entrevista feitas pelo Comprova.
Justino confirmou que desde 2 de maio vem adotando essas duas abordagens para pacientes que estão com comprometimento pulmonar e não têm comorbidades. Ao todo, 15 pessoas foram submetidas ao protocolo, com prognóstico positivo, mas ainda não há evidências suficientes para dizer que estão curadas. Isso porque, apesar de os pacientes terem apresentado melhora clínica, apenas cinco já tiveram alta. Quatro ainda estão em tratamento domiciliar e os outros seis seguem internados em leitos clínicos. Nem todos passaram pelos exames necessários de radiografia para receber o laudo de alta da covid-19. A OMS (Organização Mundial da Saúde) também não reconhece nenhum medicamento ou vacina para a covid-19.
Justino afirmou que reavaliaria o caso das pessoas tratadas nesta quinta-feira, 14, último dia do tratamento experimental. Também é importante destacar que a experiência no hospital do Piauí não tem um grupo de controle. Ou seja, não há pacientes que não fizeram uso do tratamento para fins científicos de comparação. O próprio Justino ressalva que o número de pessoas tratadas em Floriano é pequeno e ainda não serve como evidência científica para a eficácia da cloroquina ou do corticoide contra a covid-19.
De acordo com o médico, as publicações que divulgaram o uso de cloroquina não citam que pacientes ainda estão em tratamento e que há ao menos seis pessoas internadas com covid-19 nos leitos ambulatoriais. Justino afirmou que o uso de corticoide é o que mais tem dado resultado. “Não gosto da forma com que foi colocada [na notícia] a cloroquina como solução. O foco é a corticoterapia”, disse ao Comprova. 
A medicação, segundo afirma Justino, tem evitado que a doença se agrave a ponto de necessitar de intubação e, consequentemente, internação na UTI. O Hospital Regional Tibério Nunes, localizado no interior do Piauí, tem 10 leitos de Unidade de Terapia Intensiva e 15 leitos de ambulatório destinados à covid-19. 
Caixa do remedio sulfato de hidroxicloroquina, conhecido como Reuquinol. Foto: Márcio Pinheiro/SESA
Até esta quinta-feira, 14, não havia pacientes em estado grave na UTI. No ambulatório há pacientes internados, mas nem todos têm indicação para receber o tratamento, por estarem em fases diferentes da infecção ou apresentarem outras doenças prévias.
Apesar de o tratamento estar em curso, até agora, o governo do Piauí não divulgou nenhum protocolo público para adoção dessa modalidade para pacientes com a doença. O hospital também não têm evidências científicas que comprovem a “cura”, como afirmam as publicações, por conta exclusivamente dos medicamentos. 
Apenas nesta quarta-feira, 13, o governo do Piauí anunciou a criação de um comitê médico para estudar, avaliar e definir o uso de cloroquina, hidroxicloroquina e corticoides, entre outros medicamentos que auxiliem no tratamento. O Comprova questionou o governo do Estado sobre o tratamento adotado e a falta de acompanhamento técnico dos protocolos, mas não obteve retorno até a publicação desta checagem.
Os protocolos que têm sido utilizados no Hospital Regional Tibério Nunes foram estabelecidos por uma médica que nasceu em Floriano, no Piauí, mas atualmente trabalha no hospital HM Puerta del Sur, localizado em Madrid, na Espanha. Ela compartilha documentos e vídeos em seu Instagram sobre as dicas para o uso do corticoide contra a covid-19. 
Recentemente, o YouTube retirou do ar um de seus vídeos indicando a medicação. O Comprova confirmou em mensagem enviada ao Twitter do hospital espanhol que ela é funcionária, mas não obteve resposta sobre os protocolos de tratamento utilizados. 
Por que checamos isto?
O Comprova investiga conteúdos suspeitos compartilhados nas redes sociais sobre o novo coronavírus e a covid-19 que tenham grande viralização. O conteúdo desta verificação foi sugerido por dezenas de leitores que receberam o link por WhatsApp ou se depararam com ele em redes sociais. Um único link foi compartilhado no Facebook mais de 500 vezes.
Muitas das informações enganosas que o Comprova tem verificado estão relacionadas a tratamentos com drogas que ainda estão em fase de testes sem que haja consenso sobre benefícios no combate à covid-19. Boatos e informações descontextualizadas sobre medicamentos podem levar à automedicação e provocar danos à saúde ou relaxamento dos cuidados com a higiene pessoal e isolamento social recomendadas pelas autoridades de saúde como medidas essenciais para diminuir a velocidade de transmissão do novo coronavírus.
Enganoso, para o Comprova, é o conteúdo que induz a uma interpretação diferente da intenção de seu autor, que confunde, com ou sem a intenção deliberada de causar dano.
Como verificamos?
O Comprova entrou em contato com o governo do Piauí para chegar ao diretor clínico do Hospital Regional Tibério Nunes, Justino Madeiro. Em conversa por telefone, o médico explicou como tem sido o tratamento de pacientes em Floriano, interior do Estado. A equipe também consultou a Secretaria de Saúde da cidade. 
Além disso, entrevistamos Gerson Salvador, infectologista associado da Sociedade Paulista de Infectologia e médico do Hospital Universitário da Universidade de São Paulo (USP). 
Verificação
Após a repercussão do vídeo de Sabas Vieira, o Ministério Público Federal do Piauí cobrou que o governo do Estado e a prefeitura da capital, Teresina, adotassem o protocolo aplicado no hospital de Floriano. Vieira é citado pelo MPF como um dos principais defensores do tratamento.
O uso de corticoides também está sendo testado em pacientes do Vila Nova Star, hospital de São Paulo. Ainda não foi publicado estudo que comprove a eficácia deste tratamento. Recentemente, o Hospital Sírio Libanês também iniciou protocolo de pesquisa com o medicamento dexametasona, um tipo de corticoide. 
A Sociedade Brasileira de Endocrinologia e Metabologia (SBEM) recomenda cuidado para pessoas que já se medicavam com corticoides e apresentam sintomas da covid-19. Para os pacientes que usam a substância como terapia anti-inflamatória e imunossupressora, é recomendado avaliar com o médico a redução no uso.
Corticoides são potentes anti-inflamatórios e são muito usados para tratamento de doenças autoimunes, aquelas em que o próprio corpo produz uma resposta contra o organismo, como lúpus. 
O uso dos corticoides para doenças pneumovirais, no entanto, não se mostrou eficaz em estudos anteriores à pandemia do novo coronavírus. Para a covid-19 ainda não há nenhum estudo científico comprovado que possa ser usado para defender ouso, como explica Gerson Salvador, infectologista associado da Sociedade Paulista de Infectologia e médico do Hospital Universitário da USP. 
“Os corticoides foram estudados e estão em estudo na covid-19, mas em estudos de doenças pneumovirais (influenza e outras causadas por outros tipos de coronavírus) anteriores foram vistos dois efeitos: alguns aumentam mortalidade, após altas doses por tempo prolongado, e também aumenta o tempo em que a carga viral é detectável, o vírus fica mais tempo no organismo”, explica.  
O infectologista alerta, ainda, para efeitos colaterais vistos em pacientes com doenças pneumovirais tratados com corticoides, tais como: hiperglicemia e psicose (alterações psiquiátricas).
O especialista ressalta que para a covid-19 ainda não há uma conclusão sobre o uso dos corticoides. “O médico que quer fazer esse estudo tem que submeter ao Comitê de Ética primeiro”, completa. 
Contexto
A cloroquina tem sido citada em vários conteúdos enganosos online como a cura para a covid-19. No entanto, o Ministério da Saúde e a Organização Mundial de Saúde esclarecem que ainda não há um tratamento comprovadamente eficaz contra a doença causada pelo novo coronavírus.
A cloroquina e a hidroxicloroquina passaram a protagonizar desinformação nas redes sociais após o presidente dos Estados Unidos, Donald Trump, apontar o medicamento como possível cura da covid-19. No Brasil, o presidente Jair Bolsonaro e seus apoiadores também têm insistido na eficácia do remédio contra a doença, sem comprovação científica.
Uma análise do site de checagem Aos Fatos mostrou que vários congressistas da base de apoio de Bolsonaro divulgaram informações incorretas sobre o medicamento — o principal deles foi o ex-ministro Osmar Terra (MDB-RS).
Alcance
O conteúdo verificado pelo Comprova foi sugerido pelos leitores. Ele foi publicado em sites e compartilhado em diversas páginas de redes sociais e em aplicativos de mensagens. Apenas uma dessas postagens foi compartilhada no Facebook mais de 500 vezes e somava 436 mil interações até esta quinta-feira, 14 de maio.",pt-BR,factcenter_subset_saude.csv,42
https://projetocomprova.com.br/publica%C3%A7%C3%B5es/cloroquina-nao-e-alvo-de-conspiracao-a-favor-do-remdesivir/,COMPROVA,2020-05-13,['Enganoso'],1,enganoso,verdadeiro fora de contexto ou exagerado,False,verdadeiro fora de contexto ou exagerado,False,,Cloroquina não é alvo de conspiração a favor do remdesivir,"Há estudos em andamento para verificar a eficiência de ambas as drogas no tratamento de pacientes com covid-19 e governantes que defendem abertamente o uso de cloroquina, caso de Donald Trump e Jair Bolsonaro. Além disso, não há registro de que o homem que aparece no vídeo verificado pelo Comprova esteja envolvido no tratamento de pacientes infectados pelo novo coronavírus
Em um vídeo que circula na internet, um homem que se identifica como médico especialista em ortopedia afirma que a cloroquina é alvo de uma conspiração, por parte de governos e da indústria farmacêutica, que teriam interesse na utilização de uma droga chamada remdesivir – muito mais cara – no tratamento dos pacientes com a covid-19, doença provocada pelo novo coronavírus.
Na postagem, que é o trecho de uma transmissão ao vivo de mais de uma hora de duração, Cláudio Agualusa afirma que a cloroquina já é usada sem restrições há anos, no tratamento de outras doenças, e que a relutância na adoção de um protocolo que inclua a substância é uma tentativa de ampliar a comercialização de uma droga desenvolvida por um laboratório americano, que custaria “milhões”.
As alegações são enganosas. Primeiro, há governantes que defendem abertamente o uso da cloroquina, casos de Donald Trump e Jair Bolsonaro. Segundo, o uso da cloroquina e da hidroxicloroquina no tratamento de pacientes com a covid-19 ainda é objeto de estudos clínicos em todo o mundo, inclusive em uma iniciativa liderada pela Organização Mundial da Saúde (OMS). No Brasil, a coordenação é da Fiocruz. Do mesmo modo, o remdesivir ainda está sendo avaliado no combate à doença.
Por que checamos isto?
O Comprova monitora conteúdos duvidosos sobre o novo coronavírus e sobre a covid-19 compartilhados nas redes sociais e aplicativos de mensagens que tenham grande alcance nas redes sociais. O vídeo investigado pelo Comprova alcançou 44 mil compartilhamentos em somente uma das publicações encontradas.
A cloroquina e a hidroxicloroquina têm estado no centro de inúmeros rumores que circulam, em especial, nos Estados Unidos e no Brasil. Muitos desses boatos dizem que essas substâncias seriam a “cura” para a covid-19, o que poderia desmobilizar a sociedade no enfrentamento da pandemia. Além disso, a cloroquina e a hidroxicloroquina só podem ser usadas sob orientação médica, pois têm efeitos colaterais significativos.
Enganoso, para o Comprova, é o conteúdo que confunde, com ou sem a intenção deliberada de causar dano.
Como verificamos?
Para esta verificação, buscamos dados da Food and Drug Administration (FDA), órgão sanitário dos Estados Unidos, estudos recentes envolvendo o tratamento da covid-19 com hidroxicloroquina e contatamos um especialista em infectologia.
Buscamos o vídeo original com as falas de Agualusa, publicado originalmente numa transmissão ao vivo no Facebook dele e entramos em contato com os municípios onde o médico diz atuar e com o Conselho Regional de Medicina do Rio de Janeiro.
Também foram consultadas matérias jornalísticas, de veículos nacionais e internacionais, com informações sobre o tema.
Verificação
No vídeo, que circula pelas redes sociais e pelo Youtube, o médico Cláudio Agualusa defende a utilização de um protocolo barato para o tratamento de pacientes com a covid-19: administração do antibiótico azitromicina, de cloroquina ou hidroxicloroquina e de sulfato de zinco.
Apesar do baixo custo, o médico afirma que o tratamento não é adotado porque “eles” estão aguardando a possibilidade de utilização de um medicamento muito mais caro, o remdesivir.
A conspiração, segundo o médico, não é política, mas sim em prol do lucro da indústria farmacêutica, já que cada dose do medicamento custaria “milhões de dólares”.
O remdesivir
Trata-se, realmente, de um tratamento antiviral em investigação, administrado por infusão diária. Segundo anúncio do governo americano, no último dia 29, é o primeiro remédio capaz de melhorar a situação dos doentes de covid-19.
O FDA, que regula os medicamentos nos Estados Unidos, autorizou o uso de remdesivir em emergências, o que possibilita entrada da droga no mercado americano sem a exigência de dados completos sobre segurança e eficácia.
A droga, até então era classificada como uma “medicação órfã”, assim como apontado por Agualusa. Essa é uma forma de elencar fármacos destinados ao diagnóstico, prevenção e tratamento de uma doença rara ou negligenciada, cuja produção não é economicamente viável. Há dentro do FDA, o órgão instituído para promover a pesquisa e o desenvolvimento de drogas órfãs é o Office of Orphan Products Developement (OOPD).
Segundo o laboratório Gilead Science, que é responsável pelo desenvolvimento do remdesivir, a droga é fruto de uma pesquisa desenvolvida há mais de uma década e sua aplicação já foi testada em doenças como a Ebola, por exemplo. Em entrevista à NPR, National Public Radio, organização de mídia parcialmente financiada pelo governo dos EUA, uma representante do laboratório disse que o medicamento ainda não tem um preço definido, mas que um suprimento inicial, de 1,5 milhão de doses da droga, foi doado para o tratamento de pacientes com covid-19.
Em um modelo apresentado pelo Institute for Clinical and Economical (ICER) – entidade voltada para a precificação e análise da efetividade clínica de medicamentos, localizada em Boston (EUA) –, o tratamento com o remdesivir deve custar entre 10 e 4,5 mil dólares. A estimativa leva em conta o custo de produção e a efetividade do medicamento. Apesar do valor máximo ser alto – mais de R$ 26 mil, considerada a cotação do dólar americano no dia 12 de maio –, a quantia está bem distante dos “milhões de reais” a que Agualusa se refere no vídeo.
Sobre a utilização do medicamento no Brasil, que, segundo Claudio Agualusa, só começaria depois de um número muito maior de mortes, o ministro da Saúde, Nelson Teich, disse, na segunda-feira, 11 (portanto, depois da realização da live), que está condicionada à realização de estudos clínicos que comprovem a sua eficácia nos casos do novo coronavírus.
A cloroquina
O vídeo de Claudio Agualusa sugere a existência de campanha contra a hidroxicloroquina e a cloroquina, realizada pela indústria farmacêutica e governos, por conta do custo baixo do medicamento e do tratamento com seu uso associado.
As pesquisas mais recentes, publicadas em periódicos médicos importantes como o Journal of the American Medical Association e o The New England Journal of Medicine, não encontraram redução de mortalidade por covid-19 entre pessoas que foram medicadas com hidroxicloroquina.
O uso do medicamento em pacientes com o novo coronavírus, portanto, apesar de autorizado no Brasil, não é uma unanimidade. O Comprova entrou em contato com Estevão Urbano, presidente da Sociedade Mineira de Infectologia e Membro do Comitê de Enfrentamento à covid-19 de Belo Horizonte, que disse que não procede a crença de Agualusa na existência de uma conspiração contra a cloroquina. “Não existe nenhuma normatização ainda. Existem pouco remédios cientificamente testados, os usos empíricos são baseados em trabalhos muito frágeis”, afirmou.
Segundo Urbano, “a cloroquina está muito longe de ser comprovada como uma droga efetiva, e é por isso que ela não é, ainda, um consenso. Embora possa ter também seu papel, não é mais do que uma inferência, ainda, muito frágil.”
O tratamento sugerido por Cláudio Agualusa, inclusive, é o mesmo sugerido por um médico de Nova Iorque, e, como apurado pelo Comprova, ainda não tem comprovação científica.
Cláudio Agualusa
O homem que aparece no vídeo é o médico fluminense Cláudio Agualusa. Ele possui registro ativo junto ao Conselho Regional de Medicina do Rio de Janeiro, e aparece em catálogos online, como o Doctoralia, e o CatálogoMed como especialista em Ortopedia e Traumatologia. Na live, aliás, ele também se identifica como ortopedista, diz já ter receitado cloroquina e hidroxicloroquina a pacientes com “artrites severas”. Não há qualquer indicação de que Agualusa esteja atuando diretamente no tratamento de pacientes com a covid-19.
Agualusa foi candidato a Deputado Estadual, no Rio de Janeiro, em 2018, pelo PRB. Em 2016, já havia se candidatado a prefeito de Búzios, pelo PRP. Não se elegeu em nenhuma das duas ocasiões.
O médico mantém um perfil ativo e uma fanpage no Facebook, onde publica vídeos e textos sobre o novo coronavírus e a covid-19. Ele também já realizou várias transmissões ao vivo — de mais de uma hora de duração — sobre o tema. Nas postagens, Agualusa defende a importância do isolamento social, fala sobre a higienização das mãos e de produtos e, principalmente, trata dos benefícios do tratamento realizado com a cloroquina.
O Comprova tentou entrar em contato com Agualusa, por meio de seu perfil no Facebook, mas não recebemos uma resposta. Na página oficial dele, não há a possibilidade de envio de mensagens privadas.
Contexto
Desde março, o presidente dos Estados Unidos, Donald Trump, vem incentivando o uso da cloroquina e a hidroxicloroquina, normalmente prescritas no tratamento de doenças como malária, artrite e lúpus.
No mesmo mês, o presidente do Brasil, Jair Bolsonaro, também passou a fazer o mesmo. Bolsonaro anunciou o aumento da produção da droga no país em 21 de março, e sua campanha em favor da substância foi um dos pontos de desentendimento com o ex-ministro da Saúde, Luiz Henrique Mandetta, que não recomendava o uso indiscriminado do medicamento.
Desde então, apoiadores de Trump e Bolsonaro passaram a defender firmemente o uso das substâncias, cuja eficácia continua sob análise.
Alcance
Até as 16h30 do dia 12 de maio, o vídeo havia sido assistido 936 mil vezes vezes na página “Muda Ibertioga”, no Facebook, e 94 mil vezes no canal do YouTube associado à mesma página.",pt-BR,factcenter_subset_saude.csv,42
https://projetocomprova.com.br/publica%C3%A7%C3%B5es/video-do-pastor-silas-malafaia-engana-sobre-eficacia-da-ivermectina-contra-covid-19-na-africa/,COMPROVA,2020-12-22,['Enganoso'],1,enganoso,verdadeiro fora de contexto ou exagerado,False,verdadeiro fora de contexto ou exagerado,False,,Vídeo do pastor Silas Malafaia engana sobre eficácia da ivermectina contra covid-19 na África,"Ao contrário do que diz o pastor evangélico, não há como atribuir os números de covid-19 na África à distribuição de ivermectina no continente
Conteúdo verificado: Vídeo divulgado por pastor Silas Malafaia afirma que os números de covid-19 na África são baixos por conta da ivermectina
É enganoso um vídeo publicado pelo pastor Silas Malafaia no qual ele defende o uso da ivermectina na prevenção da covid-19 e faz comentários a respeito da Coronavac, vacina desenvolvida pela companhia chinesa Sinovac e que vem sendo testada no Brasil. No vídeo, o pastor alega de maneira equivocada que a distribuição em massa de ivermectina na África estaria relacionada aos números relativamente baixos de mortes pelo novo coronavírus no continente.
Malafaia questiona ainda a Coronavac afirmando que o Brasil será o primeiro a se vacinar com a “vacina em parceria com a China”, antes que a China o faça. Ainda não é possível fazer tal afirmação, pois a vacinação não teve início no Brasil. Na China, a Coronavac recebeu autorização para uso emergencial. A fase 3 de testes do imunizante está sendo realizada, além do Brasil, no Chile, na Indonésia e na Turquia.
Especialistas consultados pelo Comprova ressaltam que não há, até o momento, comprovação científica da eficácia do uso de ivermectina na prevenção ou tratamento da doença provocada pelo novo coronavírus. Eles alertam também que os dados epidemiológicos em alguns países africanos não são confiáveis, pois o sistema de vigilância não é bem estruturado.
Como verificamos?
Para elucidar as questões sobre a capacidade da ivermectina de prevenir ou tratar o novo coronavírus, entramos em contato com Alberto Chebabo, diretor médico do Hospital Universitário Clementino Fraga Filho, da Universidade Federal do Rio de Janeiro (UFRJ). A coordenadora de pesquisa clínica na UFRJ, Valéria Viana, esclareceu pontos relacionados à vacina Coronavac.
O Comprova buscou ainda informações para identificar o médico americano citado pelo pastor, que “quase chorou” em audiência no Senado americano enquanto falava da suposta eficácia do medicamento em protocolos profiláticos.
Já para checar os dados de casos e mortes por covid-19 nos países africanos citados pelo pastor, foi acessado o painel de monitoramento de casos e mortes de covid-19 da Universidade Johns Hopkins.
O Comprova fez esta verificação baseado em informações científicas e dados oficiais sobre o novo coronavírus e a covid-19 disponíveis no dia 21 de dezembro de 2020.
Verificação
Covid na África e a ivermectina
O pastor também cita o número relativamente baixo de mortes provocadas pela covid-19 em países africanos como Nigéria, Angola e Moçambique. Segundo Malafaia, o uso em massa da ivermectina para tratamento de verminoses seria a causa dessa baixa mortalidade.
De acordo com o painel de monitoramento de casos e mortes de covid-19 da Universidade Johns Hopkins, dos Estados Unidos, os dados apresentados pelo pastor no vídeo são compatíveis com aqueles relatados pelos países africanos.
Porém, especialistas afirmam que não é possível relacionar os números de covid-19 na África com o uso da Ivermectina. Além disso, eles chamam a atenção para a má qualidade das informações de vigilância em muitos países africanos.
“O que se usou muito na África para prevenção e tratamento de verminoses foi o mebendazol e não a ivermectina. E os dados que ele coloca não são confiáveis, a gente tem poucos dados confiáveis da África. A vigilância epidemiológica é muito ruim para todas as doenças. Não dá para relacionar o uso de qualquer droga com essa mortalidade descrita na África”, pontua o diretor médico do Hospital Universitário Clementino Fraga Filho da UFRJ, Alberto Chebabo.
Um artigo da BBC aponta ainda outras variáveis que podem ter influenciado o número de casos e mortes por coronavírus no continente. Especialistas citam as inúmeras experiências com pandemias em anos recentes, um contato menor com outros países e até características demográficas (uma população bem mais jovem que na Europa, por exemplo).
Em julho, o Comprova classificou como falso um vídeo segundo o qual a pandemia estaria controlada na África por conta da ivermectina. Em agosto, mostramos também ser falso outro vídeo que fazia a mesma alegação a respeito da Austrália.
Ivermectina não tem comprovação “in vivo”
Segundo Chebabo, não há recomendação para o uso de ivermectina na prevenção da covid-19 devido à ausência de estudos científicos publicados que deem embasamento para essa indicação. “Só temos dados in vitro de atividade da ivermectina na inibição do Sars-Cov-2 em culturas de células. A atividade in vitro não significa que a droga terá atividade in vivo”, explica o diretor que integra o Grupo de Trabalho Multidisciplinar para Enfrentamento da covid-19 da UFRJ.
Ainda segundo Chebabo, de cada 100 moléculas testadas com atividade in vitro, apenas uma chega na fase clínica com eficácia. O especialista destaca que não há pesquisa clínica que mostre a real eficácia da ivermectina. “Alguns [estudos] são observacionais ou com muita baixa qualidade e que não suportam a recomendação do uso da ivermectina tanto para prevenção quanto para tratamento”, completa o pesquisador. Portanto, não há evidência científica para a indicação do medicamento.
O médico lembra ainda que a cloroquina também passou por essa fase de recomendação por conta da atividade in vitro, mas os estudos clínicos controlados não demonstraram a eficácia da droga contra a covid-19, e a utilização não é recomendada por entidades como a Organização Mundial da Saúde e a Sociedade Brasileira de Infectologia. “Ninguém mais fala em usar cloroquina a não ser alguns grupos aqui no Brasil. A gente aguarda resultados de estudos randomizados que estão sendo realizados com a ivermectina para avaliar se ela realmente tem ou não eficácia para ser recomendada como indicação de tratamento para covid-19”, explica.
Contraindicação
Em relação ao fato de a ivermectina não ter contraindicações, como assegura o pastor, Chebabo afirma que qualquer droga as possui, apesar desse medicamento específico ser seguro, com poucos efeitos colaterais. Ele explica que, quando o remédio é ingerido sem indicação, o paciente não só deixa de se beneficiar, já que não há eficácia comprovada, como passa a ter somente as desvantagens de um possível efeito adverso.
Chebabo é enfático ao reiterar que não há nenhuma justificativa para se indicar a ivermectina. Em relação ao vídeo de Malafaia, ele chama a atenção para o fato de que o pastor recomendou o uso de um medicamento e que isso se configura em um exercício ilegal da medicina.
De acordo com o Conselho Federal de Medicina (CFM), as sanções e punições só são cabíveis para o profissional médico ou estabelecimentos de saúde. O conselho só tem alcance com a população médica. Por isso, nesse caso, o pastor não poderia ser responsabilizado. A apuração sobre suspeitas de ilegalidade deve ser feita pelo Ministério Público e pela polícia.
De qual médico americano ele fala no vídeo?
Malafaia afirma no vídeo que um médico, “representando 2 mil médicos e cientistas que estão na linha de frente de combate à covid […] diante da comissão do Senado americano quase chorou clamando ‘por que não dar ivermectina pro povo como preventivo?’”
Ele não cita nominalmente o especialista. Contudo, o Comprova apurou que o médico em questão é Pierre Kory, presidente da organização Frontline Covid-19 Critical Care Alliance (FCCCA). No último dia 8 de dezembro, ele foi ouvido na Comissão de Segurança Interna e Assuntos Governamentais do Senado americano – que realizou uma audiência sobre “Tratamento ambulatorial precoce: parte essencial de uma solução para a covid-19”.
No vídeo, Kory aponta que a Ivermectina é “milagrosa” na prevenção e no tratamento da doença e que há “montanhas” de dados e estudos que comprovam essa afirmação. Segundo o site da FCCCA, eles são uma organização formada por dez médicos que tem o objetivo de revisar trabalhos e estudos publicados sobre remédios já existentes no combate ao vírus e publicar protocolos. Há dois tipos disponíveis no site, um para pacientes hospitalizados e outro para profilaxia da doença. Esse último inclui a ivermectina, mas também recomenda uso de máscara e distanciamento social.
Brasil vai se vacinar com a Coronavac antes dos chineses?
O pastor começa o vídeo questionando o porquê de o Brasil ser o primeiro país a se vacinar com a Coronavac, imunizante desenvolvido em parceria com a China, antes que o país asiático tenha vacinado a própria população.
A vacinação no Brasil não teve início, no entanto. A Coronavac encontra-se, atualmente, na fase final de testes, que no Brasil é realizada em parceria com o Instituto Butantan, em São Paulo.
Na China, a Coronavac ainda não foi oficialmente registrada, mas é uma das diversas vacinas de companhias chinesas que receberam autorização do governo de Pequim para uso emergencial.
Malafaia aponta ainda que as nações “do primeiro mundo” não estão utilizando a vacina chinesa. De fato, além do Brasil, apenas países como Turquia, Indonésia e Chile fizeram compras de doses da vacina através de acordo com a Sinovac e realizam atualmente a fase 3 de testes com o imunizante.
Segundo informações até 17 de dezembro da Organização Mundial da Saúde (OMS), há atualmente 56 vacinas candidatas em ensaio clínico (sendo testadas em humanos). Entre elas, ao menos 13 foram desenvolvidas por companhias chinesas ou institutos de pesquisa da China. Uma, a Coronavac, tem acordo para distribuição no Brasil por ter sido feita em parceria com o Butantan.
Quem é Silas Malafaia?
Silas Malafaia, de 62 anos, é pastor e presidente da igreja Assembleia de Deus Vitória em Cristo (ADVEC) no Rio de Janeiro. Desde 2010, assumiu a liderança da igreja, que possui 35 mil membros, 118 templos no Brasil e três igrejas em Portugal, segundo informações no site da ADEVEC. É graduado em psicologia, autor de diversos livros e fundador da Associação Vitória em Cristo (AVEC), criada em 1982 com a finalidade de arrecadar fundos para o programa de TV Vitória em Cristo, lançado no mesmo ano. O programa é transmitido semanalmente pela Rede TV em rede nacional, e aos sábados em emissoras locais da Band, na Bahia e Espírito Santo.
A AVEC possui uma rede de doadores que contribuem regularmente com quantias a partir de R$ 30 para manutenção do programa e de projetos sociais. Para essa rede, é produzida uma revista exclusiva chamada Fiel, ou seja, mais um canal de comunicação direto com seu público. Suas outras atuações estratégicas no campo da comunicação incluem a gravadora Central Gospel Music, uma das principais do segmento no país, e a Central Gospel, que já foi considerada segunda maior editora gospel do Brasil, mas em 2019 entrou com pedido de recuperação judicial no valor de quase R$ 16 milhões. Nas mídias sociais, seus perfis reúnem mais de 3 milhões de seguidores.
Em março de 2020, logo no início da pandemia de covid-19, o coletivo Bereia publicou uma verificação sobre os posts e vídeos enganosos acerca do novo coronavírus postados pelo pastor. Em um dos posts, ele minimiza a gravidade da covid-19 comparando-a com a gripe H1N1 e ataca a ampla cobertura da imprensa sobre a doença. Sua postura em relação à pandemia está alinhada com a do presidente Jair Bolsonaro. Em suas postagens, é comum temas como acusações contra a China, a Organização Mundial da Saúde (OMS), a defesa do uso da hidroxicloroquina e da ivermectina e questionamentos sobre a vacinação contra a covid-19.
Em abril, o Facebook, o Instagram e o Youtube apagaram um vídeo publicado pelo pastor, no qual afirmava que a quarentena era “uma farsa”.
Por que investigamos?
Em sua terceira fase, o Comprova investiga conteúdos duvidosos relacionados às políticas públicas do governo federal e à pandemia do novo coronavírus. Conteúdos falsos prejudicam o trabalho dos pesquisadores e diminuem a confiança das pessoas nas autoridades. A postagem no Facebook, publicada em 14 de dezembro, tinha 711 mil visualizações até o dia 16 de dezembro. No mesmo dia, o pastor publicou um tuíte com conteúdo similar. Até o dia 21 de dezembro, tinha 57 mil compartilhamentos.
Enganoso, para o Comprova, é conteúdo retirado do contexto original e usado em outro de modo que seu significado sofra alterações; que usa dados imprecisos ou que induz a uma interpretação diferente da intenção de seu autor; conteúdo que confunde, com ou sem a intenção deliberada de causar dano.",pt-BR,factcenter_subset_saude.csv,42
https://www.aosfatos.org/noticias/posts-omitem-fatos-ao-dizer-que-carnaval-foi-mantido-em-2020-apesar-de-estado-de-emergencia/,aos fatos,2021-04-16,['distorcido'],1,distorcido,verdadeiro fora de contexto ou exagerado,False,verdadeiro fora de contexto ou exagerado,False,,Posts omitem fatos ao dizer que Carnaval foi mantido em 2020 apesar de estado de emergência,"Postagens que circulam nas redes sociais (veja aqui) omitem fatos ao sustentar que, no ano passado, governadores mantiveram o Carnaval apesar de o presidente Jair Bolsonaro ter decretado estado de emergência em razão do novo coronavírus. A portaria foi editada pelo Ministério da Saúde em fevereiro de 2020 para repatriar brasileiros em Wuhan, na China, que vivia um surto de Covid-19. Na época, não havia casos da doença no Brasil nem a medida do governo federal recomendava o cancelamento das festividades.
A peça de desinformação circulou inicialmente nas redes no começo de 2020, mas voltou a viralizar nas últimas semanas após declarações do presidente Jair Bolsonaro. Ao todo, as publicações já acumulam mais de 30 mil compartilhamentos no Facebook até a tarde desta sexta-feira (16), sendo 14 mil delas só nas últimas 24 horas. Todas foram marcadas com o selo DISTORCIDO na ferramenta de verificação da plataforma (veja como funciona).




É enganoso afirmar que, apesar de o presidente Bolsonaro ter decretado estado de emergência em razão do novo coronavírus em fevereiro do ano passado, governadores ignoraram a medida e mantiveram eventos de Carnaval. Postagens que fazem essa associação omitem e distorcem fatos, como o de que a portaria foi editada pelo governo federal para repatriar brasileiros na China, na época o epicentro da Covid-19. O documento não recomendava a suspensão ou cancelamento das festividades.
Também é omitido pelas postagens que não havia casos confirmados de Covid-19 no país quando a portaria nº 188 foi editada. Publicada no dia 3 de fevereiro de 2020, ela declarava estado de Emergência de Saúde Pública no país. No mesmo dia, o governo enviou ao Congresso projeto de lei que, aprovado em 6 de fevereiro, se tornou a lei nº 13.979/2020. Nenhum dos dois textos citava o cancelamentos de eventos com aglomerações.
Como ainda não havia sinais de que o vírus circulava no país, o Ministério da Saúde e infectologistas citados na imprensa nacional não reconheceram a necessidade de cancelar as festividades.
Em entrevista à Rádio Bandeirantes, Mandetta disse: “Preocupa? Preocupa sim o Carnaval. Nós temos centenas de navios que virão na nossa costa durante o Carnaval, temos voos internacionais. Não existe recomendação específica. A recomendação é lavar as mãos, fazer o máximo de higiene. Enfim, ter bom senso porque existe um vírus novo no mundo”.
O ministro justificou a necessidade da portaria apenas para viabilizar a repatriação e o envio para a quarentena dos brasileiros que estavam em Wuhan. Isso porque o estado de emergência facilita a contratação de despesas que não estavam previstas no Orçamento.
Embora a peça de desinformação destaque que “Bolsonaro decretou estado de emergência” vale ressaltar que o presidente não queria, inicialmente, implementar a medida ou repatriar os brasileiros que estavam na China.
No dia 28 de janeiro, ele chegou a dizer que a operação “não seria oportuna” porque “não vamos colocar em risco nós aqui por uma família apenas”. Três dias depois, Bolsonaro voltou a citar entraves da repatriação, como questões financeiras e a inexistência, na época, de uma lei de quarentena.
O e-Farsas também desmentiu essa peça de desinformação.
Referências:
1. Site do Governo Federal (Fontes 1 e 2)
2. Site do Senado
3. BBC Brasil
4. UOL
5. G1
6. Folha de S. Paulo
7. Agência Brasil
De acordo com nossos esforços para alcançar mais pessoas com informação verificada, Aos Fatos libera esta reportagem para livre republicação com atribuição de crédito e link para este site.",pt-BR,factcenter_subset_saude.csv,42
https://www.aosfatos.org/noticias/video-em-que-lula-diz-que-esta-livre-para-ajudar-libertar-o-brasil-nao-e-atual-mas-de-2019/,aos fatos,2021-03-09,['distorcido'],1,distorcido,verdadeiro fora de contexto ou exagerado,False,verdadeiro fora de contexto ou exagerado,False,,"Vídeo em que Lula diz que está 'livre para ajudar a libertar o Brasil' não é atual, mas de 2019","Não é recente um vídeo em que o ex-presidente Luiz Inácio Lula da Silva (PT) diz que está livre para ajudar a libertar o Brasil da “loucura que está acontecendo em nosso país” (veja aqui). A gravação é de 2019 e vem sendo compartilhada nas redes como se fosse uma reação do petista à decisão de segunda-feira (8) do ministro do STF (Supremo Tribunal Federal) Edson Fachin de anular as suas condenações.
Publicações com o conteúdo fora de contexto somavam ao menos 1.000 compartilhamentos no Facebook nesta terça-feira (9) e foram marcadas com o selo DISTORCIDO na ferramenta de verificação da plataforma (veja como funciona).


Um vídeo do ex-presidente Lula publicado em seu perfil oficial no Instagram em 8 de novembro de 2019 tem sido compartilhado como se tivesse sido gravado após a decisão do ministro Edson Fachin de segunda-feira (8) que anulou as condenações imputadas ao petista. Na verdade, a gravação foi feita no dia em que ele deixou a carceragem da Superintendência da Polícia Federal em Curitiba depois de 580 dias preso.
Na ocasião, Lula disse: ""quero agradecer do fundo do coração toda a solidariedade de vocês e dizer para vocês que tô livre para ajudar a libertar o Brasil dessa loucura que está acontecendo em nosso país"".
Condenado em duas instâncias no caso do tríplex no Guarujá, no âmbito da Operação Lava Jato, Lula cumpria pena em Curitiba quando o STF decidiu que apenas condenados em trânsito em julgado (quando não cabem mais recursos) poderiam ser presos.

Anulação. Na segunda-feira (8), o ministro Edson Fachin, do STF, anulou todas as condenações impostas pela Justiça Federal do Paraná ao ex-presidente Lula no âmbito da Operação Lava Jato. Com a decisão, Lula recuperou os direitos políticos e se tornou elegível.
Referências:
1. Instagram
2. G1 (Fontes 1 e 2)
* Colaboraram: Ana Rita Cunha e Luiz Fernando Menezes",pt-BR,factcenter_subset_saude.csv,42
